alphabet,"n. 字母
"
numbers,n. 数字（number的复数）；算术
name,"n. 名字, 名称, 姓名, 名义, 名誉, 文件名
vt. 命名, 称呼, 任命, 提名, 列举
a. 姓名的, 据以取名的
"
address,"n. 住址, 演说, 举止, 灵巧, 求爱
vt. 发表(演说或讲话), 对付, 写地址
"
telephone number,[电] 电话号码
phone number,电话号码
name,"n. 名字, 名称, 姓名, 名义, 名誉, 文件名
vt. 命名, 称呼, 任命, 提名, 列举
a. 姓名的, 据以取名的
"
first name,"名
"
last name,姓
address,"n. 住址, 演说, 举止, 灵巧, 求爱
vt. 发表(演说或讲话), 对付, 写地址
"
e-mail address,[网络] 电邮
telephone number,[电] 电话号码
phone number,电话号码
apartment number,无
fax number,n. 传真号码，传真机号
Hello.,"int. 喂；哈罗
n. 表示问候， 惊奇或唤起注意时的用语
n. (Hello)人名；(法)埃洛"
Hi.,[网络] 可移动磁盘
My name is ...,[网络] 我叫；我的名字是；我的名字叫
I'm ...,"na. 'im = him
"
Nice to meet you.,[网络] 很高兴见到你；很高兴认识你；见到你很高兴
Nice to meet you too.,无
pen,"n. 钢笔, 笔, 笔调, 笔杆子, 作家, 围栏, 栅栏, 禽畜
vt. 写, 关入栏中, 囚禁
vi. 动笔, 写作"
pencil,"n. 铅笔, 色笔, 眉笔, 画笔, 光线束
vt. 用铅笔写或涂, 草拟"
book,"n. 书, 书籍, 帐簿, 名册, 工作簿
v. 登记, 预订
"
desk,"n. 书桌, 办公桌, 工作台"
computer,"n. 电脑, 电子计算机
"
bank,"n. 银行, 堤, 岸
"
supermarket,"n. 超级市场
"
post office,"邮局
"
restaurant,"n. 餐馆, 饭店"
library,"n. 图书馆, 藏书, 库
"
living room,"客厅, 起居室"
dining room,饭厅
kitchen,"n. 厨房, 全套炊具
"
bedroom,n. 卧室
bathroom,"n. 浴室, 厕所"
pen,"n. 钢笔, 笔, 笔调, 笔杆子, 作家, 围栏, 栅栏, 禽畜
vt. 写, 关入栏中, 囚禁
vi. 动笔, 写作"
book,"n. 书, 书籍, 帐簿, 名册, 工作簿
v. 登记, 预订
"
pencil,"n. 铅笔, 色笔, 眉笔, 画笔, 光线束
vt. 用铅笔写或涂, 草拟"
notebook,"n. 笔记本, 手册, 期票簿"
bookshelf,n. 书架
globe,"n. 球, 球状物, 地球仪, 天体
v. (使)成球状"
map,"n. 地图, 天体图, 映像
vt. 映射, 绘制...地图, 计划
"
board,"n. 木板, 甲板, 膳食, 会议桌
vt. 乘船, 供膳食, 用板覆盖
vi. 搭伙
"
wall,"n. 墙, 墙壁, 垣, 内壁, 分界物, 屏障
a. 墙的
vt. 给...建墙, 禁闭, 用墙围住
"
clock,"n. 时钟, 计时器, (袜子上的)绣花边花
vt. 绣花样, 记时, 记录
vi. 记录时间
"
bulletin board,布告栏
computer,"n. 电脑, 电子计算机
"
table,"n. 桌子, 餐桌, 工作台, 铭文, 表格, 表, 高原, 平地层
vt. 搁置, 嵌合, 制表, 把...列入议事日程
"
chair,"n. 椅子, 显要的席位, 主席
vt. 使入座, 使就任要职"
ruler,"n. 统治者, 管理者, 尺, 直尺
n. 划线板
"
desk,"n. 书桌, 办公桌, 工作台"
dictionary,"n. 字典, 词典
"
living room,"客厅, 起居室"
dining room,饭厅
kitchen,"n. 厨房, 全套炊具
"
bedroom,n. 卧室
bathroom,"n. 浴室, 厕所"
attic,"n. 阁楼, 顶楼
"
yard,"n. 码, 庭院, 工场
"
garage,"n. 车库, 汽车修理厂, 机库
vt. 把车送入修车场"
basement,"n. 地下室, 墙脚
"
board,"n. 木板, 甲板, 膳食, 会议桌
vt. 乘船, 供膳食, 用板覆盖
vi. 搭伙
"
book,"n. 书, 书籍, 帐簿, 名册, 工作簿
v. 登记, 预订
"
bookshelf,n. 书架
bulletin board,布告栏
chair,"n. 椅子, 显要的席位, 主席
vt. 使入座, 使就任要职"
clock,"n. 时钟, 计时器, (袜子上的)绣花边花
vt. 绣花样, 记时, 记录
vi. 记录时间
"
computer,"n. 电脑, 电子计算机
"
desk,"n. 书桌, 办公桌, 工作台"
dictionary,"n. 字典, 词典
"
globe,"n. 球, 球状物, 地球仪, 天体
v. (使)成球状"
map,"n. 地图, 天体图, 映像
vt. 映射, 绘制...地图, 计划
"
notebook,"n. 笔记本, 手册, 期票簿"
pen,"n. 钢笔, 笔, 笔调, 笔杆子, 作家, 围栏, 栅栏, 禽畜
vt. 写, 关入栏中, 囚禁
vi. 动笔, 写作"
pencil,"n. 铅笔, 色笔, 眉笔, 画笔, 光线束
vt. 用铅笔写或涂, 草拟"
ruler,"n. 统治者, 管理者, 尺, 直尺
n. 划线板
"
table,"n. 桌子, 餐桌, 工作台, 铭文, 表格, 表, 高原, 平地层
vt. 搁置, 嵌合, 制表, 把...列入议事日程
"
wall,"n. 墙, 墙壁, 垣, 内壁, 分界物, 屏障
a. 墙的
vt. 给...建墙, 禁闭, 用墙围住
"
attic,"n. 阁楼, 顶楼
"
basement,"n. 地下室, 墙脚
"
bathroom,"n. 浴室, 厕所"
bedroom,n. 卧室
dining room,饭厅
garage,"n. 车库, 汽车修理厂, 机库
vt. 把车送入修车场"
kitchen,"n. 厨房, 全套炊具
"
living room,"客厅, 起居室"
yard,"n. 码, 庭院, 工场
"
bank,"n. 银行, 堤, 岸
"
hospital,"n. 医院
"
library,"n. 图书馆, 藏书, 库
"
movie theater,电影院
park,"n. 公园, 停车处
vt. 停车, 置于
vi. 停车"
post office,"邮局
"
restaurant,"n. 餐馆, 饭店"
supermarket,"n. 超级市场
"
zoo,n. 动物园
Hi. How are you?,无
Fine. And you?,无
"Fine, thanks.",无
eating,"n. 吃, 食物
a. 侵蚀的, 腐蚀性的"
drinking,"n. 喝, 喝酒"
cooking,"n. 烹饪
"
reading,"n. 阅读, 知识, 读物
a. 阅读的"
studying,v. 学习；研究（study的ing形式）
teaching,"n. 教学, 学说, 教导"
singing,"n. 歌唱, 歌声
"
sleeping,"n. 睡眠
a. 睡着的"
swimming,"n. 游泳, 眩晕"
planting,"n. 种植, 栽培, 播种, 人工林, 花圃, 苗圃"
watching TV, 看电视
listening to music,无
playing cards,"un. 打克牌
"
playing baseball,无
playing the piano,无
cooking dinner,[网络] 做饭；做晚餐；正在做饭
drinking milk,[网络] 喝牛奶比赛
drinking lemonade,无
eating breakfast,无
eating lunch,无
eating dinner,无
listening to music,无
listening to the radio,无
planting flowers,无
playing cards,"un. 打克牌
"
playing baseball,无
playing the guitar,无
playing the piano,无
reading a book,无
reading the newspaper,无
singing,"n. 歌唱, 歌声
"
sleeping,"n. 睡眠
a. 睡着的"
studying English,无
swimming,"n. 游泳, 眩晕"
teaching,"n. 教学, 学说, 教导"
watching TV, 看电视
In the kitchen?,无
brushing,
cleaning,"n. 清洁, 扫除, 家畜的胞衣, 扫除出来的垃圾, 大败, 输得精光, 除伐, 巨额利润
"
feeding,"n. 饲养, 进料, 加料
a. 供给饲料的, 摄取食物的"
fixing,"n. 固定, 稳固, 设备, 调料
"
painting,"n. 画, 绘画, 油漆
"
reading,"n. 阅读, 知识, 读物
a. 阅读的"
washing,"n. 洗涤, 浸, 洗涤物
"
brushing my teeth,无
cleaning his apartment,无
cleaning his garage,无
cleaning his living room,无
cleaning his room,无
cleaning his yard,无
doing her exercises,无
doing her homework,无
feeding our cat,无
feeding our dog,无
fixing your bicycle,无
fixing your car,无
fixing your sink,无
fixing your TV,无
painting their bathroom,无
painting their bedroom,无
painting their kitchen,无
painting their living room,无
washing my car,无
washing my clothes,无
washing my clothes,无
washing my hair,无
washing my windows,无
Hi!,[网络] 可移动磁盘
Jane?,n. 简（女子名）
tall,"a. 高的, 长的, 夸大的
adv. 夸大地"
short,"a. 短的, 近的, 矮的, 短期的, 简短的, 少量的
adv. 简短地, 突然
n. 扼要, 短片, 缺乏
vt. 故意少给, 使短路"
young,"a. 年轻的, 无经验的, 朝气蓬勃的
n. 青年们, 幼小动物, 崽"
old,"n. 以前, 往昔
a. 老的, 旧的, 古老的, 年长的, 老练的"
heavy,"a. 重的, 巨大的, 沉重的, 笨重的, 过度的
adv. 沉重地
n. 重物, 严肃角色"
fat,"n. 脂肪, 脂油, 肥肉
a. 肥的, 胖的, 油腻的
n. 文件分配表
"
thin,"a. 薄的, 细的, 瘦的, 稀疏的, 稀薄的, 淡的, 弱的, 空洞的
vt. 使变薄, 使变细, 使稀少, 使淡
vi. 变薄, 变细, 变少, 变淡
adv. 薄地, 稀疏地, 微弱地
n. 细小部分"
new,"a. 新的, 陌生的, 最近的, 不熟悉的
"
old,"n. 以前, 往昔
a. 老的, 旧的, 古老的, 年长的, 老练的"
married,"a. 已婚的, 婚姻的
"
single,"a. 单身的, 单程的, 单一的, 个别的, 孤独的, 专一的
n. 一个, 单打, 单程票
vt. 选出
vi. 击出一垒打
"
handsome,"a. 英俊的, 大方的, 慷慨的, 相当可观的, 美观的, 灵敏的"
ugly,"a. 丑陋的, 邪恶的, 险恶的, 不祥的
n. 丑陋的人(或物)"
beautiful,a. 美丽的
ugly,"a. 丑陋的, 邪恶的, 险恶的, 不祥的
n. 丑陋的人(或物)"
pretty,"a. 漂亮的, 优美的, 机灵的, 狡猾的, 恰当的
adv. 相当, 颇"
ugly,"a. 丑陋的, 邪恶的, 险恶的, 不祥的
n. 丑陋的人(或物)"
large,"a. 大的, 大量的, 宽大的, 广博的
adv. 大大地, 夸大地"
big,"a. 大的, 重要的
adv. 大量地"
small,"a. 小的, 少的, 小型的, 低微的, 小气的, 细微的
adv. 些微地
n. 狭小部分"
little,"n. 一点点, 少许, 一会儿, 短时间
a. 小的, 很少的, 幼小的, 琐碎的, 短暂的, 矮小的
adv. 很少, 稍微, 完全不"
noisy,"a. 嘈杂的, 喧闹的
"
loud,"a. 大声的, 不断的, 喧吵的
adv. 高声地, 大声地"
quiet,"n. 安静, 闲适, 平静
a. 安静的, 静止的, 寂静的, 朴素的, 从容的, 暗中的
vi. 平静下来
vt. 使平静, 使平息, 使安心, 安慰"
expensive,"a. 贵的, 奢华的, 费用浩大的, 乱化钱的
"
cheap,"a. 便宜的, 不值钱的, 可鄙的
adv. 便宜地"
easy,"a. 容易的, 缓缓的, 舒适的, 从容的, 宽容的, 流畅的, 随便的, 自在的, 疲软的
adv. 容易地, 慢慢地"
difficult,a. 困难的
rich,"a. 富裕的, 富饶的, 浓厚的, 贵重的"
poor,"a. 贫穷的, 贫乏的, 不幸的, 可怜的, 拙劣的, 卑鄙的
"
tall,"a. 高的, 长的, 夸大的
adv. 夸大地"
short,"a. 短的, 近的, 矮的, 短期的, 简短的, 少量的
adv. 简短地, 突然
n. 扼要, 短片, 缺乏
vt. 故意少给, 使短路"
young,"a. 年轻的, 无经验的, 朝气蓬勃的
n. 青年们, 幼小动物, 崽"
old,"n. 以前, 往昔
a. 老的, 旧的, 古老的, 年长的, 老练的"
new,"a. 新的, 陌生的, 最近的, 不熟悉的
"
old,"n. 以前, 往昔
a. 老的, 旧的, 古老的, 年长的, 老练的"
heavy,"a. 重的, 巨大的, 沉重的, 笨重的, 过度的
adv. 沉重地
n. 重物, 严肃角色"
fat,"n. 脂肪, 脂油, 肥肉
a. 肥的, 胖的, 油腻的
n. 文件分配表
"
thin,"a. 薄的, 细的, 瘦的, 稀疏的, 稀薄的, 淡的, 弱的, 空洞的
vt. 使变薄, 使变细, 使稀少, 使淡
vi. 变薄, 变细, 变少, 变淡
adv. 薄地, 稀疏地, 微弱地
n. 细小部分"
married,"a. 已婚的, 婚姻的
"
single,"a. 单身的, 单程的, 单一的, 个别的, 孤独的, 专一的
n. 一个, 单打, 单程票
vt. 选出
vi. 击出一垒打
"
handsome,"a. 英俊的, 大方的, 慷慨的, 相当可观的, 美观的, 灵敏的"
ugly,"a. 丑陋的, 邪恶的, 险恶的, 不祥的
n. 丑陋的人(或物)"
beautiful,a. 美丽的
pretty,"a. 漂亮的, 优美的, 机灵的, 狡猾的, 恰当的
adv. 相当, 颇"
ugly,"a. 丑陋的, 邪恶的, 险恶的, 不祥的
n. 丑陋的人(或物)"
large,"a. 大的, 大量的, 宽大的, 广博的
adv. 大大地, 夸大地"
small,"a. 小的, 少的, 小型的, 低微的, 小气的, 细微的
adv. 些微地
n. 狭小部分"
big,"a. 大的, 重要的
adv. 大量地"
little,"n. 一点点, 少许, 一会儿, 短时间
a. 小的, 很少的, 幼小的, 琐碎的, 短暂的, 矮小的
adv. 很少, 稍微, 完全不"
noisy,"a. 嘈杂的, 喧闹的
"
loud,"a. 大声的, 不断的, 喧吵的
adv. 高声地, 大声地"
quiet,"n. 安静, 闲适, 平静
a. 安静的, 静止的, 寂静的, 朴素的, 从容的, 暗中的
vi. 平静下来
vt. 使平静, 使平息, 使安心, 安慰"
expensive,"a. 贵的, 奢华的, 费用浩大的, 乱化钱的
"
cheap,"a. 便宜的, 不值钱的, 可鄙的
adv. 便宜地"
easy,"a. 容易的, 缓缓的, 舒适的, 从容的, 宽容的, 流畅的, 随便的, 自在的, 疲软的
adv. 容易地, 慢慢地"
difficult,a. 困难的
rich,"a. 富裕的, 富饶的, 浓厚的, 贵重的"
poor,"a. 贫穷的, 贫乏的, 不幸的, 可怜的, 拙劣的, 卑鄙的
"
It's sunny.,无
It's cloudy.,无
It's raining.,[网络] 下雨了；正在下雨；呼风唤雨
It's snowing.,[网络] 下雪了；飞雪花了；这些是山
It's hot.,无
It's warm.,无
It's cool.,无
It's cold.,无
wife,"n. 妻子, 太太, 夫人
"
husband,"n. 丈夫, 管理人, 节俭的人
vt. 节俭, 使成丈夫, 持有"
parents,n. 父母；双亲（parent的复数）
mother,"n. 母亲, 修女院长
vt. 产生, 照看, 收养"
father,"n. 父亲, 祖先, 长辈, 神父, 创始者
vt. 当...的父亲, 保护, 创作, 发明, 培养"
children,"pl. 孩子, 孩子们"
daughter,"n. 女儿
a. 女儿的"
son,"n. 儿子, 女婿, 子孙
"
sister,"n. 姐妹, 姐, 妹, 护士, 修女
vt. 姐妹般对待"
brother,n. 兄弟
grandparents,n. 外祖父母；祖父母（grandparent的复数）
grandmother,"n. 祖母, 女祖先"
grandfather,"n. 祖父, 始祖
"
grandchildren,"n. 孙子, 孙辈"
granddaughter,"n. 孙女, 外孙女"
grandson,"n. 孙子, 外孙"
aunt,"n. 阿姨, 姨妈, 舅妈, 姑妈, 伯母"
uncle,"n. 叔父, 伯父, 姨丈"
niece,"n. 侄女, 甥女"
nephew,"n. 侄子, 外甥"
cousin,"n. 堂兄弟姊妹, 表兄弟姊妹
"
mother,"n. 母亲, 修女院长
vt. 产生, 照看, 收养"
father,"n. 父亲, 祖先, 长辈, 神父, 创始者
vt. 当...的父亲, 保护, 创作, 发明, 培养"
parents,n. 父母；双亲（parent的复数）
son,"n. 儿子, 女婿, 子孙
"
daughter,"n. 女儿
a. 女儿的"
children,"pl. 孩子, 孩子们"
brother,n. 兄弟
grandmother,"n. 祖母, 女祖先"
grandfather,"n. 祖父, 始祖
"
grandparents,n. 外祖父母；祖父母（grandparent的复数）
grandson,"n. 孙子, 外孙"
granddaughter,"n. 孙女, 外孙女"
grandchildren,"n. 孙子, 孙辈"
sister,"n. 姐妹, 姐, 妹, 护士, 修女
vt. 姐妹般对待"
wife,"n. 妻子, 太太, 夫人
"
husband,"n. 丈夫, 管理人, 节俭的人
vt. 节俭, 使成丈夫, 持有"
aunt,"n. 阿姨, 姨妈, 舅妈, 姑妈, 伯母"
uncle,"n. 叔父, 伯父, 姨丈"
niece,"n. 侄女, 甥女"
nephew,"n. 侄子, 外甥"
cousin,"n. 堂兄弟姊妹, 表兄弟姊妹
"
acting,"n. 演戏, 装腔作势
a. 代理的, 演出用的, 起作用的"
baking,"n. 烘焙, 一次烘焙的量
"
crying,"a. 叫喊的, 嚎哭的, 迫切的, 臭名昭著的"
dancing,"n. 舞蹈
"
having dinner,无
laughing,"a. 一笑置之的, 高兴的
n. 笑"
riding,"n. 骑, 乘车, 乘, 骑术, 骑马"
skateboarding,n. 滑板运动
talking,"a. 说话的, 多嘴的, 富有表情的
n. 讲话, 谈论"
vacuuming,n. 真空处理；资料移除
I'd like to introduce ...,无
Nice to meet you.,[网络] 很高兴见到你；很高兴认识你；见到你很高兴
"Nice to meet you, too.",无
bakery,n. 面包店
barber shop,理发店
book store,"na. 〈美〉书店
"
bus station,n. 公交车站
cafeteria,"n. 自助餐厅
"
clinic,"n. 诊所, 临床教学
"
department store,"百货公司
"
drug store,"药房,杂货店"
hair salon,美发廊
health club, [医]保健俱乐部
hotel,"n. 旅馆, 客栈"
laundromat,"n. 自助洗衣店, 自动洗衣店"
school,"n. 学校, 鱼群, 门派, 学派
vt. 教育, 训练, 培养
vi. 成群地游"
train station,n. 火车站
video store,音像商店
airport,"n. 飞机场
"
bakery,n. 面包店
bank,"n. 银行, 堤, 岸
"
barber shop,理发店
book store,"na. 〈美〉书店
"
bus station,n. 公交车站
cafeteria,"n. 自助餐厅
"
church,"n. 教堂, 礼拜, 教会
vt. 使人接受宗教仪式
a. 教堂的"
clinic,"n. 诊所, 临床教学
"
clothing store, 服装商店
department store,"百货公司
"
drug store,"药房,杂货店"
fire station,[法] 消防站
gas station,加油站
hair salon,美发廊
health club, [医]保健俱乐部
hospital,"n. 医院
"
hotel,"n. 旅馆, 客栈"
laundromat,"n. 自助洗衣店, 自动洗衣店"
library,"n. 图书馆, 藏书, 库
"
movie theater,电影院
park,"n. 公园, 停车处
vt. 停车, 置于
vi. 停车"
police station,"警察分局
"
post office,"邮局
"
restaurant,"n. 餐馆, 饭店"
school,"n. 学校, 鱼群, 门派, 学派
vt. 教育, 训练, 培养
vi. 成群地游"
shopping mall,n. 大型购物中心
supermarket,"n. 超级市场
"
train station,n. 火车站
video store,音像商店
zoo,n. 动物园
air conditioner,[化] 空调器; 空气调节器
apartment building, <美>公寓大楼
building,"n. 建筑物, 建筑
"
bus stop,公共汽车站
closet,"n. 壁橱, 小室
a. 秘密的, 空谈的
vt. 把...关入小室"
elevator,"n. 电梯, 升降机
"
fire escape,太平门
floor,"n. 地板, 楼层, 底部, 底价
vt. 铺地板, 打倒
n. 地面, 地板, 基底
"
jacuzzi,n. 极可意水流按摩浴缸
mailbox,"n. 邮筒, 邮箱
"
refrigerator,"n. 电冰箱, 冷藏库
"
stove,"n. 火炉, 窑
vt. 用火炉烤
stave的过去式和过去分词"
superintendent,"n. 监督人, 主管人, 主日学校校长
"
washing machine,"洗衣机
"
shirt,"n. 衬衫, 内衣, 汗衫"
coat,"n. 外套
vt. 外面覆盖, 给...穿外套"
dress,"n. 服装, 覆盖物
vi. 穿着
vt. 给...穿衣, 整理"
skirt,"n. 裙子, 下摆, 边缘, 郊区
vt. 位于...边缘, 绕过, 回避
vi. 位于边缘"
blouse,n. 宽松的上衣
jacket,"n. 夹克, 外套, 护套
vt. 给...穿夹克, 给...装护套"
suit,"n. 套装, 诉讼, 请求, 起诉, 套, 组
vt. 适合, 使适应
vi. 合适, 相称"
tie,"n. 带子, 线, 鞋带, 领带, 领结, 关系, 束缚, 平局, 不分胜负
vt. 系, 打结, 扎, 约束, 与...成平局
vi. 结合, 打结, 不分胜负"
belt,"n. 带子, 地带
"
sweater,"n. 毛衣, 毛线衫, 运动衫, 出汗者
"
pants,"n. 裤子, 长裤, 短衬裤, 女式运动短裤"
jeans,"n. 工装裤, 牛仔裤"
pajamas,"n. 睡衣, 宽松裤, 喇叭裤"
shoes,n. 鞋子（shoe的复数）
socks,"短袜, 袜子, 鞋内的衬垫, 轻软鞋, 巨款, 存款, 存钱处, 银箱, 拳打, 一击, 重击"
shirt,"n. 衬衫, 内衣, 汗衫"
tie,"n. 带子, 线, 鞋带, 领带, 领结, 关系, 束缚, 平局, 不分胜负
vt. 系, 打结, 扎, 约束, 与...成平局
vi. 结合, 打结, 不分胜负"
jacket,"n. 夹克, 外套, 护套
vt. 给...穿夹克, 给...装护套"
belt,"n. 带子, 地带
"
pants,"n. 裤子, 长裤, 短衬裤, 女式运动短裤"
sock,"n. 短袜, 鞋垫, 一击
vt. 重击, 猛投, 给...穿袜
vi. 打击
adv. 正着地, 不偏不倚地
a. 非常成功的"
shoe,"n. 鞋, 靴, 外胎
vt. 给...穿鞋, 为马钉蹄铁"
earring,"n. 耳环, 耳饰"
necklace,n. 项链
blouse,n. 宽松的上衣
bracelet,"n. 手镯
"
skirt,"n. 裙子, 下摆, 边缘, 郊区
vt. 位于...边缘, 绕过, 回避
vi. 位于边缘"
briefcase,n. 公事包
stocking,"n. 长袜
"
hat,"n. 帽子
vt. 给...戴帽子"
coat,"n. 外套
vt. 外面覆盖, 给...穿外套"
glove,"n. 手套
vt. 给...戴手套"
purse,"n. 钱包, 小钱袋, 金钱, 募捐款, 囊状物
v. 缩拢, 皱起"
pocketbook,"n. 笔记本, 钱袋, 皮夹, 经济来源"
dress,"n. 服装, 覆盖物
vi. 穿着
vt. 给...穿衣, 整理"
glasses,n. 眼镜；双筒望远镜；玻璃（glass的复数形式）
suit,"n. 套装, 诉讼, 请求, 起诉, 套, 组
vt. 适合, 使适应
vi. 合适, 相称"
watch,"n. 观察, 手表, 看守, 守护, 监视, 值班人
vt. 看, 注视, 照顾, 看守, 守护, 监视
vi. 观看, 注视, 守侯"
umbrella,"n. 伞, 雨伞, 保护伞
a. 伞的, 包罗万象的
vt. 用伞遮掩"
sweater,"n. 毛衣, 毛线衫, 运动衫, 出汗者
"
mitten,"n. 连指手套, 拳击手套"
jeans,"n. 工装裤, 牛仔裤"
boot,"n. 长靴, 踢, 解雇, 效用
vt. 使穿靴, 踢, 解雇, 有用
"
belt,"n. 带子, 地带
"
blouse,n. 宽松的上衣
boots,n. （英）擦靴的仆役；靴子（boot的复数）
bracelet,"n. 手镯
"
briefcase,n. 公事包
coat,"n. 外套
vt. 外面覆盖, 给...穿外套"
dress,"n. 服装, 覆盖物
vi. 穿着
vt. 给...穿衣, 整理"
earring,"n. 耳环, 耳饰"
glasses,n. 眼镜；双筒望远镜；玻璃（glass的复数形式）
glove,"n. 手套
vt. 给...戴手套"
hat,"n. 帽子
vt. 给...戴帽子"
jacket,"n. 夹克, 外套, 护套
vt. 给...穿夹克, 给...装护套"
jeans,"n. 工装裤, 牛仔裤"
mittens,"n. 连指手套, 露指手套( mitten的复数形式 )"
necklace,n. 项链
pajamas,"n. 睡衣, 宽松裤, 喇叭裤"
pants,"n. 裤子, 长裤, 短衬裤, 女式运动短裤"
pocketbook,"n. 笔记本, 钱袋, 皮夹, 经济来源"
purse,"n. 钱包, 小钱袋, 金钱, 募捐款, 囊状物
v. 缩拢, 皱起"
raincoat,n. 雨衣
shirt,"n. 衬衫, 内衣, 汗衫"
shoe,"n. 鞋, 靴, 外胎
vt. 给...穿鞋, 为马钉蹄铁"
skirt,"n. 裙子, 下摆, 边缘, 郊区
vt. 位于...边缘, 绕过, 回避
vi. 位于边缘"
sock,"n. 短袜, 鞋垫, 一击
vt. 重击, 猛投, 给...穿袜
vi. 打击
adv. 正着地, 不偏不倚地
a. 非常成功的"
sports jacket,n. 粗呢夹克
stocking,"n. 长袜
"
suit,"n. 套装, 诉讼, 请求, 起诉, 套, 组
vt. 适合, 使适应
vi. 合适, 相称"
sunglasses,"n. 太阳镜, 墨镜, 太阳眼镜"
sweater,"n. 毛衣, 毛线衫, 运动衫, 出汗者
"
tie,"n. 带子, 线, 鞋带, 领带, 领结, 关系, 束缚, 平局, 不分胜负
vt. 系, 打结, 扎, 约束, 与...成平局
vi. 结合, 打结, 不分胜负"
umbrella,"n. 伞, 雨伞, 保护伞
a. 伞的, 包罗万象的
vt. 用伞遮掩"
watch,"n. 观察, 手表, 看守, 守护, 监视, 值班人
vt. 看, 注视, 照顾, 看守, 守护, 监视
vi. 观看, 注视, 守侯"
black,"n. 黑色, 黑颜料
a. 黑色的"
blue,"n. 蓝色
a. 蓝色的, 下流的, 忧郁的
vt. 染成蓝色
vi. 变蓝"
brown,"n. 褐色
a. 褐色的
v. (使)变褐色"
gold,"n. 黄金, 钱财, 金块, 金色, 宝贵
a. 金的, 似金的, 金色的, 金制的"
gray,"n. 灰色, 暗淡
a. 灰色的, 灰白的, 面色苍白的, 年老的, 老练的, 阴沉的
v. (使)变灰色"
green,"n. 绿色, 绿色颜料
a. 绿色的, 未成熟的, 新鲜的, 青春的, 无经验的, 脸色发青的"
orange,"n. 柑橘, 桔子, 橘色
a. 橘色的"
pink,"n. 粉红色, 石竹花, 化身, 典范, 头面人物, 极度
a. 粉红的, 石竹科的, 比较激进的, 脸色发红的, 精致的, 有点下流的
vt. 刺, 扎, 刺痛, 射伤, 使面红耳赤, 使变粉红色
vi. 变粉红色"
purple,"n. 紫色, 帝位
a. 紫色的, 帝王的, 华而不实的
v. (使)成紫色"
red,"a. 红的, 红色的, 红肿的, 流血的
n. 红色, 红颜料, 赤字
"
silver,"n. 银, 银币, 银器
a. 银的, 银制的, 银器的
vt. 镀银
vi. 变银白色"
white,"n. 白色, 洁白, 眼白, 白种人, 蛋白
a. 白色的, 纯洁的, 白种的, 苍白的, 空白的, 幸运的"
yellow,"n. 黄色
a. 黄色的"
call,"n. 呼叫, 访问, 打电话, 号召, 召集, 要求
vt. 呼叫, 召集, 打电话
vi. 叫喊, 访问, 叫牌
"
cook,"n. 厨子, 厨师
vt. 烹调, 煮饭, 加热
vi. 在煮着"
drive,"n. 驾车, 快车道, 推进力, 驱动, 动力, 击球, 驱动器
vt. 开车, 驱使, 推动, 驾驶
vi. 开车, 猛击, 飞跑
"
eat,"v. 吃, 腐蚀"
listen to music, 听音乐
paint,"n. 油漆, 颜料, 绘画作品, 涂漆
vt. 油漆, 绘, 画, 描绘, 装饰, 点缀
vi. 绘画, 涂漆"
play,"n. 游戏, 游玩, 玩笑, 运动, 比赛, 赌博, 跳动, 表演, 剧本
v. 玩, 游戏, 假装, 开玩笑, 比赛, 扮演, 演奏, 演戏, 传摇曳, (使)跳动
"
read,"v. 读, 阅读, 理解
a. 有学问的
n. 读取, 阅读
"
sell,"vt. 卖, 背叛, 销售, 出卖
vi. 卖, 销售
n. 卖, 推销术, 失望"
shop,"n. 商店, 工厂, 车间
vi. 购物, 到处寻找
vt. 选购"
sing,"vi. 唱, 唱歌, 演唱, 鸣, 啼
vt. 唱, 歌颂
n. 嗖嗖声"
speak,"vi. 说, 说话, 演说, 发言
vt. 说, 讲, 说出"
visit,"n. 拜访, 访问, 游览, 视察
vt. 拜访, 访问, 参观, 视察, 降临
vi. 访问, 参观, 闲谈"
watch TV, 看电视
work,"n. 工作, 劳动, 职业, 行为, 功, 作品, 成果, 产品, 工程
vi. 工作, 劳动, 做, 运转, 起作用, 被加工
vt. 使工作, 使转动, 开动, 使用, 经营, 使逐渐变得, 造成"
call,"n. 呼叫, 访问, 打电话, 号召, 召集, 要求
vt. 呼叫, 召集, 打电话
vi. 叫喊, 访问, 叫牌
"
cook,"n. 厨子, 厨师
vt. 烹调, 煮饭, 加热
vi. 在煮着"
drive,"n. 驾车, 快车道, 推进力, 驱动, 动力, 击球, 驱动器
vt. 开车, 驱使, 推动, 驾驶
vi. 开车, 猛击, 飞跑
"
eat,"v. 吃, 腐蚀"
listen,"vi. 听, 倾听, 听从
n. 听, 倾听"
paint,"n. 油漆, 颜料, 绘画作品, 涂漆
vt. 油漆, 绘, 画, 描绘, 装饰, 点缀
vi. 绘画, 涂漆"
play,"n. 游戏, 游玩, 玩笑, 运动, 比赛, 赌博, 跳动, 表演, 剧本
v. 玩, 游戏, 假装, 开玩笑, 比赛, 扮演, 演奏, 演戏, 传摇曳, (使)跳动
"
read,"v. 读, 阅读, 理解
a. 有学问的
n. 读取, 阅读
"
sell,"vt. 卖, 背叛, 销售, 出卖
vi. 卖, 销售
n. 卖, 推销术, 失望"
shop,"n. 商店, 工厂, 车间
vi. 购物, 到处寻找
vt. 选购"
sing,"vi. 唱, 唱歌, 演唱, 鸣, 啼
vt. 唱, 歌颂
n. 嗖嗖声"
speak,"vi. 说, 说话, 演说, 发言
vt. 说, 讲, 说出"
visit,"n. 拜访, 访问, 游览, 视察
vt. 拜访, 访问, 参观, 视察, 降临
vi. 访问, 参观, 闲谈"
watch TV, 看电视
work,"n. 工作, 劳动, 职业, 行为, 功, 作品, 成果, 产品, 工程
vi. 工作, 劳动, 做, 运转, 起作用, 被加工
vt. 使工作, 使转动, 开动, 使用, 经营, 使逐渐变得, 造成"
Brazilian,"n. 巴西人
a. 巴西的, 巴西人的"
Canadian,a. 加拿大的
Chinese,"n. 中文, 中国话, 中国人
a. 中国的, 中国话的"
Egyptian,"n. 埃及人
a. 埃及的, 埃及人的"
French,"n. 法国人, 法文, 法式
a. 法国的, 法国人的, 法语的"
German,"n. 德国人, 德语
a. 德国的, 德国人的, 德国语的, 同父母的"
Greek,"n. 希腊人, 希腊语
a. 希腊的, 希腊人的
"
Italian,"n. 意大利人, 意大利语
a. 意大利的, 意大利语的"
Japanese,"n. 日本人, 日语
a. 日本的, 日语的"
Korean,"n. 朝鲜人, 朝鲜语
a. 朝鲜人的, 朝鲜语的"
Mexican,"n. 墨西哥人, 墨西哥语
a. 墨西哥的"
Polish,"a. 波兰的
n. 波兰人, 上光剂, 光泽, 优雅
vt. 擦亮, 擦去, 使完美
vi. 擦亮, 变得光亮"
Puerto Rican,n. 波多黎各人
Russian,"adj. 俄国的；俄语的
n. 俄语；俄国人"
Spanish,"n. 西班牙人, 西班牙语
a. 西班牙的"
Portuguese,"n. 葡萄牙人, 葡萄牙语
a. 葡萄牙的, 葡萄牙人的, 葡萄牙语的"
English,[网络] 英语
French,"n. 法国人, 法文, 法式
a. 法国的, 法国人的, 法语的"
Chinese,"n. 中文, 中国话, 中国人
a. 中国的, 中国话的"
Arabic,"n. 阿拉伯语
a. 阿拉伯语的, 阿拉伯人的, 阿拉伯式的"
French,"n. 法国人, 法文, 法式
a. 法国的, 法国人的, 法语的"
German,"n. 德国人, 德语
a. 德国的, 德国人的, 德国语的, 同父母的"
Greek,"n. 希腊人, 希腊语
a. 希腊的, 希腊人的
"
Italian,"n. 意大利人, 意大利语
a. 意大利的, 意大利语的"
Japanese,"n. 日本人, 日语
a. 日本的, 日语的"
Korean,"n. 朝鲜人, 朝鲜语
a. 朝鲜人的, 朝鲜语的"
Spanish,"n. 西班牙人, 西班牙语
a. 西班牙的"
Polish,"a. 波兰的
n. 波兰人, 上光剂, 光泽, 优雅
vt. 擦亮, 擦去, 使完美
vi. 擦亮, 变得光亮"
Spanish,"n. 西班牙人, 西班牙语
a. 西班牙的"
Russian,"adj. 俄国的；俄语的
n. 俄语；俄国人"
Spanish,"n. 西班牙人, 西班牙语
a. 西班牙的"
Sunday,太阳日(太阳能动力鼓吹者选定的每年5月的一天，宣传大力研究和利用太阳能)
Monday,n. 星期一
Tuesday,n. 星期二
Wednesday,n. 星期三
Thursday,n. 星期四
Friday,n. 星期五
Saturday,n. 星期六
baby-sit,"vi. 担任临时保姆, 照顾婴儿"
clean,"a. 干净的, 清白的, 简洁的
adv. 清洁地, 完全地
vt. 清理, 使干净, 出空
vi. 被搞干净
n. 打扫"
do yoga,无
go dancing,[网络] 去跳舞；去跳舞吧
jog,"n. 轻推, 轻撞, 慢跑
v. 轻推, (使)蹒跚行进, (使)慢跑"
play volleyball,[网络] 打排球；玩排球；排球比赛
ride,"n. 骑马, 乘坐, 乘车, 搭便车
vt. 骑, 乘坐, 压迫, 控制
vi. 骑马, 乘车, 漂游"
see a movie,看电影
see a play,[网络] 看戏；看演出；看戏剧演出
Sunday,太阳日(太阳能动力鼓吹者选定的每年5月的一天，宣传大力研究和利用太阳能)
Monday,n. 星期一
Tuesday,n. 星期二
Wednesday,n. 星期三
Thursday,n. 星期四
Friday,n. 星期五
Saturday,n. 星期六
American,"n. 美国人
a. 美国的, 美洲的"
Chinese,"n. 中文, 中国话, 中国人
a. 中国的, 中国话的"
Greek,"n. 希腊人, 希腊语
a. 希腊的, 希腊人的
"
Italian,"n. 意大利人, 意大利语
a. 意大利的, 意大利语的"
Japanese,"n. 日本人, 日语
a. 日本的, 日语的"
Mexican,"n. 墨西哥人, 墨西哥语
a. 墨西哥的"
Puerto Rican,n. 波多黎各人
English,[网络] 英语
Chinese,"n. 中文, 中国话, 中国人
a. 中国的, 中国话的"
Greek,"n. 希腊人, 希腊语
a. 希腊的, 希腊人的
"
Italian,"n. 意大利人, 意大利语
a. 意大利的, 意大利语的"
Japanese,"n. 日本人, 日语
a. 日本的, 日语的"
Spanish,"n. 西班牙人, 西班牙语
a. 西班牙的"
Spanish,"n. 西班牙人, 西班牙语
a. 西班牙的"
active,"a. 活跃的, 起作用的, 积极的, 有效的, 主动的, 活性的, 现行的, 现役的
n. 主动语态, 积极分子"
athletic,a. 运动的
busy,"a. 忙碌的, 热闹的, 没空的
vt. 使忙
vi. 忙碌
"
outgoing,"n. 外出, 开支, 流出
a. 喜欢外出的, 即将离职的, 乐于助人的"
popular,"a. 通俗的, 流行的, 受欢迎的, 大众的, 人民的, 普及的
"
shy,"n. 惊跳, 惊避
a. 胆怯的, 畏缩的, 迟疑的, 羞怯的
vi. 惊退, 乱投, 乱掷, 厌恶, 避开
vt. 乱投, 乱掷"
baby-sit,"vi. 担任临时保姆, 照顾婴儿"
clean,"a. 干净的, 清白的, 简洁的
adv. 清洁地, 完全地
vt. 清理, 使干净, 出空
vi. 被搞干净
n. 打扫"
do yoga,无
go dancing,[网络] 去跳舞；去跳舞吧
jog,"n. 轻推, 轻撞, 慢跑
v. 轻推, (使)蹒跚行进, (使)慢跑"
play volleyball,[网络] 打排球；玩排球；排球比赛
ride a bicycle,"na. 骑自行车
"
see a movie,看电影
see a play,[网络] 看戏；看演出；看戏剧演出
year,"n. 年, 年度, 年龄
"
month,"n. 月
"
week,"n. 星期, 周"
day,"n. 天, 日子, 白天, 工作日
"
weekend,"n. 周末, 周末休假"
morning,"n. 早晨, 早上, 初期"
afternoon,"n. 午后, 下午"
evening,"n. 傍晚, 晚间, 末期"
night,"n. 夜, 夜晚, 晚上, 黑暗, 夜晚的工作
"
day,"n. 天, 日子, 白天, 工作日
"
week,"n. 星期, 周"
month,"n. 月
"
year,"n. 年, 年度, 年龄
"
weekend,"n. 周末, 周末休假"
morning,"n. 早晨, 早上, 初期"
afternoon,"n. 午后, 下午"
evening,"n. 傍晚, 晚间, 末期"
night,"n. 夜, 夜晚, 晚上, 黑暗, 夜晚的工作
"
long hair,"n. 知识分子；同“hippie”
"
short hair, 短头发
straight hair,n. 直发
curly hair, [医]卷发，翘翅发
blond hair,n. 金发
brown hair, [医]棕发
black hair,n. 黑毛发，头发
brown eyes,[网络] 棕色眼眸；一年后；褐色眼眸
blue eyes, [电影]复仇之路
happy,"a. 快乐的, 幸福的, 愉快的, 恰当的"
sad,"a. 忧愁的, 悲哀的"
hungry,"a. 饥饿的, 荒年的, 渴望的, 不毛的
"
thirsty,"a. 口渴的, 渴望的, 干燥的"
hot,"a. 热的, 热心的, 辣的, 热情的, 激动的, 猛烈的, 紧迫的
adv. 热, 紧迫地"
cold,"n. 感冒, 寒冷
a. 寒冷的, 冷淡的, 冷静的
adv. 完全地"
tired,"a. 疲累的, 疲乏的, 厌倦的"
sick,"n. 病人
a. 不舒服, 有病的, 恶心的, 厌恶的, 渴望的, 病态的
vt. 呕吐, 追击, 使(狗)去攻击"
angry,"a. 生气的, 愤怒的"
nervous,"a. 神经紧张的, 不安的, 神经的
"
scared,"a. 害怕的, 担惊受怕的, 惊慌的, 吓坏了的"
embarrassed,a. 尴尬的；窘迫的
angry,"a. 生气的, 愤怒的"
cold,"n. 感冒, 寒冷
a. 寒冷的, 冷淡的, 冷静的
adv. 完全地"
embarrassed,a. 尴尬的；窘迫的
happy,"a. 快乐的, 幸福的, 愉快的, 恰当的"
hot,"a. 热的, 热心的, 辣的, 热情的, 激动的, 猛烈的, 紧迫的
adv. 热, 紧迫地"
hungry,"a. 饥饿的, 荒年的, 渴望的, 不毛的
"
nervous,"a. 神经紧张的, 不安的, 神经的
"
sad,"a. 忧愁的, 悲哀的"
scared,"a. 害怕的, 担惊受怕的, 惊慌的, 吓坏了的"
sick,"n. 病人
a. 不舒服, 有病的, 恶心的, 厌恶的, 渴望的, 病态的
vt. 呕吐, 追击, 使(狗)去攻击"
thirsty,"a. 口渴的, 渴望的, 干燥的"
tired,"a. 疲累的, 疲乏的, 厌倦的"
bite my nails,[网络] 咬我的指甲；我咬指甲；指甲的刺痛
blush,"vi. 脸红, 羞愧
vt. 弄成红色
n. 脸红"
cover my eyes,无
cry,"n. 叫声, 哭声, 大叫
vi. 哭, 叫, 喊
vt. 叫喊, 大声说, 哭出"
perspire,"v. 出汗, 流汗, 分泌, 渗出"
shiver,"vi. 颤抖, 哆嗦, 被打碎
vt. 使迎风飘动, 粉碎
n. 战栗, 碎块"
shout,"n. 呼喊, 喊声
vi. 呼喊, 喊叫, 嚷
vt. 高喊"
smile,"n. 微笑, 喜色, 笑容
vi. 微笑, 觉得好笑
vt. 微笑着表示"
walk back and forth,无
yawn,"n. 哈欠
vi. 打哈欠, 裂开
vt. 打着哈欠说"
clean,"a. 干净的, 清白的, 简洁的
adv. 清洁地, 完全地
vt. 清理, 使干净, 出空
vi. 被搞干净
n. 打扫"
deliver,"vt. 递送, 陈述, 释放, 发表, 引渡, 投递, 交付
"
drive,"n. 驾车, 快车道, 推进力, 驱动, 动力, 击球, 驱动器
vt. 开车, 驱使, 推动, 驾驶
vi. 开车, 猛击, 飞跑
"
ride a bicycle,"na. 骑自行车
"
sleep,"n. 睡眠, 静止, 昏迷, 麻木, 长眠, 冬眠
vi. 睡觉, 睡眠, 静止
vt. 睡"
study,"n. 学习, 研究, 学科, 论文, 求学, 书房, 试作
vt. 学习, 读书, 研究, 考虑, 计划
vi. 学习, 思索"
sweep,"n. 扫除, 打扫, 肃清, 视野, 范围, 全胜
vt. 扫除, 掸去, 猛拉, 扫荡, 肃清, 冲走, 刮起, 环视, 掠过, 扫射
vi. 扫, 打扫, 袭击, 席卷, 扫视, 掠过"
take the bus,[网络] 乘公共汽车；坐公共汽车；乘公交车
type,"n. 类型, 样式, 典型, 榜样, 标志, 符号, 型, 式
vi. 打字
vt. 作为代表, 测定类型, 用打字机打
"
use,"n. 使用, 习惯, 使用价值, 用法, 使用权
vt. 使用, 利用, 运用, 耗费
vi. 惯常"
walk,"n. 走, 散步, 步行, 行走的路程, 竞走, 散步场所
vi. 走路, 步行, 处世
vt. 走过, 遛, 使走, 护送...走"
wash,"n. 洗, 洗涤, 冲洗, 洗的衣服, 冲积物, 洼地
vt. 洗, 洗涤, 洗清, 用水冲洗, 流过, 弄湿, 粉刷, 镀金属薄层于
vi. 洗涤, 洗澡, 被冲蚀, 漂浮"
actor,"n. 男演员, 行动者
"
actress,n. 女演员
baker,"n. 面包师
"
chef,n. 厨师
construction worker, 建筑工人
dancer,"n. 舞蹈演员, 跳舞者"
mechanic,"n. 机械工, 技工
a. 手工的"
salesperson,n. 售货员
secretary,"n. 秘书, 书记, 大臣
"
singer,n. 歌手
superintendent,"n. 监督人, 主管人, 主日学校校长
"
teacher,"n. 教师, 老师, 导师"
truck driver, 卡车司机
actor,"n. 男演员, 行动者
"
actress,n. 女演员
baker,"n. 面包师
"
chef,n. 厨师
construction worker, 建筑工人
dancer,"n. 舞蹈演员, 跳舞者"
mechanic,"n. 机械工, 技工
a. 手工的"
salesperson,n. 售货员
secretary,"n. 秘书, 书记, 大臣
"
singer,n. 歌手
superintendent,"n. 监督人, 主管人, 主日学校校长
"
teacher,"n. 教师, 老师, 导师"
truck driver, 卡车司机
act,"n. 行动, 行为, 幕, 法案
vi. 行动, 表演, 假装, 见效, 表现, 担当
vt. 扮演, 装作
"
bake,"vt. 烘焙, 烤
vi. 烤面包
n. 烘焙, 烤"
build,"v. 建立, 建筑
n. 构造, 体格"
cook,"n. 厨子, 厨师
vt. 烹调, 煮饭, 加热
vi. 在煮着"
dance,"n. 跳舞, 舞蹈, 舞会
v. 跳舞"
drive,"n. 驾车, 快车道, 推进力, 驱动, 动力, 击球, 驱动器
vt. 开车, 驱使, 推动, 驾驶
vi. 开车, 猛击, 飞跑
"
file,"n. 档案, 公文箱, 文件夹, 文件, 卷宗, 锉刀
vi. 列队行进, 用锉刀做
vt. 归档, 申请, 锉, 琢磨
"
fix,"vt. 使固定, 修理, 准备, 安装, 凝视, 牢记, 确定, 整理
vi. 固定, 注视, 确定
n. 困境, 方位, 维修, 贿赂"
operate,"v. 操作, 运转, 动手术, 活动"
paint,"n. 油漆, 颜料, 绘画作品, 涂漆
vt. 油漆, 绘, 画, 描绘, 装饰, 点缀
vi. 绘画, 涂漆"
repair,"n. 修理, 补救, 修复
vt. 修理, 修补, 补救, 恢复, 补偿
vi. 修理, 修补, 补救, 恢复, 去, 常去, 集合"
sing,"vi. 唱, 唱歌, 演唱, 鸣, 啼
vt. 唱, 歌颂
n. 嗖嗖声"
speak Spanish,无
take inventory,[经] 实地清点盘存
talk,"n. 谈话, 交谈, 会谈, 讲话, 演讲, 空谈, 谣言, 方言, 语言
vi. 讲话, 演讲, 说话, 谈话, 交流, 闲聊, 说闲话
vt. 讲, 说, 讨论, 谈论
"
teach,"vt. 教, 讲授, 教导, 教育
vi. 教书, 教学, 可以教"
type,"n. 类型, 样式, 典型, 榜样, 标志, 符号, 型, 式
vi. 打字
vt. 作为代表, 测定类型, 用打字机打
"
use,"n. 使用, 习惯, 使用价值, 用法, 使用权
vt. 使用, 利用, 运用, 耗费
vi. 惯常"
months of the year,[网络] 月份；一年中的月份；十个月份
January,n. 一月
February,n. 二月
March,abbr. Master of Architecture 建筑学硕士
April,n. 四月
May,"n. 五月
aux. 愿能, 可以, 愿意"
June,n. 六月
July,n. 七月
August,"n. 八月
a. 威严的, 令人敬畏的"
September,n. 九月
October,n. 十月
November,n. 十一月
December,n. 十二月
seasons,"n. 季节, 四季"
spring,"n. 春天, 弹簧, 跳跃, 弹性, 活力, 泉, 源泉
a. 春天的
vi. 跳, 弹跳, 涌出, 生长, 裂开, 高耸
vt. 使跳起, 使爆炸, 突然提出"
summer,"n. 夏季, 全盛时期
vi. 避暑, 过夏天
"
fall,"n. 落下, 瀑布, 采伐量, 下降, 落差, 降低, 堕落, 秋天
vi. 倒下, 落下, 来临, 失守, 阵亡, 下跌, 减弱, 倾斜, 垮台, 轮到, 变成, 降低
a. 秋天的"
autumn,"n. 秋天, 成熟期"
winter,"n. 冬季, 萧条期, 衰退期
a. 冬天的
vt. 使度过冬天
vi. 过冬"
January,n. 一月
February,n. 二月
March,abbr. Master of Architecture 建筑学硕士
April,n. 四月
May,"n. 五月
aux. 愿能, 可以, 愿意"
June,n. 六月
July,n. 七月
August,"n. 八月
a. 威严的, 令人敬畏的"
September,n. 九月
October,n. 十月
November,n. 十一月
December,n. 十二月
Sunday,太阳日(太阳能动力鼓吹者选定的每年5月的一天，宣传大力研究和利用太阳能)
Monday,n. 星期一
Tuesday,n. 星期二
Wednesday,n. 星期三
Thursday,n. 星期四
Friday,n. 星期五
Saturday,n. 星期六
spring,"n. 春天, 弹簧, 跳跃, 弹性, 活力, 泉, 源泉
a. 春天的
vi. 跳, 弹跳, 涌出, 生长, 裂开, 高耸
vt. 使跳起, 使爆炸, 突然提出"
summer,"n. 夏季, 全盛时期
vi. 避暑, 过夏天
"
fall,"n. 落下, 瀑布, 采伐量, 下降, 落差, 降低, 堕落, 秋天
vi. 倒下, 落下, 来临, 失守, 阵亡, 下跌, 减弱, 倾斜, 垮台, 轮到, 变成, 降低
a. 秋天的"
autumn,"n. 秋天, 成熟期"
winter,"n. 冬季, 萧条期, 衰退期
a. 冬天的
vt. 使度过冬天
vi. 过冬"
headache,"n. 头痛, 令人头痛之事
"
stomachache,"n. 胃痛, 肚子痛"
toothache,"n. 牙痛
"
backache,n. 背痛
earache,"n. 耳朵痛
"
cold,"n. 感冒, 寒冷
a. 寒冷的, 冷淡的, 冷静的
adv. 完全地"
fever,"n. 发烧, 发热, 热病
"
cough,"n. 咳嗽
vi. 咳嗽
vt. 咳出"
sore throat,"咽喉痛
"
backache,n. 背痛
cold,"n. 感冒, 寒冷
a. 寒冷的, 冷淡的, 冷静的
adv. 完全地"
cough,"n. 咳嗽
vi. 咳嗽
vt. 咳出"
earache,"n. 耳朵痛
"
fever,"n. 发烧, 发热, 热病
"
headache,"n. 头痛, 令人头痛之事
"
sore throat,"咽喉痛
"
stomachache,"n. 胃痛, 肚子痛"
toothache,"n. 牙痛
"
How are you?,你好吗?
How do you feel today?,无
What's the matter?,"na. 发生了什么事?
"
I feel great!,无
I feel fine.,无
I feel okay.,无
So-so.,"勉强过得去, 一般"
Not so good.,[网络] 不怎么好；不太好；不是很好
I feel terrible.,[网络] 我感觉糟透了；我感到很难受；我觉得糟透了
got up,v. 装订，精力，打扮( get-up的过去式 ); 起床
took a shower,无
had breakfast,无
read the newspaper,[网络] 看报；看报纸；读报纸
did exercises,无
ate lunch,无
drove to the supermarket,无
bought groceries,无
made dinner,无
wrote a letter,无
saw a movie,无
went to sleep,[网络] 去睡觉
buy,"vt. 买, 获得
vi. 买
n. 购买, 买得的东西"
bought,"a. 买来的
buy的过去式和过去分词"
do,"v. 做, 进行, 完成"
did,do的过去式
drive,"n. 驾车, 快车道, 推进力, 驱动, 动力, 击球, 驱动器
vt. 开车, 驱使, 推动, 驾驶
vi. 开车, 猛击, 飞跑
"
drove,"n. 畜群
drive的过去式"
eat,"v. 吃, 腐蚀"
ate,"eat的过去式
"
forget,"vt. 忘记, 忽略, 忘
vi. 忘记"
forgot,forget的过去式和过去分词
get,"vt. 得到, 获得, 变成, 使得, 收获, 接通, 抓住, 染上
vi. 到达, 成为, 变得
n. (网球等)救球, 生殖, 幼兽
"
got,"get的过去式和过去分词
"
go,"vi. 去, 走, 达到, 运转, 查阅, 消失, 结束, 放弃, 花费, 流传, 趋于, 打算, 剩下
vt. 以...打赌, 对付, 忍受, 出产, 为被捕者出(保释金)
n. 去, 尝试, 进行"
went,go的过去式
have,"vt. 有, 怀有, 拿, 进行
aux. 已经"
had,have的过去式和过去分词
make,"vt. 制造, 安排, 创造, 构成, 使得, 产生, 造成, 整理, 布置, 引起, 到达, 进行
vi. 开始, 前进, 增大, 被制造, 被处理
n. 制造, 构造, 性情"
made,"a. 人工制成的, 成功的, 创造的
make的过去式和过去分词"
meet,"n. 会, 集会
a. 适宜的, 合适的
vt. 遇见, 引见, 认识, 满足, 对付
vi. 相遇, 接触"
met,"meet的过去式和过去分词
"
read,"v. 读, 阅读, 理解
a. 有学问的
n. 读取, 阅读
"
read,"v. 读, 阅读, 理解
a. 有学问的
n. 读取, 阅读
"
see,"vt. 看见, 查看, 参观, 游览, 理解, 知道, 同意
vi. 看, 观看, 注意, 知道, 考虑
n. 主教的职位"
saw,"n. 锯子, 谚语
vt. 锯, 锯开, 来回移动
vi. 拉锯, 移动
see的过去式"
steal,vt. 剽窃；偷偷地做；偷窃；vi. 窃取；偷偷地行动；[棒球]偷垒；n. [口]偷窃；便宜货；偷垒；[篮球]断球
stole,"n. 女用披肩, 圣衣
steal的过去式"
take,"vt. 拿, 取, 抓, 带领, 获得, 就座, 接受, 吃, 吸引, 采取, 乘, 需要, 花费
vi. 吃掉对方棋子, 抓住, 起作用, 依法获得财产
n. 拿, 取, 收成, 奏效"
took,take的过去式
write,"vt. 书写, 著述, 写, 写满, 写信给
vi. 写, 写字, 写信, 写作, 作曲
"
wrote,write的过去式
sad,"a. 忧愁的, 悲哀的"
happy,"a. 快乐的, 幸福的, 愉快的, 恰当的"
clean,"a. 干净的, 清白的, 简洁的
adv. 清洁地, 完全地
vt. 清理, 使干净, 出空
vi. 被搞干净
n. 打扫"
dirty,"a. 肮脏的, 卑鄙的
vt. 弄脏
vi. 变脏"
heavy,"a. 重的, 巨大的, 沉重的, 笨重的, 过度的
adv. 沉重地
n. 重物, 严肃角色"
thin,"a. 薄的, 细的, 瘦的, 稀疏的, 稀薄的, 淡的, 弱的, 空洞的
vt. 使变薄, 使变细, 使稀少, 使淡
vi. 变薄, 变细, 变少, 变淡
adv. 薄地, 稀疏地, 微弱地
n. 细小部分"
hungry,"a. 饥饿的, 荒年的, 渴望的, 不毛的
"
full,"n. 全部, 完整
a. 充满的, 完全的, 丰富的, 完美的, 丰满的, 详尽的
adv. 完全地, 整整, 十分
vt. 把(衣服等)缝得宽松, 漂洗
"
sick,"n. 病人
a. 不舒服, 有病的, 恶心的, 厌恶的, 渴望的, 病态的
vt. 呕吐, 追击, 使(狗)去攻击"
healthy,"a. 健康的, 有益健康的, 卫生的
"
tiny,"a. 很少的, 微小的"
enormous,"a. 巨大的, 庞大的"
dull,"a. 钝的, 无趣的, 呆滞的, 阴暗的
vt. 使迟钝, 使阴暗, 缓和
vi. 变迟钝, 减少"
shiny,"a. 有光泽的, 发光的, 辉煌的, 磨光的, 磨损的"
comfortable,"a. 舒服的, 轻松的
n. 盖被"
uncomfortable,"a. 不舒服的, 不自在的, 不安的"
tired,"a. 疲累的, 疲乏的, 厌倦的"
energetic,"a. 精力充沛的, 积极的"
beautiful,a. 美丽的
clean,"a. 干净的, 清白的, 简洁的
adv. 清洁地, 完全地
vt. 清理, 使干净, 出空
vi. 被搞干净
n. 打扫"
comfortable,"a. 舒服的, 轻松的
n. 盖被"
dirty,"a. 肮脏的, 卑鄙的
vt. 弄脏
vi. 变脏"
dull,"a. 钝的, 无趣的, 呆滞的, 阴暗的
vt. 使迟钝, 使阴暗, 缓和
vi. 变迟钝, 减少"
energetic,"a. 精力充沛的, 积极的"
enormous,"a. 巨大的, 庞大的"
exciting,"a. 令人兴奋的, 刺激的
"
full,"n. 全部, 完整
a. 充满的, 完全的, 丰富的, 完美的, 丰满的, 详尽的
adv. 完全地, 整整, 十分
vt. 把(衣服等)缝得宽松, 漂洗
"
good,"n. 善行, 好处, 利益
a. 好的, 优良的, 上等的, 愉快的, 有益的, 好心的, 慈善的, 虔诚的"
happy,"a. 快乐的, 幸福的, 愉快的, 恰当的"
healthy,"a. 健康的, 有益健康的, 卫生的
"
heavy,"a. 重的, 巨大的, 沉重的, 笨重的, 过度的
adv. 沉重地
n. 重物, 严肃角色"
hungry,"a. 饥饿的, 荒年的, 渴望的, 不毛的
"
late,"a. 迟的, 晚的, 已故的
adv. 很晚, 很迟, 晚"
poor,"a. 贫穷的, 贫乏的, 不幸的, 可怜的, 拙劣的, 卑鄙的
"
quiet,"n. 安静, 闲适, 平静
a. 安静的, 静止的, 寂静的, 朴素的, 从容的, 暗中的
vi. 平静下来
vt. 使平静, 使平息, 使安心, 安慰"
sad,"a. 忧愁的, 悲哀的"
shiny,"a. 有光泽的, 发光的, 辉煌的, 磨光的, 磨损的"
sick,"n. 病人
a. 不舒服, 有病的, 恶心的, 厌恶的, 渴望的, 病态的
vt. 呕吐, 追击, 使(狗)去攻击"
thin,"a. 薄的, 细的, 瘦的, 稀疏的, 稀薄的, 淡的, 弱的, 空洞的
vt. 使变薄, 使变细, 使稀少, 使淡
vi. 变薄, 变细, 变少, 变淡
adv. 薄地, 稀疏地, 微弱地
n. 细小部分"
thirsty,"a. 口渴的, 渴望的, 干燥的"
tiny,"a. 很少的, 微小的"
tired,"a. 疲累的, 疲乏的, 厌倦的"
ugly,"a. 丑陋的, 邪恶的, 险恶的, 不祥的
n. 丑陋的人(或物)"
uncomfortable,"a. 不舒服的, 不自在的, 不安的"
arrive,"vi. 到达, 抵达"
be born, 出生于…; 落地; 诞; 下生
begin,"v. 开始
"
began,begin的过去式
grow up,"成熟, 成年, 发展, 逐渐形成"
grew up, grow up的过去式成长成熟
live,"a. 活的, 生动的, 精力充沛的, 实况转播的
vi. 活, 生存, 居住
vt. 过着, 度过, 经历
adv. 实况地"
move,"n. 移动, 迁居, 步骤
vt. 移动, 开动, 感动, 搬(家)
vi. 移动, 离开, 运行, 迁移, 摇动, 搬家, 交往, 进展, 脱手
"
study,"n. 学习, 研究, 学科, 论文, 求学, 书房, 试作
vt. 学习, 读书, 研究, 考虑, 计划
vi. 学习, 思索"
work,"n. 工作, 劳动, 职业, 行为, 功, 作品, 成果, 产品, 工程
vi. 工作, 劳动, 做, 运转, 起作用, 被加工
vt. 使工作, 使转动, 开动, 使用, 经营, 使逐渐变得, 造成"
