foolishly,"adv. 愚笨地, 无聊地"
jot down,"v. 草草记下
"
remove,"vt. 移动, 调动, 除去, 迁移, 开除, 移交
vi. 迁移, 移动, 搬家
n. 班级, 升级, 移动, 搬家, 间距
"
article,"n. 文章, 冠词, 物品, 物件, 条款, 契约
"
devastated,"v. 彻底破坏( devastate的过去式和过去分词); 摧毁; 毁灭; 在感情上（精神上、财务上等）压垮
a. 毁坏的; 极为震惊的"
contain,"vt. 包含, 容纳, 控制
vi. 自制"
recall,"n. 回忆, 召回, 撤消
vt. 回想, 回忆, 召回, 撤消, 使恢复
"
cram,"vt. 塞满, 填满, 猛吃
vi. 贪吃
n. 极度拥挤, 死记硬背"
script,"n. 手迹, 手稿, 正本, 手写体
vt. 改编为演出本
"
impression,"n. 印象, 意念, 盖印, 印记, 印数, 底色, 效果
"
brilliant,"a. 光辉的, 灿烂的, 有才气的
"
plot,"n. 小块土地, 地区图, 图, 阴谋, 情节
vt. 划分, 绘图, 密谋
vi. 密谋, 策划
"
comedy,"n. 喜剧, 有趣的事情"
reminiscence,"n. 回想, 回忆, 怀旧, 话旧"
innovative,"a. 革新的, 创新的, 富有革新精神的"
automatic,"n. 自动手枪, 自动机械
a. 自动的, 机械的, 必然的, 无意识的"
humanity,"n. 人性, 人类, 博爱"
sketch,"n. 素描, 草图, 小品
v. 描绘略图, 画素描或速写"
cider,"n. 苹果汁, 苹果酒
"
waterproof,"n. 防水材料
a. 不透水的, 防水的
vt. 使防水"
spare room,备用房间;客房
flip,"vt. 掷, 弹, 轻击, 空翻
vi. 用指轻弹, 抽打, 蹦跳
n. 抛, 弹, 筋斗
a. 无礼的
"
rubbish,"n. 废物, 垃圾, 胡说"
supposedly,"adv. 想象上, 看上去像, 被认为是, 恐怕, 按照推测"
patent,"n. 专利权, 许可证, 执照, 专利品, 素质
a. 专利的, 特许的, 显著的, 新奇的
vt. 取得...的专利权, 请准专利"
brim,"n. 边, 边缘, (河)边
vt. 注满, 使满溢
vi. 满溢"
delude,"vt. 迷惑, 蛊惑"
nonsense,"n. 无意义的事, 荒谬言行, 荒唐"
attach,"vt. 附上, 使依附, 使附属, 使喜爱, 系, 缚
vi. 附属, 归属, 联系在一起
"
irretrievably,"adv. 不能挽回地, 不能补救地"
have a sneaking feeling,无
have a sneaking feeling that,无
bun,"n. 小面包
"
inventive,"a. 善于创造的, 发明的"
survey,"n. 纵览, 视察, 测量, 俯瞰, 调查
vt. 审视, 视察, 俯瞰, 通盘考虑
vi. 测量土地"
halo,"n. 晕轮, 光圈, 晕状物, 荣光
vt. 使有晕轮, 围以光环
vi. 成晕轮"
reactionary,"n. 反动分子
a. 反动的, 反动主义的, 反对改革的"
stem,"n. 茎, 干, 柄, 船首, 血统, 堵塞物
vt. 摘掉茎, 装柄于, 阻止, 堵住, 逆行
vi. 堵住, 逆行"
deteriorate,v. (使)恶化
paradise,"n. 天堂, 乐园, 伊甸园"
racism,"n. 种族主义, 种族偏见
"
delusion,"n. 迷惑, 欺瞒, 错觉
"
boon,n. 恩惠
skint,"a. 身无分文的, 穷光蛋的"
chronicle,"n. 年代记, 记录, 编年史
vt. 把...载入编年史"
respond,"vt. 以...回答
vi. 回答, 响应, 回报, 有反应, 承担责任"
council flat,[英国英语]公营公寓
on a budget,节省费用
foodie,n. 美食家
burn out,"烧坏, 烧掉, 烧尽
"
validation,"n. 批准, 确认
"
barely,adv. 几乎不
impulsive,"a. 冲动的, 受感情驱使的, 任性的
"
ingredient,"n. 成分, 因素
"
template,"n. 样板, 模板, 垫木
"
fancy,"n. 想象力, 幻想, 喜好
a. 想象的, 精美的, 新奇的, 奇特的, 高价的, 特级的
vt. 想象, 设想, 相信, 喜爱
vi. 想象, 幻想"
option,"n. 选择权, 挑选, 选项
"
quantity,"n. 量, 数量, 总量
"
effective,"a. 有效的, 有力的, 实际的
n. 有生力量"
anonymity,"n. 匿名, 姓氏不明
"
embarrassment,"n. 困难, 阻碍, 困窘
"
shin,"n. 胫骨
v. 攀, 爬"
bacon,"n. 熏猪肉
"
come in handy,派得上用场
properly,"adv. 适当地, 相当地"
rasher,n. 熏肉薄片
chiller,"n. 惊险小说, 冰箱内的食物冷冻格, 脱蜡冷冻结晶器, 冷却装置, 冷冻工人
"
claim,"n. 要求, 要求权, 断言, 权利
vt. 要求, 认领, 主张
vi. 提出要求, 主张, 断言"
eliminate,"vt. 除去, 排除, 剔除, 消除"
surplus,"n. 剩余, 过剩, 盈余
a. 过剩的, 剩余的"
leftover,"n. 剩货, 残留物, 剩饭
a. 残余的"
wastage,"n. 浪费, 浪费量, 废物
"
frugal,"a. 节俭的, 朴素的"
deli,n. 熟食店；熟食品（等于delicatessen）
ham,"n. 火腿, 后腿, 笨拙演员
a. 过火的, 做作的
v. 演得过火"
carcass,"n. 尸体
"
butcher,"n. 屠夫, 肉商, 小贩
vt. 屠宰, 屠杀"
knuckle,"n. 指节, 蹄爪, 膝关节
v. 以指节打, 以手指射"
stew,"n. 炖, 烦恼, 热浴, 妓院, 鱼塘
vi. 炖, 焖, 忧虑
vt. 炖, 焖, 使焦虑"
eat out,"上馆子吃饭, 锈坏, 过度消耗(牧草等), 责骂"
treat,"n. 宴请, 款待
vt. 视为, 对待, 论述, 治疗, 款待
vi. 讨论, 谈判, 作东"
course,"n. 课程, 路线, 过程, 一道菜, 道路
v. 追, (使)跑"
penny,"n. 便士, 一分, 小钱, 点滴
"
set lunch,无
decade,"n. 十年, 十"
prosperity,"n. 繁荣, 茂盛, 成功
"
marriage,"n. 婚姻, 结婚, 婚礼, 合并
"
immediately,"adv. 直接地, 立刻, 立即"
line up,"na. 整顿(机械等)；排成一列；使(兵士)排齐；整顿阵容
"
bureau,"n. 局, 办公处
"
common sense,常识
depression,"n. 不景气, 消沉, 沮丧, 洼地
"
combination,"n. 组合, 合并, 联合
"
efficient,"a. 有效率的, 能干的"
stylish,"a. 现代风格的, 流行的, 潇洒的"
belief,"n. 信念, 相信, 信仰"
restraint,"n. 抑制, 克制, 束缚
"
confidence,"n. 信心
"
positively,"adv. 明确地, 肯定地, 无疑地, (非正式)确实地, 真正地"
stimulus,"n. 刺激, 激励, 刺激品
"
popularize,"vt. 使成通俗性, 使平易, 使普及
vi. 通俗化"
trend,"n. 趋势, 倾向, 走向
vi. 倾向, 转向
"
architect,"n. 建筑师, 设计者, 缔造者"
associate,"n. 同伴, 伙伴, 关联的事物
vt. 使联合, 使发生联系
vi. 交往
"
emigrate,"v. (使)移居, (使)移民"
exert,"vt. 发挥, 运用, 施以影响
"
school,"n. 学校, 鱼群, 门派, 学派
vt. 教育, 训练, 培养
vi. 成群地游"
architecture,"n. 建筑学, 建筑式样
"
enormous,"a. 巨大的, 庞大的"
signature phrase,无
impact,"n. 冲击, 冲突, 影响, 效果
vt. 挤入, 撞击, 压紧, 对...发生影响"
derive,"vt. 得自
vi. 起源"
employ,"n. 雇用
vt. 雇用, 使用, 使从事于"
laminated,"a. 用薄片层压制成, 切成薄片, 把...分成薄片, 由薄片迭成/覆盖的, 层压板
"
symbolize,"vt. 符号化, 用符号表现
vi. 采用象征, 使用符号"
sophisticated,"a. 复杂的, 久经世故的
"
presentation,"n. 赠与, 描述, 介绍
"
decoration,"n. 装饰, 装饰品"
elegance,"n. 高雅, 典雅, 优雅"
abundance,"n. 丰富, 充足, 大量
"
mask,"n. 面具, 假面具, 掩饰, 石膏面模
vt. 戴面具, 掩饰, 使模糊
vi. 化装, 戴面具, 掩饰, 参加化装舞会
"
elegant,"a. 优雅的, 端庄的, 高雅的"
airy,"a. 空气的, 空中的, 通风的, 幻想的, 轻快的"
proportion,"n. 比例, 比率, 均衡, 部分, 面积
vt. 使成比例, 使均衡"
architectural,"a. 有关建筑的, 建筑学的"
equivalent,"n. 同等物, 等价物, 相等物
a. 相等的, 相当的, 同意义的
"
modest,"a. 谦逊的, 羞怯的, 端庄的, 适度的
"
drive,"n. 驾车, 快车道, 推进力, 驱动, 动力, 击球, 驱动器
vt. 开车, 驱使, 推动, 驾驶
vi. 开车, 猛击, 飞跑
"
afford,"vt. 买得起, 足以, 给予"
abstract,"a. 抽象的, 深奥的
n. 摘要, 抽象概念
vt. 摘要, 提炼, 使抽象化
"
story,"n. 故事, 小说, 传奇, 描述, 阅历, 经历, 层"
commission,"n. 委任状, 任官令, 所委职责, 佣金, 犯, 委托, 所托之事
vt. 委任, 委托制作, 使服役"
aesthetic,"a. 美学的, 审美的, 有美感的"
forthright,"adv. 直率地, 直接地, 马上, 立即
a. 直接的, 直率的, 坦白的
n. 直路"
mispredict,[网络] 误预测
mechanical,"a. 机械的, 机械性的, 力学的
"
impact,"n. 冲击, 冲突, 影响, 效果
vt. 挤入, 撞击, 压紧, 对...发生影响"
helicopter,"n. 直升机
vt. 由直升机运送
vi. 乘直升机"
desirable,"a. 令人想望的, 可取的"
talented,"a. 天资高的, 有才能的"
landscape,"n. 风景, 山水, 风景画
vi. 从事景观美化
vt. 美化...景观
"
revolution,"n. 革命, 大变革, 旋转, 转数, 循环
"
acquire,"vt. 获得, 学到
"
self-sufficiency, 自给自足
inevitable,"a. 不可避免的, 必然的
"
foremost,"a. 最初的, 最重要的
adv. 在最前"
announce,"vt. 宣布, 声称, 显示, 预告
vi. 当报幕员, 宣布参加竞选"
tip,"n. 顶, 尖端, 梢, 末端, 倾斜, 垃圾场, 小费, 轻击, 指点, 秘密消息
vt. 装顶端, 使倾斜, 使翻倒, 泄露, 告诫, 暗示, 给...小费, 轻击
vi. 倾斜, 翻倒, 倾覆, 踮脚走, 给小费
"
oppose,"vt. 反对, 以...对抗, 抗争
vi. 反对"
anticapitalist,a. & n.反对资本主义的( 人)
chef,n. 厨师
abolish,"vt. 废止, 革除, 消灭
"
luxury,"n. 奢侈, 豪华
a. 奢侈的, 豪华的"
committed,"a. 献身于某种事业的
"
explore,"v. 探险, 探测, 探究"
make sense,有意义
tempting,"a. 诱惑人的, 吸引人的"
rational,"a. 理性的, 合理的
n. 有理数"
applicability,"n. 适用性, 应用性
"
stick with, 继续做; 跟着…; 插满
advocate,"n. 提倡者, 拥护者
vt. 主张, 提倡"
apparently,"adv. 表面上, 清楚地, 显然地"
associate,"n. 同伴, 伙伴, 关联的事物
vt. 使联合, 使发生联系
vi. 交往
"
conclude,"vt. 结束, 作结论, 推断
vi. 结束, 推断"
conduct,"n. 行为, 举动, 指导
vt. 为人, 指挥, 管理, 实施
vi. 领导, 传导, 指挥"
assessment,"n. 评估, 估定, 评定的款额
"
correlate,"n. 有相互关系的东西, 相关物
vt. 使有相互关系
vi. 相关"
amount,"n. 总数, 总额
vi. 总计, 等同"
weakly,"a. 弱的, 虚弱的
adv. 微弱地, 虚弱地"
response,"n. 反应, 回答, 响应
"
lightly,"adv. 轻轻地, 少许, 不费力地"
conversation,"n. 会话, 说话, 交谈
"
refill,"n. 再注满, 替换物
vt. 再将...注满
vi. 被再注满"
server,"n. 服伺者, 上菜用具, 发球员
n. 服务器
"
lean,"n. 瘦肉, 倾斜, 倾斜度
a. 瘦的, 贫乏的, 歉收的
vi. 倚靠, 倾斜, 依赖
vt. 使倾斜"
indicate,"vt. 显示, 象征, 指示, 指出
"
invitation,"n. 邀请, 请柬, 引诱
"
professional,"n. 专业人才
a. 专业的, 职业的"
upselling,[网络] 销售；向上销售；第一节向上销售
cocktail,"n. 鸡尾酒, 开味品
a. 鸡尾酒会的"
reward,"n. 报酬, 酬谢, 赏金
vt. 奖赏, 酬谢, 给...应有报应"
unrecognized,"a. 未被认出的, 未被认定的, 未被承认的"
in addition,另外
norm,"n. 基准, 模范, 标准, 准则, 平均数
"
greasy spoon," <美俚>（供应廉价食物, 卫生条件差的）下等餐馆"
outcome,"n. 结果, 出口"
imported,"vt. 输入, 进口（import的过去式与过去分词形式）"
aggressive,"a. 侵略的, 挑畔的, 进取的
"
low-key,[电] 暗键
tip pooling,无
fine-dining,[网络] 精致餐饮；精致美食；精致料理
ruin,"n. 毁灭, 推翻, 废墟
vi. 毁灭, 衰败, 破坏, 破产, 堕落
vt. 使毁灭, 毁坏, 使破产"
connection,"n. 连接, 关系, 前后关系
"
account,"n. 报告, 解释, 估价, 理由, 利润, 算账, 帐目
vi. 报帐, 解释, 导致, 报偿, 占, 杀死
vt. 认为
"
unfaithfulness,n. 不忠实；不信守婚誓
distrust,"n. 不信任
vt. 不信任"
form,"n. 形状, 形体, 类型, 方式, 表格, 形式
v. 形成, 排列, (使)组成
n. 表单
"
partner,"n. 合伙人, 股东, 伙伴, 伴侣
vt. 与...合伙, 组成一对
vi. 做伙伴, 当助手"
in truth,"事实上, 的确"
protection,"n. 保护, 防卫, 贸易保护制度
"
divorce,"n. 离婚
vt. 与...离婚"
regardless of,"不注意, 不关心"
individual,"n. 人, 个人, 个体
a. 个别的, 个人的, 独特的"
involve,"vt. 包括, 使陷于, 潜心于, 包围
"
permanency,"n. 永久的职位
"
fund,"n. 基金, 资金, 存款, 财源, 贮藏
vt. 提供资金, 积累"
savvy,"v. 理解, 领悟
n. 理解能力, 机智, 悟性"
hardship,"n. 艰难, 辛苦, 苦难
"
extremely,"adv. 极端地, 非常地"
lack,"n. 缺乏, 无, 不足
vt. 缺乏, 短少, 不足, 需要
vi. 缺乏"
trend,"n. 趋势, 倾向, 走向
vi. 倾向, 转向
"
unique,"a. 独一无二的, 独特的, 稀罕的"
representative,"n. 代表, 众议员, 典型
a. 描写的, 表现的, 代理的, 代表的, 代议制的, 典型的"
protective,"a. 给予保护的, 保护的
"
bank,"n. 银行, 堤, 岸
"
incredible,a. 难以置信的
earnings,"n. 所赚的钱, 工资, 收入
"
nest egg,"n. 养老金, 储备金; 留窝鸡蛋"
on top of,"熟练掌握, 在...之上, 完全控制着, 另外, 紧接着"
pension,"n. 养老金, 退休金, 津贴, 年金, 抚恤金, 膳宿学校, 膳宿费
vt. 发给退休金, 用津贴拉拢"
interpret,"vt. 解释, 演出, 翻译, 理解
vi. 翻译, 解释"
fellow,"n. 男人, 朋友, 同事
a. 同伴的, 同事的, 同道的"
guarded,"a. 被防护着的, 被监视着的, 警戒着的"
approach,"n. 接近, 入门
vt. 接近, 近似, 找...商量
vi. 靠近"
sting,"n. 叮, 刺痛, 刺激, 讽刺
vt. 叮, 刺痛, 刺激, 使苦恼
vi. 叮, 刺痛"
confess,"v. 承认, 坦白, 忏悔, 供认"
motive,"n. 动机, 目的, 主题, 基调
a. 运动的, 成为动机的"
secure,"a. 无虑的, 安心的, 安全的, 可靠的, 保险的
vt. 固定, 获得, 保证, 使安全, 掩护, 招致
vi. 停止操作, 船抛锚"
reserve,"n. 储备品, 贮量, 后备军, 自然保护区, 保留, 拘谨, 节制, 储备金
vt. 保留, 保存, 预订, 延期, 推迟"
protect,"vt. 防卫, 保护, 警戒
"
suspicious,"a. 可疑的, 多疑的, 怀疑的
"
reassure,"vt. 使...安心, 向...再保证
"
admit,"vt. 承认, 接受, 允许进入, 容许
vi. 开向, 容许, 承认"
sensible,"a. 有感觉的, 敏感的, 明智的
"
security,"n. 安全, 安全性, 防护物, 保安, 可靠性, 担保人, 抵押品, 保证金
"
gender,"n. 性
vt. 产生"
in particular,特别
senior,"n. 年长者, 资深者, 毕业班学生
a. 年长的, 高级的, 资深的"
overwhelmingly,"adv. 压倒性地, 不可抵抗地"
male,"n. 男人, 雄性动物
a. 男性的, 雄性的, 有力的"
equality,"n. 平等, 均匀, 相等
"
corporate,"a. 社团的, 合伙的, 公司的
"
governance,"n. 统治, 统辖, 管理
"
board,"n. 木板, 甲板, 膳食, 会议桌
vt. 乘船, 供膳食, 用板覆盖
vi. 搭伙
"
legislation,"n. 立法, 法律
"
maintain,"vt. 维持, 维修, 保持, 坚持, 供养, 主张
"
propose,"vt. 计划, 打算, 建议, 提议, 求(婚)
vi. 打算, 求婚"
frustration,"n. 挫折, 顿挫
"
voluntary,"a. 自动的, 自愿的, 故意的, 志愿的, 自发的
n. 自愿行动, 志愿者, 自由调"
take up,"na. 拿起；举起；拾起；给搭(火车等)
"
compel,"vt. 强迫, 迫使"
proportion,"n. 比例, 比率, 均衡, 部分, 面积
vt. 使成比例, 使均衡"
mandate,"n. 命令, 指令, 要求
vt. 委任统治"
issue,"n. 发行, 问题, 后果, 流出, 出口, 争端
vi. 发行, 流出, 造成...结果, 传下
vt. 使流出, 放出, 发行, 发布, 发给"
appeal,"n. 恳求, 诉请, 上诉, 吸引力
vi. 呼吁, 诉请, 要求, 上诉, 有吸引力
vt. 将...上诉"
fairly,"adv. 美观地, 公平地, 相当地, 清楚地"
quota,"n. 配额, 限额
"
glass ceiling,n. 玻璃天花板; 玻璃天花板封顶
bind,"vt. 绑, 约束, 装订, 包扎, 使结合
vi. 凝固, 有约束力
"
provision,"n. (政府提供的)钱和设备, 准备, 供应品, 规定, 条款
vt. 供给...食物及必需品"
reluctance,"n. 不情愿, 勉强
"
belief,"n. 信念, 相信, 信仰"
meritocracy,n. 精英领导阶级
run counter to,"违反, 背道而驰"
capable,"a. 有能力的, 能的, 能干的"
ideal,"n. 理想, 典范, 观念, 思想, 最后目标
a. 理想的, 完美的, 空想的, 观念的, 唯心论的"
obstacle,"n. 障碍, 妨害物, 阻碍"
temporarily,"adv. 暂时, 一时, 临时"
evade,"v. (巧妙地)逃脱, 规避, 逃避"
summit,"n. 顶点, 最高阶层, 最高级会议
a. 政府首脑的, 最高级的"
precisely,"adv. 精确地, 明确地, 刻板地, 拘泥地, 正好, 恰恰, 对, 正是如此, 确实如此, 不错"
promotion,"n. 晋级, 创建, 增进
"
massive,"a. 大而重的, 宽大的, 宏伟的
"
exception,"n. 例外, 除外, 异议
"
appropriate,"a. 适当的
"
newsworthy,a. 有报导价值的
just,"a. 正直的, 合理的, 正确的, 应得的
adv. 刚刚, 正好, 仅仅"
in place,"na. 得其所；适当的
"
automatic,"n. 自动手枪, 自动机械
a. 自动的, 机械的, 必然的, 无意识的"
snack,"n. 小吃, 点心, 快餐
vi. 吃零食, 吃快餐"
counter,"n. 计算器, 计算者, 柜台, 筹码
a. 反方向的, 相反的
adv. 反方向地, 相反地
"
cue,"n. 提示, 线索
vt. 给...暗示(或提示)
"
consumer,"n. 消费者
"
wipe,"n. 擦拭, 用力打, 凸轮
vt. 擦, 揩, 消灭, 涂上, 拭去
vi. 擦, 打"
in response to,"回答..., 响应..., 对...有反应
"
fundamental,"n. 基本原理, 原则, 基波
a. 基本的, 重要的, 原音的"
figure out,"合计为, 计算出, 明白"
tropical,"a. 热带的, 热情的
"
hygiene,"n. 卫生保健, 卫生学, 保健法
"
subtle,"a. 敏锐的, 精细的, 狡猾的, 稀薄的, 灵巧的, 微妙的
"
routine,"n. 常规, 日常工作, 惯例, 例行公事
a. 日常的, 常规的
"
disinfecting,"v. 除去（感染）, 给…消毒( disinfect的现在分词 )"
vitamin,"n. 维生素
"
shrewd,"a. 精明的, 锐利的, 剧烈的, 机灵的, 厉害的"
pearly,"a. 珍珠似的, 产珍珠的, 用珍珠装饰的, 用珠母装饰的, 珍贵的"
scrub,"n. 用力擦洗, 矮树, 矮人, 渺小之物
vt. 用力擦洗, 擦掉, 摩擦
vi. 擦洗干净, 进行手臂消毒
a. 次等的, 矮小的, 非正规球队的, 临时凑合的"
fabric,"n. 织物, 布, 结构, 构造, 建筑物
"
multiple,"n. 倍数, 并联
a. 多样的, 许多的, 多功能的"
campaign,"n. 战役, 运动, 竞选运动
vi. 参加运动, 作战"
cavity,"n. 洞, 空穴, 腔
"
beverage,"n. 饮料
"
primarily,"adv. 主要地, 首先地"
adolescent,"a. 青春期的, 青少年的
n. 青少年"
feature,"n. 面孔的一部分(如眼、口等), 特征, 容貌, 特色, 特写
vt. 是...的特色, 特写, 放映
vi. 起重要作用
"
ritual,"n. 仪式, 典礼, 宗教仪式
a. 仪式的, 依仪式进行的"
put on makeup,[网络] 化妆；打扮化妆
sip,"n. 啜饮, 小口喝, 抿
vi. 啜饮
vt. 啜
"
commercial,"a. 商业的, 商用的, 商品化的
n. 商业广告节目"
slip,"n. 滑, 滑行, 事故, 溜, 差错, 滑台, 下降, 插条, 后裔, 板条, 瘦长的年轻人
vi. 滑动, 滑倒, 失足, 溜走, 滑落, 犯错, 变坏
vt. 使滑动, 滑过, 摆脱, 闪开, 塞入, 从...取接枝
a. 滑动的, 滑移的, 活络的, 有活结的
"
psychologist,"n. 心理学家
"
essential,"n. 要素, 要点, 本质
a. 必要的, 重要的, 本质的
"
viable,"a. 能养活的, 能生长发育的
"
ruthless,"a. 无情的, 残忍的, 毫不留情的, 彻底的
"
controversy,"n. 论争, 辩论, 论战, 争论
"
tactic,"n. 一项战术, 一条策略
a. 战术的, 顺序的, 排列的"
questionable,"a. 可疑的
"
emerge,"vi. 浮现, 形成, 出现, (事实)显露"
erupt,"vi. 爆发
vt. 喷出"
indissoluble,"a. 不能溶解的, 不能分解的, 坚固的"
spectator,"n. 观众, 目击者, 旁观者"
paradise,"n. 天堂, 乐园, 伊甸园"
priority,"n. 优先权, 优先
"
professional,"n. 专业人才
a. 专业的, 职业的"
readjust,"vt. 重新调整, 再调整
"
adapt,"vt. 使适应, 改编
vi. 适应"
passive,"a. 消极的, 被动的, 冷漠的, 顺从的, 无源的
"
private,"a. 私人的, 秘密的, 私立的, 隐蔽的
n. 士兵, 隐士, 阴部
"
audience,"n. 听众, 观众, 读者
"
structure,"n. 结构, 构造, 建筑物
vt. 构成, 组织"
reality,"n. 实在, 事实, 实体, 逼真
"
broadcast,"n. 广播, 传播
a. 广播的
v. 广播
adv. 经广播, 四散地
"
conventional,"a. 传统的, 习惯的, 约定的
"
review,"n. 检讨, 复习, 回顾, 检阅, 评论
vt. 温习, 检讨, 评论, 再检察, 复审
vi. 复习功课, 写评论"
illustrate,"vt. 举例说明, 作图解, 阐明
vi. 举例说明"
profile,"n. 侧面, 轮廓, 传略
vt. 描绘...轮廓, 写...的传略
"
supporter,"n. 支持者, 后盾, 迫随者, 护身织物
"
consumer,"n. 消费者
"
flat,"a. 平坦的, 单调的, 无力的, 浅的, 萧条的, 干脆的, 无聊的
adv. 平直地, 断然地
n. 扁平物, 平面, 平地, 平原, 平板车
v. (使)变平"
channel,"n. 海峡, 航道, 频道
vt. 引导, 在...上挖沟, 形成河道
"
publish,"vt. 出版, 发行, 公开, 发表, 宣传, 公布
vi. 出版, 发行"
gigantic,"a. 巨人般的, 巨大的"
occupy,"vt. 占领, 占(时间、空间等), 住进, 担任, 使从事, 使全神贯注
"
image,"n. 影像, 肖像, 想象, 图像, 形象, 翻版
vt. 作...的像, 反映, 想象, 象征
n. 图像
"
bench,"n. 长椅子
"
batter,"v. 连续猛打（尤其指妇女），猛击
n. 面糊（食物），击球员，打击手"
at one's disposal,[法] 自由处置
replay,"vt. 重新比赛, 重演
n. 重赛"
foresee,"vt. 预见, 预知"
stand,"n. 站立, 站住, 停顿, 讲台, 看台, 立场, 法院证人席
vi. 站, 立, 坐落, 停滞, 位于, 坚持, 维持原状
vt. 忍受, 使站立, 抵挡"
helmet,"n. 钢盔, 盔, 防护帽
vt. 给...戴头盔"
option,"n. 选择权, 挑选, 选项
"
largely,"adv. 大量地, 很多地, 大半地"
conservative,"a. 保守的, 守旧的, 有保存力的
"
expansion,"n. 扩充, 开展, 膨胀
"
survive,"vt. 比...活得长, 生存, 生还, 幸免于
vi. 活下来, 幸存"
evidence,"n. 根据, 证据, 迹象
"
coverage,"n. 覆盖的范围, 保险总额, 新闻报导
"
ensure,"vt. 确定, 保证, 担保, 保护
"
contradict,"vt. 反驳, 与...抵触, 与...矛盾
vi. 反驳"
argument,"n. 争论, 论证, 论据, 自变量
"
ceiling,"n. 天花板
"
modest,"a. 谦逊的, 羞怯的, 端庄的, 适度的
"
event,"n. 事件, 结果, 事情的进程, 竞赛项目
"
construct,"vt. 构造, 建造, 对...进行构思, 作图
n. 构成物"
access,"n. 通路, 入口, 接近, 进入, 使用权, 发作
vt. 访问, 存取, 接近, 使用
"
recreational,"a. 消遣的, 娱乐的"
visionary,"a. 幻像的, 幻想的, 梦想的
n. 有眼力的人, 空想家, 梦想者"
take over,"na. 接管；继承
"
utmost,"n. 极限, 最大限度, 极度
a. 极度的, 最远的"
range,"n. 排, 行, 山脉, 范围, 行列, 射程
vt. 排列, 归类于, 使并列, 放牧
vi. 平行, 延伸, 漫游
"
philosophy,"n. 哲学, 人生观, 哲学思想, 哲理, 基本原理, 见解, 达观, 沉着"
moreover,"adv. 而且, 此外"
romantic,"a. 浪漫的, 风流的, 传奇性的, 夸大的, 空想的, 浪漫派的"
hold sb. down,"na. 压制；牵制；阻止；压低(物价等)
"
inopportune,"a. 不合时机的, 不巧的"
grieve,"vt. 使悲伤
vi. 悲痛, 伤心"
relationship,"n. 关系, 关联
"
mourning,"n. 哀痛, 居丧, 举哀, 哀悼, 丧服, 戴孝"
furthermore,"adv. 此外, 而且"
eventually,"adv. 最后, 终于"
press,"n. 压, 揿, 按, 人群, 印刷机, 压力, 出版社, 记者, 报刊, 新闻舆论, 紧迫
vt. 压, 压榨, 紧抱, 逼迫, 推进, 强迫征募, 催逼
vi. 压, 重压, 催促, 拥挤, 奋力前进, 受压"
mature,"a. 成熟的, 到期的, 充分考虑的
vt. 使成熟
vi. 成熟, 到期"
opportunity,"n. 机会, 时机"
harmful,"a. 有害的, 伤害的"
reaction,"n. 反应, 反作用, 反动
"
inner,"a. 内部的, 内心的
n. 内部"
exaggerate,"v. 夸大, 夸张"
misunderstand,"vt. 误解, 误会"
luxuriant,"a. 繁茂的, 丰富的, 肥沃的, 华丽的
"
imagination,"n. 想像, 听觉, 想像力
"
normal,"n. 常态, 标准, 正常, 普通
a. 正常的, 正规的, 标准的, 师范的, 正态的
"
signal,"n. 信号, 暗号, 近因, 导火线
vt. 向...作信号, 标志, 用信号通知
vi. 发信号
a. 作为信号的, 显著的
"
barrier,"n. 障碍, 栅栏
"
surround,"vt. 包围, 环绕, 围绕
n. 围绕物"
weigh sb. down,"na. 使负重担；压迫
"
poison,"n. 毒药, 毒, 毒物, 有毒害的事物
vt. 毒害, 毒杀, 使中毒
vi. 放毒, 下毒"
circumstance,"n. 环境, 状况, 事件"
value,"n. 价值, 价格, 购买力, 评价, 估价, 计算结果
vt. 评价, 估价, 重视
"
happiness,"n. 快乐, 幸运, 适当"
focus on, 致力于; 使聚焦于; 对（某事或做某事）予以注意; 把…作为兴趣中心
guilt,"n. 罪行, 内疚
"
possibility,"n. 可能性, 可能的事
"
mindset,n. 心态；倾向；习惯；精神状态
grateful,"a. 感谢的, 感激的, 令人快意的, 受欢迎的"
pause,"n. 暂停, 中止, 停顿, 间歇, 踌躇, 休止符
vi. 暂停, 中止, 停顿, 踌躇
"
complain,"v. 抱怨, 抗议, 控诉"
tough,"n. 恶棍
a. 强硬的, 艰苦的, 坚固的, 坚韧的, 粗暴的, 咬不动的"
appreciate,"vt. 赏识, 鉴别, 为...而感激, 领会, 欣赏
vi. 增值, 涨价"
isolated,"a. 孤立的, 孤零零的
"
keep in mind,"na. 记在心里；记住；注意
"
circle,"n. 圆周, 社交圈, 循环, 范围
vt. 围着, 环绕
vi. 盘旋, 循环"
humor,"n. 幽默, 诙谐, 心情
vt. 迎合, 牵就, 顺应"
companionship,"n. 交往, 友谊, 一群同伴"
participate,"vi. 参加, 分享, 参与, 带有
vt. 分享, 分担"
community,"n. 社区, 公众, 共有, 共同体
"
encouragement,"n. 鼓励, 激励, 奖励
"
constant,"n. 常数, 恒量
a. 不变的, 一定的, 时常的
"
pave,"vt. 铺设, 安排, 铺满, 为...铺路
"
balance,"n. 平衡, 差额
vi. 平衡, 相等
vt. 称, 权衡, 比较, 使平衡, 结算, 抵消"
external,"n. 外部, 外面
a. 外部的, 客观的, 表面的"
devalue,"vt.vi. 降低...的价值, 贬值, 降低价值, 使(货币)贬值
"
incapable of doing sth.,无
path,"n. 路径, 小路, 道路, 途径, 路线, 轨道
"
objectivity,"n. 客观, 客观现实, 客观性
"
source,"n. 来源, 水源, 根源, 原始资料, 源
"
immigrant,"n. 移民
a. 移入的, 移民的"
settler,"n. 移民者, 解决者, 结算员
"
folk,"n. 人们, 家人, 亲属, 民族
a. 民间的"
permanent,"a. 永久的, 不变的, 固定的, 持久的
n. 烫发
"
depart,"vi. 离开, 出发, 背离, 违反, 去世"
affectionate,"a. 深情的, 充满情爱的"
Atlantic,"n. 大西洋
a. 大西洋的"
sojourner,"n. 旅居的人, 逗留的人"
intention,"n. 意图, 目的, 含义
"
eventually,"adv. 最后, 终于"
nickname,"n. 绰号, 昵称
vt. 给...取绰号, 叫错名字
"
rigid,"a. 坚硬的, 刚性的, 严格的, 精密的, 刻板的"
hail,"n. 冰雹, 致敬, 欢呼, 招呼
vt. 向...欢呼, 致敬, 招呼, 使象下雹样落下
vi. 招呼, 下雹
interj. 万岁, 欢迎"
brand,"n. 商标, 牌子, 烙印
vt. 打烙印于"
kick out,"na. 踢出；解雇；踢足球出界
"
contribute,"vt. 有助于, 捐助, 投稿
vi. 出力, 捐献, 投稿"
paralysis,"n. 麻痹, 停顿, 瘫痪
"
thrive,"vi. 繁荣, 兴旺, 茁壮成长
"
challenge,"n. 挑战, 盘问
vt. 向...挑战, 要求, 怀疑
vi. 挑战, 对(证据等)表示异议"
category,"n. 种类, 类项
"
in the making,"在形成中,在酝酿中"
alien,"n. 外国人, 外侨
a. 外国的, 相异的"
framework,"n. 结构, 骨架, 参照标准, 准则, 观点
"
mightily,"adv. 强烈地, 非常地"
definition,"n. 定义, 精确度, 清晰度
"
gray area, 灰色地区
entrepreneur,"n. 企业家, 主办人
"
aide,"n. 助手, 副官
"
participant,"n. 参加者, 参与者
a. 有份的, 参加的, 参与的"
energetic,"a. 精力充沛的, 积极的"
flow,"n. 流程, 流动, 流量, 洋溢, 泛滥, 涨潮
vi. 流动, 流泄, 畅流, 川流不息, 飘扬, 涌出
vt. 使流动, 淹没, 流出"
permission,"n. 许可, 允许
"
jurisdiction,"n. 司法权, 审判权, 管辖权
"
identity,"n. 身份, 相同, 一致, 特性, 恒等式
"
productive,"a. 能生产的, 有生产价值的, 多产的
"
honorably,adv. 值得尊敬地；体面地
straddle,"n. 跨坐, 观望
v. 跨坐, 两腿叉开坐, 观望"
ease,"n. 安乐, 安逸, 悠闲
vt. 使安乐, 使安心, 减轻, 放松
vi. 减轻, 放松, 灵活地移动"
commit,"vt. 委托(托付), 犯罪, 指派...作战, 使承担义务
"
accommodate,"vt. 使适应, 调和, 通融, 容纳, 向...提供
vi. 适应"
motion,"n. 移动, 手势, 动作, 意向, 请求, 提议
v. 打手势"
logic,"n. 逻辑, 逻辑学, 推理的方法, 推理, 逻辑性
"
outcome,"n. 结果, 出口"
exist,"vi. 存在, 生存, 发生"
battle,"n. 战役
v. 战斗"
multiple,"n. 倍数, 并联
a. 多样的, 许多的, 多功能的"
accomplish,"vt. 完成, 达到, 实现, 使完美"
address,"n. 住址, 演说, 举止, 灵巧, 求爱
vt. 发表(演说或讲话), 对付, 写地址
"
talkative,"a. 喜欢说话的, 饶舌的, 多嘴的"
couch,"n. 长沙发, 睡椅, 卧榻
vt. 横躺, 表达
vi. 躺下, 蹲伏"
complain,"v. 抱怨, 抗议, 控诉"
gesture,"n. 手势, 姿态
vi. 作手势, 作姿态"
suburban,"a. 郊外的, 郊区的, (贬)偏狭的, 土气的, 见识不广的
n. 郊区居民"
anecdote,"n. 轶事, 奇闻"
comment,"n. 注解, 批评, 评论, 备注
vi. 评论, 注解
"
nod,"n. 点头, 打盹, 晃动
vi. 点头, 打盹
vt. 点头表示, 点(头)"
burst into laughter,哈哈大笑起来
episode,"n. 插曲, 插话, 有趣的事件, 一段情节
"
crystallize,"vt. 使结晶, 使具体化
vi. 结晶, 具体化"
irony,"n. 反语, 讽刺, 具有讽刺意味的事"
pattern,"n. 模范, 典型, 式样, 样品, 图案, 格调, 模式
vt. 模仿, 仿造, 以图案装饰
vi. 形成图案
"
tend to,"注意, 趋向"
wreak havoc,[网络] 肆虐；造成严重破坏；造成破坏
sociologist,"n. 社会学家
"
interview,"n. 面谈, 访问, 接见, 面试
vt. 接见, 对...进行面谈(试)"
communication,"n. 交流, 交通, 通讯
"
divorce,"n. 离婚
vt. 与...离婚"
current,"n. 涌流, 趋势, 流
a. 流通的, 现在的, 当前的, 流行的
"
virtual,"a. 实际上起作用的, 虚的, 实质的, 有效的, 事实上生效的
"
lack,"n. 缺乏, 无, 不足
vt. 缺乏, 短少, 不足, 需要
vi. 缺乏"
given,"a. 赠予的, 沉溺的, 约定的
give的过去分词"
amount to,"[经] 等于, 相当于"
epidemic,"n. 传染病, 流行病
a. 流行的, 传染性的"
focus,"n. 焦点, 焦距
vi. 聚焦, 注视
vt. 使聚焦, 调焦, 集中
"
tangible,"n. 可触知的东西, 有形资产
a. 可触摸的, 有实体的, 非相像的, 有形的, 明确的"
accompany,"vt. 陪伴, 伴随, 补充, 为...伴奏
vi. 伴奏, 伴唱"
partner,"n. 合伙人, 股东, 伙伴, 伴侣
vt. 与...合伙, 组成一对
vi. 做伙伴, 当助手"
inequity,"n. 不公平, 不公正"
first and foremost,首要地
in short,"简而言之
"
represent,"vt. 表现, 表示, 描绘, 讲述, 代表, 象征, 回忆, 再赠送, 再上演
vi. 提出异议"
stereotypical,a. 典型的; 带有成见的
cartoon,"n. 卡通画, 漫画
v. 画漫画"
glare,"n. 闪耀光, 刺眼
vi. 发眩光, 瞪视
vt. 瞪眼表示"
image,"n. 影像, 肖像, 想象, 图像, 形象, 翻版
vt. 作...的像, 反映, 想象, 象征
n. 图像
"
crisis,"n. 危机, 危险期, 紧要关头
"
scene,"n. 场, 情景, 镜头, 发生地点, 道具, 布景, 景色
"
advancing age,无
memory,"n. 记忆, 记忆力, 回忆, 纪念, 存储
n. 内存
"
mental,"a. 心智的, 精神病的, 心理的, 颏的
n. 精神病患者"
blackout,"n. 灯火管制, 暂时的意识丧失, 灯火熄灭, 删除
"
blank out,"na. 同“blank”
"
waistline,"n. 腰围
"
rolling,"a. 旋转的, 波动的, 起伏的
n. 旋转, 轰响, 动摇"
joke,"n. 笑话, 玩笑, 笑柄
v. 开玩笑, 取笑, 作弄"
senior,"n. 年长者, 资深者, 毕业班学生
a. 年长的, 高级的, 资深的"
inescapable,"a. 逃不掉的, 不可避免的"
sort of,有几分地
tend to,"注意, 趋向"
lapse,"n. 过失, 流逝, 失效
vi. 犯错, 堕落, 减退, 消失, 流逝
vt. 使失效"
blame,"n. 过失, 责备
vt. 责备, 归咎于"
go by,"走过, 依照, 顺便走访"
related,"a. 讲述的, 叙述的；有关系的, 有关联的"
teenager,n. 十三岁到十九岁的少年
distracted,a. 心烦意乱的
disorganized,a. 无组织的；紊乱的
decade,"n. 十年, 十"
mechanism,"n. 机械, 机构, 结构, 机理, 技巧
"
psychologist,"n. 心理学家
"
inefficient,"a. 无效率的, 无能的
"
processing,
nerve,"n. 精神, 勇气, 叶脉, 神经
vt. 鼓起勇气"
efficiency,"n. 效率, 效能, 功效
"
athlete,"n. 运动员, 运动选手
"
task,"n. 工作, 任务, 作业, 困难的工作
vt. 派给...工作, 使辛劳
"
slow down,(使)慢下来
cell,"n. 单元, 细胞, 电池
"
caution,"n. 小心, 慎重, 警示
vt. 警告
"
skilled,"a. 熟练的
"
expend,"vt. 花费, 消耗, 用光"
compensate,"v. 偿还, 补偿, 付报酬"
slippage,"n. 滑移, 滑动, 滑程
"
normal,"n. 常态, 标准, 正常, 普通
a. 正常的, 正规的, 标准的, 师范的, 正态的
"
gear,"n. 齿轮, 工具
vt. 以齿轮连起, 开动, 使适应, 安排
vi. 连接上, 适合"
quick-fix,"n. 速效对策, 快速解决问题的办法"
top form,竞技状态很好
gym,"n. +体育馆, 体育训练, 体育课, 体操"
versus,"prep. 对...
"
revolution,"n. 革命, 大变革, 旋转, 转数, 循环
"
acutely,"adv. 尖锐地, 剧烈地"
fragile,"a. 易碎的, 脆的
"
boom and bust,经济繁荣与萧条的交替循环
outmode,vt. 使…过时；使…不流行
appetite,"n. 食欲, 欲望, 爱好
"
foresee,"vt. 预见, 预知"
industrial,"a. 工业的, 供工业用的, 工业高度发展的, 产业的
n. 工业工人, 工业股票"
phenomenon,"n. 现象, 迹象, 表现, 奇迹, 奇才
"
downturn,"n. (尤指经济方面的)衰退, 下降趋势
"
recovery,"n. 恢复, 复原, 痊愈, 重获
"
for good,"永久地, 永远地, 一劳永逸地"
insatiable,"a. 不知足的, 贪求无厌的
"
restructure,"vt. 更改结构, 重建, 调整"
immune,"a. 免疫的, 免除的, 不受影响的
n. 免疫者"
automation,"n. 自动化, 自动操作
"
threatened,"a. 受到威胁的
v. 威胁(threaten的过去分词)"
hail,"n. 冰雹, 致敬, 欢呼, 招呼
vt. 向...欢呼, 致敬, 招呼, 使象下雹样落下
vi. 招呼, 下雹
interj. 万岁, 欢迎"
via,"prep. 经由, 经过, 通过
"
digital,"a. 数字显示的, 数字的
n. 数字仪表, 数字式电子表(或时钟)
"
scary,"a. 容易受惊的, 胆小的, 提心吊胆的"
tightly,"adv. 紧紧地, 坚固地"
vulnerable,"a. 易受伤害的, 有弱点的, 易受影响的, 脆弱的, 成局的
"
script,"n. 手迹, 手稿, 正本, 手写体
vt. 改编为演出本
"
standardize,"vt. 使标准化, 使合于标准, 用标准检验
"
individual,"n. 人, 个人, 个体
a. 个别的, 个人的, 独特的"
creativity,"n. 创造力, 创造性"
perform,"vt. 进行, 履行, 完成, 执行, 表演
vi. 行动, 工作, 执行, 演出"
initiative,"n. 主动行动, 首创精神, 主动权
a. 自发的, 起始的"
giant,"n. 巨人, 大力士, 巨大怪物
a. 庞大的, 巨大的"
reinvent,vt. 重新使用；彻底改造；重复发明（在不知他人已发明的情况下）
notion,"n. 概念, 观念, 想法, 打算, 别致的小东西
"
imagination,"n. 想像, 听觉, 想像力
"
respond,"vt. 以...回答
vi. 回答, 响应, 回报, 有反应, 承担责任"
unexpected,"a. 料想不到的, 突然的, 意外的
"
predictable,a. 可预言的
formula,"n. 客套语, 公式, 准则
"
note,"n. 笔记, 记录, 注解, 票据, 符号, 显要, 注重, 便笺, 照会
vt. 记录, 注解, 注意"
reframe,"vt. 再构造, 重新制订, 再组织, 给...装上新框架"
innovate,"vi. 改革, 创新"
touch,"n. 触觉, 碰, 触, 机灵, 轻触, 格调, 少许, 缺点, 弹力
vt. 接触, 触摸, 触及, 使接触, 达到, 涉及, 影响到, 使轻度受害, 感动
vi. 触摸, 接近, 涉及, 提到"
augment,"v. 增加, 增长
"
institution,"n. 机构, 惯例, 制度
"
be prone to,"有...的倾向, 易于"
overreaction,[经] 反应过度
react,"vi. 起反应, 起作用, 反攻
"
negative,"n. 否定, 否定语, 负数, 底片
a. 否定的, 消极的, 负的, 阴性的
n. 负数, 负值
"
snap,"vt. 使突然中断, 猛咬, 争夺, 拉断, 使有啪啪声, 厉声说, 突然射击, 用快照拍摄
vi. 咬, 扑, 抓, 折断, 劈啪地响, 厉声说, 砰然关上
n. 猛咬, 猛扑, 劈啪声, 申斥, 快照, 活力, 一般时期的寒冷天气, 揿钮
a. 突然的, 装搭扣的
adv. 猛地
"
eliminate,"vt. 除去, 排除, 剔除, 消除"
hard-wired,硬连接
defense,"n. 防卫, 防卫物
"
millisecond,"n. 毫秒
"
accurately,"adv. 正确地, 精确地"
complex,"n. 综合体, 情结, 络合物
a. 复杂的, 组合的"
personality,"n. 个性, 人格, (团体、地方、国家)特有特性, 名人
"
neuroticism,[医] 神经过敏症
open-mindedness,[网络] 开放；开放的心；开放的心态
mechanism,"n. 机械, 机构, 结构, 机理, 技巧
"
assess,"vt. 估定, 对...征税, 评定
"
sociable,"a. 好交际的, 社交的, 过社会生活的
n. 联谊会"
aspect,"n. 外观, 方面, 面貌, 方向
"
stimulus,"n. 刺激, 激励, 刺激品
"
interpersonal,"a. 人与人之间的, 人际(关系)的
"
realm,"n. 王国, 领土, 领域
"
psychologist,"n. 心理学家
"
exclusive,"a. 排外的, 独占的, 唯一的
"
logo,"n. 连合活字, 商标, 徽标
"
unconsciously,"adv. 无意识地, 无意中, 不知不觉地"
associate,"n. 同伴, 伙伴, 关联的事物
vt. 使联合, 使发生联系
vi. 交往
"
impulse,"n. 冲动, 驱使, 刺激, 推动, 冲力, 建议, 脉冲
vt. 推动"
expose,"vt. 使暴露, 使曝光, 揭穿, 陈列
"
prime,"n. 最佳部分, 初期, 全盛期
a. 主要的, 最初的, 根本的
v. 加油启动, 灌注, 填装"
impatience,"n. 性急, 难耐, 焦急, 急躁"
subject,"n. 科目, 主题, 臣民, 主语, 题目, (事物的)经受者, 学科, 受治疗者, 原因, 理由
a. 服从的, 易患...的, 隶属的, 受支配的
adv. 在...条件下
vt. 使隶属, 使受到
"
flash,"n. 闪光, 闪现, 一瞬间
vi. 闪光, 闪现, 反射
vt. 使闪光, 反射"
reverse,"n. 相反, 背面, 倒退, 挫折, 失败
a. 反面的, 相反的, 反向的, 颠倒的
vt. 使颠倒, 使逆转, 使倒退, 使反向
vi. 倒退, 反向, 倒转, 反转
"
option,"n. 选择权, 挑选, 选项
"
representative,"n. 代表, 众议员, 典型
a. 描写的, 表现的, 代理的, 代表的, 代议制的, 典型的"
real estate,"不动产
"
screener,筛
attractive,"a. 吸引人的, 有魅力的
"
bias,"n. 偏见, 斜纹
a. 偏斜的
adv. 偏斜
vt. 使有偏见
"
influence,"n. 影响力, 权力, 势力
vt. 影响, 改变"
agent,"n. 代理商, 政府代表, 动原, 媒介
"
reject,"n. 被拒之人, 被弃之物, 不合格品, 次品
vt. 拒绝, 抵制, 否决, 驳回, 丢弃, 呕出"
applicant,"n. 申请者
"
slice,"n. 薄的切片, 一部分, 菜刀
vt. 切成薄片, 切下
vi. 切
"
ground,"n. 土地, 战场, 场地, 地面, 范围
a. 土地的, 地面上的
vt. 放在地上, 使搁浅, 打基础, 给...以训练
vi. 搁浅, 落地, 根据, 基于
a. 磨过的
grind的过去式和过去分词"
evaluation,"n. 评估, 估价, 求值
"
reliably,"adv. 可靠地, 可信赖地"
retreat,"n. 休息寓所, 撤退, 隐居, 退避
vi. 撤退, 隐退, 向后倾
vt. 退(棋)"
mute,"n. 哑子, 哑音字母, 弱音器
a. 哑的, 无声的, 沉默的
vt. 减弱...的声音
vi. 排泄"
differentiate,"v. 区别, 区分"
intermittently,adv. 间歇地
contemplate,"vt. 注视, 沉思, 盘算
vi. 冥思苦想"
imaginative,"a. 想像的, 虚构的"
capacity,"n. 容量, 能力, 才能, 资格
"
temptation,"n. 诱惑, 诱惑物
"
pause,"n. 暂停, 中止, 停顿, 间歇, 踌躇, 休止符
vi. 暂停, 中止, 停顿, 踌躇
"
rise above,升到…之上; 超越…; 克服; 沾沾自喜
trend,"n. 趋势, 倾向, 走向
vi. 倾向, 转向
"
particularly,"adv. 特别, 格外, 尤其, 详细地, 细致地"
diagnosis,"n. 诊断
"
peer,"n. 同等的人, 匹敌, 贵族
vi. 凝视, 窥视, 费力地看, 隐现
vt. 与...同等, 封为贵族"
treatment,"n. 治疗, 待遇, 处理
"
isolated,"a. 孤立的, 孤零零的
"
tough,"n. 恶棍
a. 强硬的, 艰苦的, 坚固的, 坚韧的, 粗暴的, 咬不动的"
side-by-side,"并排, 并肩"
perspective,"n. 远景, 透视感, (观察问题的)视角, 透视法, 看法, 透视图
a. 透视的, 透视法的
"
diagnose,v. 诊断
generate,"vt. 产生, 发生, 导致
"
liver,"n. 肝脏, 生活者, 居民
"
confront,"vt. 使面对, 对抗, 遭遇, 使对质, 比较
"
rare,"a. 稀罕的, 罕有的, 珍奇的, 稀薄的, 半熟的, 非常好的
adv. 非常"
tumor,"n. 肿大, 肿块, 瘤, 赘生物, 肿瘤
"
lung,"n. 肺, 肺脏, 空地
"
react,"vi. 起反应, 起作用, 反攻
"
organic,"a. 器官的, 有机的, 组织的, 根本的
"
addict,"vt. 使沉溺, 使上瘾
n. 入迷的人, 上瘾者"
stock up,备货
heal,"vi. 痊愈
vt. 使复原, 使和解, 治愈"
posse,"n. 一队, 一团, 地方武装团队
"
tour,"n. 旅游, 观光旅行, 任期
vi. 旅行, 周游, 巡回
vt. 周游, 观光, 游历, 使巡回演出"
celebrity,"n. 名声, 名人"
babe,"n. 小孩, 天真幼稚的人"
cartoonist,n. 漫画家
name a few, 说出一些或举些例子
documentary,"n. 记录片
a. 文件的"
cope,"vi. 竞争, 应付
n. 长袍"
make up,"na. 弥补；起草；定；签订
"
insightful,"a. 有深刻见解的, 富有洞察力的"
swear,"vt. 发誓, 咒骂, 使宣誓
vi. 发誓, 诅咒
n. 诅咒, 誓言"
second opinion,(由另一位专家提出的)第二意见
reflect,"vt. 反射, 反映, 招致, 深思
vi. 被反射, 映出, 深思, 考虑, 指责"
time-saving,"adj. 节约时间的
"
inform,"vt. 通知, 使了解, 使充满
vi. 提供资料, 告发"
gown,"n. 睡衣, 法衣, 大学全体师生
vt. 使穿睡衣"
regulation,"n. 规则, 管理, 调整
"
outfit,"n. 用具, 配备, 机构
vt. 配备, 供应
vi. 得到装备"
cautiously,adv. 慎重地
miracle,"n. 奇迹, 奇事"
mass,"n. 块, 大多数, 质量, 大量, 群众, 弥撒
a. 群众的, 大规模的, 整个的
vt. 使集合, 集中
vi. 聚集"
fashionable,"a. 时髦的, 上流社会的, 流行的"
be stuck with,"〈俚〉被…缠住无法摆脱,遇到困难无法进行下去"
eyebrow wax,无
dazzle,"v. (使)眼花, 炫耀
n. 耀眼"
superficial,"n. 表面, 外表
a. 表面的, 肤浅的, 面积的"
empirical,"a. 完全跟据经验的, 经验主义的
"
strategy,"n. 战略, 策略
"
psychologist,"n. 心理学家
"
illusory,"a. 产生幻觉的, 幻影的, 错觉的
"
superiority,"n. 优越, 高傲
"
statistical,"a. 统计的, 统计上的, 统计学的
"
impossibility,"n. 不可能之事, 不可能
"
deep-seated, [医]深在的
amass,"vt. 积聚, 堆积"
rose-tint,无
defensive,"a. 防卫的, 防备用的, 自卫的
n. 守势, 防卫姿势, 防卫物"
stereotype,"n. 铅版, 陈规, 老套
vt. 使用铅版, 把...印制成盲文, 套用老套, 使一成不变"
boost,"n. 推进, 吹捧
vt. 推进, 提高, 宣扬, 促进"
stalk,"n. 茎, 追踪, 高视阔步
vi. 悄悄靠近, 蹑手蹑脚地走近, 蔓延, 高视阔步
vt. 追踪, 搜索"
self-affirming,[网络] 自我证实；自身的断定
criticise,"v. 批评, 吹毛求疵, 非难"
esteem,"n. 尊敬, 尊重
vt. 尊敬, 尊重, 认为"
hot stuff,"卓越的人,精华,优秀运动员;烈性汉,色情狂"
oversee,"vt. 向下看, 了望, 监督, 偷看到
"
identify,"vt. 识别, 认为...等同于, 确定, 使参与
vi. 一致, 认同"
version,"n. 一种描述, 版本, 译文
"
visual,"a. 视觉的
"
automatic,"n. 自动手枪, 自动机械
a. 自动的, 机械的, 必然的, 无意识的"
intuitively,[计] 直觉地
conscious,"a. 有意识的, 知觉的, 觉察的
"
deliberation,"n. 熟虑, 熟思, 审议
"
falsely,"adv. 虚伪地, 错误地, 不实地"
genuinely,adv. 真诚地；诚实地
attractiveness,"[经] 吸引性, 有利可图"
lineup,"n. 阵容, 阵形, 布阵, 一组人"
alter,v. 改变
recognition,"n. 赞誉, 认得, 识别, 承认, 认可, 认识
"
flattering,"a. 谄媚的, 讨人欢喜的"
significant,"a. 重要的, 有效的, 有含义的, 暗示的, 值得注意的"
gender,"n. 性
vt. 产生"
evidence,"n. 根据, 证据, 迹象
"
doctor,"n. 医生, 博士
vt. 授以博士学位, 诊断, 修改
vi. 行医"
profound,"a. 极深的, 深厚的, 深刻的, 渊博的"
insecurity,"n. 不安全, 不安全感
"
correspond,"vi. 符合, 通信, 相当
"
marker,"n. 作记号的人, 记分员, 书签, 纪念碑, 里程碑, 标识物, 标记
"
delusion,"n. 迷惑, 欺瞒, 错觉
"
depressed,"a. 沮丧的, 降低的
"
response,"n. 反应, 回答, 响应
"
participant,"n. 参加者, 参与者
a. 有份的, 参加的, 参与的"
make up for,"补偿,弥补"
self-esteem, 自尊
reflection,"n. 反映, 沉思, 映像, 想法, 责难
"
viscerally,adv. visceral（内脏的；发自肺腑的）的变形
recognise,"vt. 认识, 辩认, 认出, 承认, 认可, 清楚地认识到, 自认, 公认, 赏识, 准许某人发言"
cream,"n. 乳酪, 奶油, 面霜
"
intellect,"n. 智力, 出众的才华, 知识分子
"
dishonest,"a. 不诚实的
"
portray,"vt. 描绘, 描写, 描绘...的肖像"
paradise,"n. 天堂, 乐园, 伊甸园"
wit,"n. 机智, 智力, 头脑, 理智, 妙语, 机智的人"
profile,"n. 侧面, 轮廓, 传略
vt. 描绘...轮廓, 写...的传略
"
idealise,"vi.vt. 使理想化, 使观念化"
contemporary,"n. 同时代的人
a. 同时代的, 属于同一时期的"
prospect,"n. 景色, 展望
vt. 勘探, 勘察
vi. 勘探, 有前途"
virtually,adv. 事实上
cling,"vi. 粘紧, 附着, 紧贴, 坚持"
communicate,"vt. 显露, 传达, 感染
vi. 通讯"
unbearable,"a. 无法忍受的, 承受不住的"
subway,"n. 地铁, 地道
vi. 乘地铁"
reality,"n. 实在, 事实, 实体, 逼真
"
gain,"n. 增益, 获得, 利润, 收获, 增加
vt. 得到, 增进, 赚到
vi. 获利, 增加
"
universal,"a. 全世界的, 普遍的, 宇宙的, 通用的
n. 一般概念"
interact,"vi. 互相影响, 交互作用
n. 幕间剧, 幕间休息"
plug,"n. 塞子, 栓, 插头
vt. 插入, 塞住, 接插头
vi. 被塞住"
approach,"n. 接近, 入门
vt. 接近, 近似, 找...商量
vi. 靠近"
screen,"n. 幕, 银幕, 屏风, 掩蔽物, 屏蔽, 筛子
vt. 掩蔽, 放映, 拍摄, 掩护, 筛, 甄别
vi. 拍电影
"
mental,"a. 心智的, 精神病的, 心理的, 颏的
n. 精神病患者"
rejection,"n. 拒绝, 抛弃, 驳回, 被抛弃的东西, 呕出物
"
advance,"n. 前进, 进展, 行过的路程
vi. 前进, 进展, 提高, 上涨
vt. 使前进, 促进, 提出, 提高, 使提前, 预付
a. 前面的, 预先的"
misinterpret,vt. 曲解
weird,"a. 怪异的, 超自然的, 不可思议的
n. 命运, 预言, 符咒"
executive,"n. 执行部门, 执行委员会, 执行者, 经理主管人员
a. 执行的, 善于执行的, 善于经营的
"
coach,"n. 四轮大马车, 教练
vt. 训练, 指导
vi. 坐马车旅行, 作指导"
innocent,"a. 无罪的, 不懂事的, 无知的
n. 天真的人, 笨蛋"
disruptive,"a. 分裂的, 破坏(性)的
"
inherently,"adv. 内在地, 生来地, 固有地
"
acquaintance,"n. 认识, 相识者"
security,"n. 安全, 安全性, 防护物, 保安, 可靠性, 担保人, 抵押品, 保证金
"
blanket,"n. 毛毯, 毯子
vt. 掩盖, 覆盖
a. 总共的"
perceive,"v. 感觉; 认识, 理解; 察觉到, 意识到, 注意到"
rip,"n. 裂痕, 破绽, 拉裂, 浪子, 巨浪
vi. 被拉开, 裂开, 猛冲
vt. 撕, 扯, 劈"
tuck,"n. 缝褶, 活力, 鼓声, 船尾突出部, 食品
vt. 打褶, 卷起, 挤进, 塞, 收藏
vi. 缝褶裥, 缩拢"
commuter,"n. 乘公共车辆上下班者, 月季票乘客
"
predict,"v. 预知, 预言, 预报"
participant,"n. 参加者, 参与者
a. 有份的, 参加的, 参与的"
positive,"a. 肯定的, 积极的, 有把握的
"
band aid, 邦迪创口贴
behavioral,a. 行为的
unthinkable,"a. 不能考虑的, 不能想像的, 想像不到的, 不合理的"
summarize,"v. 概述, 总结"
embarrass,"vt. 使困窘, 使局促不安, 阻碍"
commute,"vt. 交换, 折偿, 减轻
vi. 代偿, 经常乘车来往"
absolute,"a. 绝对的, 专制的, 完全的, 独立的
n. 绝对事物"
connection,"n. 连接, 关系, 前后关系
"
thrive,"vi. 繁荣, 兴旺, 茁壮成长
"
nonstandard,a. 不标准的
take its toll,"造成损失,造成伤亡"
rotate,"a. 辐状的
vt. 使旋转, 使转动, 使轮流
vi. 旋转, 循环
"
sociology,"n. 社会学
"
familial,"a. 家族的, 家庭的
"
decade,"n. 十年, 十"
variable,"n. 易变的事物, 变数, 可变物, 变量
a. 可变的, 不定的, 易变的, 变量的
"
shift,"n. 变化, 移动, 轮班, 手段, 应急办法, 移位
vt. 替换, 转移, 改变, 推卸, 变速
vi. 转换, 移动, 转变, 推托, 变速
"
stress,"n. 压力, 紧迫, 强调, 重音, 重点, 应力
vt. 加压力于, 着重, 重读"
relationship,"n. 关系, 关联
"
consequence,"n. 结果, 重要性
"
vary,"vt. 改变, 使多样化
vi. 变化, 有不同, 违反"
involve,"vt. 包括, 使陷于, 潜心于, 包围
"
participate,"vi. 参加, 分享, 参与, 带有
vt. 分享, 分担"
disproportionately,"adv. 不匀称, 不相称"
graveyard shift,[经] 夜间轮班
irregular,"n. 不规则物, 不合规格之物
a. 不规则的, 不整齐的, 不合法的"
gender,"n. 性
vt. 产生"
clerical,"n. 牧师
a. 文书的, 事务上的, 抄写员的, 牧师的"
household,"n. 一家人, 家庭, 家族, 王室
a. 家庭的, 家常的, 王室的"
generate,"vt. 产生, 发生, 导致
"
benefit,"n. 利益
vt. 有益于
vi. 受益"
dual,"a. 双重的, 双的
n. 双数"
split-shift, 交替分次轮班
schedule,"n. 时间表, 一览表, 计划表, 议事日程
vt. 预定, 编制目录, 制...表, 安排"
likelihood,"n. 可能, 可能性"
marital,"a. 丈夫的, 婚姻的, 夫妇间的
"
decline,"n. 衰退, 跌落, 下降
vt. 使降低, 婉谢
vi. 下降, 衰落, 偏斜"
correlation,"n. 相互关系, 相关, 关联
"
instability,"n. 不安定, 不稳定
"
interaction,"n. 交互作用, 交感
"
relative,"n. 亲戚, 关系词
a. 有关系的, 相对的, 比较的"
provider,"n. 供应者, 供养人, 伙食承办人
"
reliance,"n. 信任, 信赖, 受信赖的人(或事)
"
professional,"n. 专业人才
a. 专业的, 职业的"
employee,"n. 职员, 员工, 受雇人员
"
employer,"n. 雇主, 老板
"
substantial,"n. 重要材料(或事物), 有实际价值的东西
a. 实质上的, 物质的, 有内容的, 结实的"
convenience,"n. 方便, 便利的事物, 方便的时候"
mandate,"n. 命令, 指令, 要求
vt. 委任统治"
swing shift,"[经] 替班, 预备倒班"
premium,"n. 额外补贴, 奖金, 奖赏, 保险费
"
trend,"n. 趋势, 倾向, 走向
vi. 倾向, 转向
"
issue,"n. 发行, 问题, 后果, 流出, 出口, 争端
vi. 发行, 流出, 造成...结果, 传下
vt. 使流出, 放出, 发行, 发布, 发给"
discourse,"n. 谈话, 演讲
vi. 谈话, 讲述"
focus,"n. 焦点, 焦距
vi. 聚焦, 注视
vt. 使聚焦, 调焦, 集中
"
odd,"a. 奇数的, 古怪的, 剩余的, 零散的, 各种各样的, 少量的
n. 奇特的事物, 怪人
"
necessity,"n. 需要, 必需品, 必然
"
prevalent,"a. 普遍的, 流行的"
function,"n. 官能, 职务, 功能, 函数
vi. 活动, 运行, 行使职责
"
virtually,adv. 事实上
emphasize,"vt. 强调, 加强语气, 着重"
benefit,"n. 利益
vt. 有益于
vi. 受益"
emotional,"a. 情绪的, 情感的
"
highly,"adv. 非常, 非常赞许地
"
complexity,"n. 复杂, 复杂性, 复杂的事物"
celebrate,"v. 庆祝, 祝贺, 举行"
clip,"n. 修剪, 夹子, 回形针, 剪下来的东西
vt. 修剪, 痛打, 夹牢, 剪报
vi. 剪报"
increasingly,"adv. 逐渐地, 渐增地"
valuable,"a. 有价值的, 贵重的, 宝贵的, 可估价的
"
stove,"n. 火炉, 窑
vt. 用火炉烤
stave的过去式和过去分词"
announce,"vt. 宣布, 声称, 显示, 预告
vi. 当报幕员, 宣布参加竞选"
boost,"n. 推进, 吹捧
vt. 推进, 提高, 宣扬, 促进"
daring,a. 大胆的
networking,"[计] 连网, 建网"
whole,"n. 全部, 全体, 整体, 完全之体系
a. 所有的, 完整的, 完全的, 纯粹的"
exchange,"n. 交换, (电话)交换局, 交换机, 汇兑, 交易所
v. 交换, 交易, 兑换
"
barter,"n. 物物交换, 实物交易
v. 物物交换, 交换"
stuff,"n. 原料, 要素, 东西, 材料, 素质, 织品, 废物, 废话
vt. 装填
vi. 狼吞虎咽"
flat,"a. 平坦的, 单调的, 无力的, 浅的, 萧条的, 干脆的, 无聊的
adv. 平直地, 断然地
n. 扁平物, 平面, 平地, 平原, 平板车
v. (使)变平"
in advance,"预先
"
techie,"n. 技师, 技术员"
odd,"a. 奇数的, 古怪的, 剩余的, 零散的, 各种各样的, 少量的
n. 奇特的事物, 怪人
"
currency,"n. 货币, 通货, 流通, 通用
"
output,"n. 输出, 产品, 产量
"
machinery,"n. 机器, 机械装置, 机构
"
virtual,"a. 实际上起作用的, 虚的, 实质的, 有效的, 事实上生效的
"
garment,"n. 衣服, 衣装, 外表"
booming,"a. 急速发展的
"
ironing,n. 熨烫
primitive,"n. 原始人, 早期艺术家
a. 原始的, 上古的
"
barrier,"n. 障碍, 栅栏
"
coincidence,"n. 巧合, 同时发生
"
price,"n. 价格, 代价, 价值
vt. 定...的价格"
want,"n. 需要的东西, 缺乏, 贫困, 需要
vt. 要, 希望, 应该, 缺少
vi. 生活困苦, 需要, 缺少"
idle,"a. 懒惰的, 闲散的, 停顿的, 空闲的, 无用的
vi. 无所事事, 闲散, 浪费, 空转
vt. 虚度, 使闲散, 使空转
n. 空转, 空闲时间
"
advertising,"n. 广告业, 广告
a. 广告的
"
statistic,"n. 统计量
a. 统计的, 统计学的"
capacity,"n. 容量, 能力, 才能, 资格
"
register,"n. 寄存器, 记录, 登记簿, 注册
vt. 记录, 注册, 提示, 表达, 把...挂号
vi. 登记, 注册, 挂号
"
arrange,"v. 安排, 排列, 达成协议
"
grade,"n. 等级, 年级, 阶段, 成绩, 程度, 坡度, 斜坡
vt. 分等, 分级, 评分
vi. 属于某等级, 逐渐变化"
hyperinflation,n. 恶性通货膨胀
nontradable,[网络] 不可交易的
nonprofit,"a. 非赢利的, 无利可图的
"
liberate,"vt. 解放, 释放, 使自由
"
middleman,"n. 中间人
"
precapitalist,资本主义以前的
remote,"a. 遥远的, 偏僻的, 疏远的, 微少的
"
corrupt,"a. 腐败的, 贪污的, 讹误充斥的
vt. 使腐烂, 腐蚀, 使恶化
vi. 腐烂, 堕落"
evoke,"vt. 唤起, 引起, 召(魂)
"
strive,"vi. 努力, 奋斗, 斗争"
dean,"n. 院长, 主持牧师
"
intelligence,"n. 智力, 情报, 信息
"
promote,"vt. 促进, 晋升, 创办, 推销
"
counterpoint,"n. 对位法, 旋律配合, 复调"
pose,"n. 姿势, 姿态, 装模作样, 伪装
vi. 摆姿势, 装模作样, 假装
vt. 使摆好姿势, 提出, 造成"
one-time, 一倍；一下
council,"n. 会议, 委员会
"
persuasion,"n. 说服, 信念, 派别, 说服力"
analyze,"vt. 分析, 细察, 分解
"
previous,"a. 早先的, 前面的, 过急的
"
sphere,"n. 球, 球面, 球体, 天体, 地球仪, 范围
vt. 包围, 使成球体, 放入球内"
theorist,"n. 理论家, 理论工作者"
diplomacy,"n. 外交, 外交手腕, 交际手段
"
leadership,"n. 领导能力, 领导阶层"
preferable,"a. 更可取的, 更好的, 更合意的"
context,"n. 上下文, 背景, 来龙去脉
n. 上下文
"
historical,"a. 历史的, 史实的, 历史上的
"
outdated,"a. 旧式的, 落伍的, 过时的"
diffuse,"v. 散播, 传播
a. 散开的, 弥漫的"
undermine,"vt. 在...下面挖, 渐渐破坏, 暗地里破坏
"
synthesis,"n. 综合, 组织, 综合体
"
combination,"n. 组合, 合并, 联合
"
approach,"n. 接近, 入门
vt. 接近, 近似, 找...商量
vi. 靠近"
observe,"vt. 觉察到, 遵守, 注意到, 庆祝
vi. 注意, 评论"
emphasis,"n. 强调, 加强, 重点, 强语气"
democracy,"n. 民主政治, 民主主义
"
traditional,"a. 传统的, 惯例的
"
advocate,"n. 提倡者, 拥护者
vt. 主张, 提倡"
dominant,"a. 占优势的, 支配的
"
theoretical,"a. 理论的, 理论上的, 假设的, 推理的
"
transformational,[计] 变换的
round up,"na. 弄成圆球；使数目恰好；使成一个整数；赶在一块儿
"
academic,"a. 学院的, 学术的, 不切实际的
n. 大学生, 大学教师, 学者, 学会会员"
volume,"n. 册, 卷, 体积, 容量, 大量, 许多, 份量, 音量
vi. 成团卷起
vt. 把...收集成卷
a. 大量的
"
anecdote,"n. 轶事, 奇闻"
contemporary,"n. 同时代的人
a. 同时代的, 属于同一时期的"
corporate,"a. 社团的, 合伙的, 公司的
"
apparently,"adv. 表面上, 清楚地, 显然地"
summarize,"v. 概述, 总结"
slim,"a. 瘦的, 苗条的, 微小的, 稀少的, 微薄的
vi. 变苗条
vt. 使苗条"
morality,"n. 道德, 教训, 品行
"
alas,interj. 唉
depict,"vt. 描述, 描写"
nail the jelly to the wall,无
moral,"n. 道德, 品行, 寓意
a. 道德的, 品性端正的, 精神上的"
recur,"vi. 复发, 回到, 重现, 再来, 诉诸, 采用, 循环"
circumstance,"n. 环境, 状况, 事件"
vice versa,"反之亦然
"
fancy,"n. 想象力, 幻想, 喜好
a. 想象的, 精美的, 新奇的, 奇特的, 高价的, 特级的
vt. 想象, 设想, 相信, 喜爱
vi. 想象, 幻想"
slippery,"a. 滑的, 光滑的, 靠不住的, 圆滑的, 不稳固的
"
aspect,"n. 外观, 方面, 面貌, 方向
"
theme,"n. 主题, 话题, 题目"
thrive,"vi. 繁荣, 兴旺, 茁壮成长
"
ultimately,"adv. 最后, 最终
"
debt,"n. 债务, 罪过
"
acute,"a. 尖锐的, 敏锐的, 激烈的, 严重的, 急性的
"
converge,"vi. 聚合, 集中于一点
vt. 使集合"
deny,"v. 否认, 拒绝"
uncompetitive,a. 无竞争力的
devaluation,"n. 降低价值, 贬值
"
chronic,"a. 慢性的, 习惯性的
n. 慢性病患者"
core,"n. 核心, 果心, 要点
vt. 挖...的核
"
discipline,"n. 训练, 纪律
vt. 训练, 惩罚"
debate,"n. 辩论, 讨论
v. 争论, 辩论"
stuck,stick的过去式和过去分词
harmonisation,"n. 和谐, 协调, 相称
 "
harmonise,"vi.vt. 以和声歌唱/演奏, (使)协调, (使)一致, (使)相称, (使)调和"
disintegration,"n. 瓦解
"
dominant,"a. 占优势的, 支配的
"
competitiveness,[经] 竞争
back,"a. 后面的
vt. 使后退, 支持
vi. 倒退, 背靠
adv. 向后地
n. 背部, 后面"
sanction,"n. 核准, 制裁, 处罚, 约束力
vt. 制定制裁规则, 认可, 核准, 同意"
freeze,"vi. 冻结, 冷冻, 僵硬, 楞住
vt. 使结冰, 使冻住, 使呆住
n. 结冰, 凝固
"
suspension,"n. 悬挂, 暂停, 中止
"
quasi-automatic,[网络] 准自动
threat,"n. 恐吓, 恶兆, 威胁
"
fund,"n. 基金, 资金, 存款, 财源, 贮藏
vt. 提供资金, 积累"
ministerial,"a. 部长的, 内阁的, 执政的
"
council,"n. 会议, 委员会
"
co-ordination,[建] 配位
liberalism,n. 自由主义
inner,"a. 内部的, 内心的
n. 内部"
insist,"v. 坚持, 坚决主张, 强调"
majority,"n. 多数, 大半
"
rigour,"n. 严格, 严厉, 苛刻, 严酷, 严密, 精确"
interference,"n. 冲突, 干涉
"
politician,"n. 政客, 政治家, 从事党派政治的人
"
monetary,"a. 货币的, 金钱的
"
redistribution,"n. 重新分配, 再分发
"
via,"prep. 经由, 经过, 通过
"
fiscal,"a. 财政的, 国库的
"
murmur,"n. 低语, 低声的怨言
vi. 低语, 低声而言
vt. 低声说"
competition,"n. 竞争, 竞赛
"
intervene,"vi. 插入, 调停, 干涉
"
Eurobond, [财]欧洲债券
transfer,"n. 迁移, 移动, 传递, 转让, 转移, 过户, 汇兑, 换车
vt. 使转移, 调转, 调任, 改变, 传递, 转让
vi. 转移, 转学, 转职, 换车
"
curb,"n. 抑制, 勒马绳, 边石
vt. 抑制, 束缚, 勒住"
write off,"na. 注销(债款等)；报废；提笔就写(文章等)；减低资产账面额
"
liberal,"n. 自由主义者
a. 慷慨的, 不拘泥的, 宽大的, 自由主义的"
border,"n. 边缘, 边境, 边界, 花坛
vt. 在...上镶边, 接近
vi. 接界, 近似
"
ambitious,"a. 有野心的, 抱负不凡的, 雄心勃勃的"
blunt,"a. 钝的, 坦率的, 麻痹的"
globalization,"[计] 全球化, 普及到世界范围"
capitalism,"n. 资本主义
"
remarkably,"adv. 显著地, 引人注目地, 非常地"
internal,"a. 内在的, 国内的
"
comparable,"a. 可比较的, 比得上的"
attempt,"n. 尝试, 企图
vt. 尝试, 企图"
benign,"a. 善良的, 良性的
"
lingua franca,"n. 混合语, 任何混合国际商业用的语言"
emotional,"a. 情绪的, 情感的
"
parachute,"n. 降落伞
vi. 跳伞"
passion,"n. 激情, 酷爱, 热爱, 强烈感情, 耶稣受难(故事)"
objective,"n. 目的, 目标, 宗旨, 宾格, 实物
a. 客观的, 如实的, 无偏见的, 宾格的"
corporate,"a. 社团的, 合伙的, 公司的
"
spin off,"na. 母公司收回子公司全部股本使之脱离的做法；有用的副产品
"
mission,"n. 任务, 代表团, 使命, 传教团
vt. 派遣, 向...传教"
strategy,"n. 战略, 策略
"
era,"n. 时代, 纪元, 时期"
oriented,"a. 导向的
"
coincidence,"n. 巧合, 同时发生
"
conscious,"a. 有意识的, 知觉的, 觉察的
"
vocabulary,"n. 词汇(量), 词汇表
"
explicitly,adv. 明确地；明白地
coach,"n. 四轮大马车, 教练
vt. 训练, 指导
vi. 坐马车旅行, 作指导"
intend,"vt. 计划, 打算, 意思是
"
allegiance,"n. 忠贞, 效忠"
terminology,"n. 术语, 术语学
"
religious,"a. 宗教性的, 虔诚的, 宗教上的, 严谨的
n. 修道士, 出家人"
infuse,"vt. 注入, 使充满, 泡制, 鼓舞
vi. 泡"
importation,"n. 进口, 输入品
"
historically,adv. 历史上地；从历史观点上说
vision,"n. 视觉, 眼光, 视力, 幻想
vt. 梦见, 想象, 显示"
fulfillment,"n. 履行, 结束, 完成, 实现, 满意, 称心"
amid,"prep. 在其间, 在其中
"
buzzword,n. 流行词
motivate,"vt. 给与动机, 刺激, 提高...的学习欲望, 促动
"
prompt,"n. 激励, 提示, 提醒物, 提词, 付款期限
a. 迅速的, 敏捷的, 立刻的, 提词员的
vt. 激励, 鼓动, 提示
adv. 准时地
"
unplug,"vt. 拔开...的塞子, 拔去...的插头, 除掉...的障碍物"
life-hack,[网络] 生活秘诀；小帮手；生活黑客
boundary,"n. 边界, 分界线
"
bandwidth,"n. 频带宽度, 通带宽度
"
irony,"n. 反语, 讽刺, 具有讽刺意味的事"
willingly,"adv. 自动地, 欣然地"
linguist,n. 语言学家
buy,"vt. 买, 获得
vi. 买
n. 购买, 买得的东西"
fundamentally,"adv. 基础, 首要, 主要, 十分重要, 基本, 根本, 原始, 基频, 基音, 基谐波"
indifferent,"a. 漠不关心的, 无重要性的, 中立的
"
regular,"a. 规则的, 常例的, 有秩序的, 整齐的, 等边的, 定期的, 经常的, 合格的, 常备军的
n. 正规军, 正式队员
adv. 经常地
n. 正常体
"
absorb,"vt. 吸收, 使全神贯注, 同化, 买进, 理解, 承受, 忍受, 承担
"
nonsense,"n. 无意义的事, 荒谬言行, 荒唐"
define,"vt. 定义, 规定, 使明确
"
processor,"n. 信息处理机, 加工者, 处理者
"
secretarial,"a. 秘书的, 书记的"
vanish,"vi. 消失, 不见, 成为零"
memo,"n. 备忘录
"
rank,"n. 等级, 排, 横列, 队伍, 阶级
a. 茂密丛生的, 恶臭的, 十足的, 粗俗的
vt. 排列, 归类于, 把...分等
vi. 列为, 列队
n. 秩
"
employee,"n. 职员, 员工, 受雇人员
"
manufacture,"n. 产品, 制造
vt. 制造, 假造
vi. 制造"
wholesaler,"n. 批发商
"
typist,n. 打字员
executive,"n. 执行部门, 执行委员会, 执行者, 经理主管人员
a. 执行的, 善于执行的, 善于经营的
"
palm,"n. 手掌, 棕榈, 胜利
vt. 与...握手, 藏...于掌中"
decrease,"n. 减少, 减少量
v. 减少"
replace,"vt. 代替, 替换, 放回, 归还
"
end up,"竖着, 结束, 死"
unemployment,"n. 失业, 失业人数
"
shift,"n. 变化, 移动, 轮班, 手段, 应急办法, 移位
vt. 替换, 转移, 改变, 推卸, 变速
vi. 转换, 移动, 转变, 推托, 变速
"
telecom,telecommunication 电信
retrain,"vt. 重新训练, 再训练"
communication,"n. 交流, 交通, 通讯
"
technician,"n. 技师
"
tollbooth,n. 收费亭
collector,"n. 收集家, 收取款项的人
"
shake up,"na. 摇匀；摇动；抖匀(枕头等)；震动
"
pursue,"vt. 追赶, 追踪, 追随, 追求, 实行, 继续, 从事
vi. 追赶, 继续"
boom,"n. 繁荣, 隆隆声
vi. 急速发展, 发隆隆声
vt. 使兴旺, 发隆隆声"
fade,"vi. 褪色, 消失, 凋谢
vt. 使褪色
n. 淡入, 淡出
a. 平淡的"
complex,"n. 综合体, 情结, 络合物
a. 复杂的, 组合的"
air-traffic controller,空中交通指挥员
handle,"n. 柄, 把手, 把柄, 柄状物, 手感
vt. 触摸, 运用, 买卖, 处理, 操作
vi. 搬运, 易于操纵
n. 句柄
"
occupation,"n. 职业, 占有, 占有期, 占领, 占领军
"
bachelor's degree,学士学位
tough,"n. 恶棍
a. 强硬的, 艰苦的, 坚固的, 坚韧的, 粗暴的, 咬不动的"
available,"a. 可利用的, 可获得的, 有效的
"
clerical,"n. 牧师
a. 文书的, 事务上的, 抄写员的, 牧师的"
keep up with,"跟上
"
so-called,adj. 所谓的
enroll,"vt. 登记, 使加入
vi. 参军, 注册"
currently,"adv. 现在, 当前, 一般, 普通
"
credibility,"n. 可信用, 确实性, 可靠
"
at risk of,无
bureau,"n. 局, 办公处
"
occupational,"a. 职业的, 军事占领的
"
outlook,"n. 观点, 景色, 前途, 了望
"
online,[计] 联机
federal,"a. 联邦的, 联合的, 同盟的
"
statistic,"n. 统计量
a. 统计的, 统计学的"
handbook,"n. 手册
"
given,"a. 赠予的, 沉溺的, 约定的
give的过去分词"
electronic,"a. 电子的
"
payment,"n. 付款, 支付的款项(或实物), 偿还, 报应, 惩罚
"
prediction,"n. 预言, 预报
"
fruition,"n. 成就, 实现, 结果实"
means,"n. 方法, 手段, 工具, 财产, 收入
"
revolutionize,"vt. 向...鼓吹革命, 使发生革命性剧变"
only to,"不料竟会…,没想到会…"
advantage,"n. 优点, 便利, 好处, 优势
vt. 有助于"
cashless,"a. 无现款的,无现金的,无钱的"
around the corner,"在拐角处, 在附近, 即将来临"
decade,"n. 十年, 十"
predict,"v. 预知, 预言, 预报"
movement,"n. 运动, 动作, 运转, 移动, 倾向, 变化, 活动, 乐章
"
efficient,"a. 有效率的, 能干的"
factor,"n. 因素, 因数, 系数, 基因, 代理人
"
disappearance,"n. 看不见, 失踪, 消失"
card reader,[计] 读卡机; 卡片阅读机
telecommunications,"n. 电信, 通讯, 电信学
"
network,"n. 网络, 广播网, 网状物
"
check,"n. 检查, 支票, 阻止物, 寄物牌, 象棋中将军
vt. 检查, 阻止, 核对, 寄存, 托运
vi. 逐项相符, 开支票
"
consumer,"n. 消费者
"
float,"n. 漂流物, 浮舟, 漂浮, 浮萍, 彩车
vi. 浮动, 飘动, 散播, 摇摆, 动摇, 浮动
vt. 使漂浮, 容纳, 淹没, 发行, 实行
"
fund,"n. 基金, 资金, 存款, 财源, 贮藏
vt. 提供资金, 积累"
account,"n. 报告, 解释, 估价, 理由, 利润, 算账, 帐目
vi. 报帐, 解释, 导致, 报偿, 占, 杀死
vt. 认为
"
in the meantime,"同时;当其时,在其间"
eliminate,"vt. 除去, 排除, 剔除, 消除"
base on,"v. 根据
"
set up,"na. 建立；创立；发起；开办
"
form,"n. 形状, 形体, 类型, 方式, 表格, 形式
v. 形成, 排列, (使)组成
n. 表单
"
receipt,"n. 收据, 收入, 收到
vt. 开...的收据"
be unwilling to,[网络] 不愿意；不愿意做某事
cash,"n. 现金
vt. 兑现"
issuer,"n. 发行者
"
interest,"n. 兴趣, 嗜好, 利息, 利益, 爱好, 趣味, 势力
vt. 使感兴趣, 与...有关系"
immediate,"a. 立即的, 直接的, 接近的
"
security,"n. 安全, 安全性, 防护物, 保安, 可靠性, 担保人, 抵押品, 保证金
"
concern,"n. 关心, 忧虑
vt. 与...有关, 使担心, 使挂念"
unauthorized,"a. 未经许可的
"
hacker,"[计] 计算机窃贼, 计算机新技术挑战者, 黑客"
database,"n. 数据库
"
occurrence,"n. 发生, 事件, 出现
"
fraud,"n. 欺骗, 欺诈, 诡计, 骗子
"
marketer,"n. 赶集者, 市场商人
"
violate,"vt. 违犯, 亵渎, 违反, 侵犯, 妨碍
"
privacy,"n. 隐私, 隐居, 秘密
"
media,"n. 媒体
"
access,"n. 通路, 入口, 接近, 进入, 使用权, 发作
vt. 访问, 存取, 接近, 使用
"
alter,v. 改变
dishonest,"a. 不诚实的
"
employer,"n. 雇主, 老板
"
thereby,adv. 因此
be obsessed with,被…困扰
intrinsically,[计] 本质的
fuse,"n. 保险丝, 导火线
v. 熔化, 融合"
connection,"n. 连接, 关系, 前后关系
"
despair,"n. 绝望, 失望
vi. 绝望"
pervasive,"a. 普遍的, 流行的, 到处蔓延的, 到处渗透的"
slice,"n. 薄的切片, 一部分, 菜刀
vt. 切成薄片, 切下
vi. 切
"
identity,"n. 身份, 相同, 一致, 特性, 恒等式
"
innocent,"a. 无罪的, 不懂事的, 无知的
n. 天真的人, 笨蛋"
singular,"n. 单数
a. 异常的, 单一的"
unavoidable,"a. 不可避免的, 不得已的, 不能作废的
"
encode,"vt. 把(电文、情报等)译成密码
"
gender-neutral,性别中立
masculine,"n. 阳性, 男性
a. 男性的, 阳性的, 有丈夫气的"
version,"n. 一种描述, 版本, 译文
"
constancy,"n. 坚定不移, 持久不变"
associate,"n. 同伴, 伙伴, 关联的事物
vt. 使联合, 使发生联系
vi. 交往
"
nursery,"n. 托儿所, 苗圃, 温床
"
pastel,"n. 粉蜡笔, 粉蜡笔画, 随笔
a. 彩色蜡笔的, 蜡笔画的, 柔和的, 纤弱的"
intimation,"n. 暗示, 提示, 通知
"
symbolise,"vt. 象征, 代表, 作为...的象征
vt.vi. 用符号表示, 使用符号"
femininity,"n. 妇女特质, 温柔, 柔弱性
"
amplify,"vt. 增强, 放大, 扩大, 详述
vi. 引伸"
strategy,"n. 战略, 策略
"
come into one's own,"得到自己该得的东西, 盛行起来
"
inherently,"adv. 内在地, 生来地, 固有地
"
dominant,"a. 占优势的, 支配的
"
critical,"a. 批评的, 决定性的, 危险的, 临界的
"
profoundly,"adv. 深深地, 深切地"
perception,"n. 知觉, 感觉, 领悟力, 获取
"
psychological,"a. 心理学的, 精神上的, 心灵的
"
toddler,"n. 蹒跚行走的人, 学步的小孩, 学步的幼儿, (非正式)信步走的人"
phase,"n. 时期, 局面, 方面, 位相, 相, 阶段
vt. 使调整相位, 使定相, 使一致, 逐步执行, 实行
"
consumerism,n. 保护消费者利益运动
popularise,"vt.vi. 使通俗化, 使受欢迎, 使大众化, 使普及, 宣传, 推广"
dictate,"vi. 听写, 口述, 口授
vt. 口述, 使听写, 命令
n. 命令, 指挥, 指令"
core,"n. 核心, 果心, 要点
vt. 挖...的核
"
assume,"vt. 假定, 承担, 呈现
vi. 装腔作势, 僭越"
trick,"n. 诡计, 欺诈, 谋略, 恶作剧, 习惯, 决窍
vt. 愚弄, 欺骗, 装饰
vi. 哄骗, 戏弄
a. 有决窍的, 特技的, 欺诈的, 漂亮的, 靠不住的"
publication,"n. 出版物, 出版, 公布
"
infant,"n. 婴儿, 儿童, 初学者
a. 婴儿的, 幼稚的"
split,"n. 劈开, 裂片, 裂缝, 分裂, 派系, 派别, 柳条
a. 劈开的
vi. 分离, 分开, 裂开, 被劈开
vt. 劈开, 切开, 使分裂, 使分离
"
sure-fire, [电影]特警屠龙
segment,"n. 片段, 部分, 分节, 段
v. 分割, 分裂
"
gender,"n. 性
vt. 产生"
counsel,"n. 商议, 忠告, 法律顾问
v. 商议, 劝告"
evolve,"vi. 进展, 进化, 展开
vt. 使发展, 使推断出, 使进化"
category,"n. 种类, 类项
"
boost,"n. 推进, 吹捧
vt. 推进, 提高, 宣扬, 促进"
magnify,"vt. 放大, 扩大, 赞美, 夸大
vi. 有放大能力"
graduate,"n. 毕业生, 量杯
a. 已得学位的, 研究生的, 毕业的
vi. 毕业, 得学位, 逐渐变为
vt. 准予...毕业, 授予...学位, 分等级, 刻刻度"
diploma,"n. 文凭, 毕业证书
"
validity,"n. 有效性, 正确性
"
meaningless,a. 无意义的
award,"n. 奖品, 裁定, 判决
vt. 授予, 给予"
discover,"vt. 发现, 找到, 暴露
vi. 发现"
eventually,"adv. 最后, 终于"
repair,"n. 修理, 补救, 修复
vt. 修理, 修补, 补救, 恢复, 补偿
vi. 修理, 修补, 补救, 恢复, 去, 常去, 集合"
fortunate,"a. 幸运的, 幸福的"
literacy,"n. 读写能力, 识字, 精通文学"
basic,"n. 基本原理, 要素, 基本规律
a. 基本的, 碱性的
(计算机)BASIC语言"
pursue,"vt. 追赶, 追踪, 追随, 追求, 实行, 继续, 从事
vi. 追赶, 继续"
certificate,"n. 证书, 证明书
vt. 发给证明书, 用证书批准, 用证书证明"
dropout,"n. 退学学生, 中途退学
"
equivalency,"n. 均等, 同类, 同义, 等量, 等值, 等价, 相当, 相等"
cheat,"n. 欺骗, 作弊, 骗子
v. 欺骗, 逃脱, 骗取"
reveal,"vt. 露出, 显示, 透露, 揭露, 泄露, (神)启示
n. 窗侧, 门侧"
failure,"n. 失败, 失败者, 不足, 缺乏, 破产
"
charmer,"n. 巫士, 可爱的人"
intellectual,"n. 有知识者, 知识分子, 凭理智做事者
a. 智力的, 用脑力的, 聪明的"
get by,"通过, 混过"
trump,"n. 王牌, 法宝, 喇叭
vt. 打出王牌赢, 胜过
vi. 出王牌, 吹喇叭"
world-class, 世界级
talent,"n. 天才, 才能, 有才干的人, 天资"
senior,"n. 年长者, 资深者, 毕业班学生
a. 年长的, 高级的, 资深的"
embarrassment,"n. 困难, 阻碍, 困窘
"
academic,"a. 学院的, 学术的, 不切实际的
n. 大学生, 大学教师, 学者, 学会会员"
threaten,"vt. 恐吓, 威胁, 预示...的凶兆
vi. 威胁, 恫吓, 可能来临"
approach,"n. 接近, 入门
vt. 接近, 近似, 找...商量
vi. 靠近"
urge,"n. 冲动, 推动力, 迫切的要求
vt. 驱策, 力劝, 竭力主张, 推动
vi. 强烈要求"
flash,"n. 闪光, 闪现, 一瞬间
vi. 闪光, 闪现, 反射
vt. 使闪光, 反射"
radical,"n. 激进分子, 词根, 基础, 根式, 根
a. 激进的, 根本的, 基本的, 根的"
semester,n. 学期
parade,"n. 游行, 炫耀, 阅兵
v. 游行, 炫耀, (使)列队行进"
conclude,"vt. 结束, 作结论, 推断
vi. 结束, 推断"
comment,"n. 注解, 批评, 评论, 备注
vi. 评论, 注解
"
intelligence,"n. 智力, 情报, 信息
"
dumb,"a. 哑的, 不说话的, 无声音的
"
frequently,"adv. 频繁, 经常地"
master,"n. 主人, 硕士, 大师, 母机
a. 主人的, 主要的
vt. 征服, 控制, 精通"
perceive,"v. 感觉; 认识, 理解; 察觉到, 意识到, 注意到"
dishonest,"a. 不诚实的
"
sail,"n. 帆, 篷, 帆船, 航程, 帆状物
vi. 航行, 启航, 张帆而行
vt. 航行于, 驾船"
priority,"n. 优先权, 优先
"
motivate,"vt. 给与动机, 刺激, 提高...的学习欲望, 促动
"
hang on to,紧紧握住
generally,"adv. 通常, 逐渐地, 普遍地"
value,"n. 价值, 价格, 购买力, 评价, 估价, 计算结果
vt. 评价, 估价, 重视
"
desire,"n. 欲望, 要求
vt. 想要, 请求
vi. 渴望"
rise above,升到…之上; 超越…; 克服; 沾沾自喜
maturity,"n. 成熟, 完备, 到期
"
woo,"vt. 追求, 向...求爱, 恳求
vi. 求爱, 央求"
strive,"vi. 努力, 奋斗, 斗争"
image,"n. 影像, 肖像, 想象, 图像, 形象, 翻版
vt. 作...的像, 反映, 想象, 象征
n. 图像
"
admission,"n. 准许进入, 入场费, 录用, 承认
"
standard,"n. 标准, 规格, 旗, 军旗, 本位
a. 标准的, 合规格的
"
competitive,"a. 竞争的
"
project,"n. 计划, 设计, 事业
vt. 计划, 设计, 投掷, 发射, 使凸出, 放映
vi. 凸出"
reflect,"vt. 反射, 反映, 招致, 深思
vi. 被反射, 映出, 深思, 考虑, 指责"
appeal,"n. 恳求, 诉请, 上诉, 吸引力
vi. 呼吁, 诉请, 要求, 上诉, 有吸引力
vt. 将...上诉"
brand,"n. 商标, 牌子, 烙印
vt. 打烙印于"
managing director,n. 总经理; 常务董事
organization,"n. 组织, 结构, 团体, 体制
"
a sea change,[网络] 巨变；海底没有鱼；彻底的变革
specialize,"vt. 使特殊化, 列举, 特别指明, 限定...的范围
vi. 成为专家, 专攻"
nonprofit,"a. 非赢利的, 无利可图的
"
successful,"a. 成功的, 一帆风顺的, 顺利的
"
urban,"a. 都市的, 住在都市的, 习惯于都市的
"
management,"n. 经营, 支配, 管理
"
psychology,"n. 心理学, 心理状态
"
undisclosed,"a. 未泄露的, 保持秘密的, 不露真名的, 身分不明的
"
survey,"n. 纵览, 视察, 测量, 俯瞰, 调查
vt. 审视, 视察, 俯瞰, 通盘考虑
vi. 测量土地"
creation,"n. 创造, 创作物, 发明
"
architecture,"n. 建筑学, 建筑式样
"
come up with,"赶上, 提出"
banner,"n. 旗帜
a. 显著的, 特别好的"
sum,"n. 总数, 总和, 金额, 概要, 顶点
vt. 总计, 概括
vi. 合计
"
consultant,"n. 顾问, 征询意见者
"
structure,"n. 结构, 构造, 建筑物
vt. 构成, 组织"
identity,"n. 身份, 相同, 一致, 特性, 恒等式
"
adopt,"vt. 采用, 正式通过, 收养, 接受
"
individual,"n. 人, 个人, 个体
a. 个别的, 个人的, 独特的"
reveal,"vt. 露出, 显示, 透露, 揭露, 泄露, (神)启示
n. 窗侧, 门侧"
shift,"n. 变化, 移动, 轮班, 手段, 应急办法, 移位
vt. 替换, 转移, 改变, 推卸, 变速
vi. 转换, 移动, 转变, 推托, 变速
"
expand,"vt. 使膨胀, 详述, 扩张
vi. 张开, 发展
vt. 展开
vi. 展开
"
suburban,"a. 郊外的, 郊区的, (贬)偏狭的, 土气的, 见识不广的
n. 郊区居民"
highlight,"n. 加亮区, 精彩场面
vt. 加亮, 使显著, 以强光照射, 突出
"
significant,"a. 重要的, 有效的, 有含义的, 暗示的, 值得注意的"
alter,v. 改变
mostly,"adv. 大概, 大部分, 主要
"
institution,"n. 机构, 惯例, 制度
"
internal,"a. 内在的, 国内的
"
connection,"n. 连接, 关系, 前后关系
"
growth,"n. 生长, 栽培, 增长
"
eliminate,"vt. 除去, 排除, 剔除, 消除"
in addition to,"另外, 加之, 除…之外还"
spokeswoman,"n. 女发言人, 女代言人"
promote,"vt. 促进, 晋升, 创办, 推销
"
acknowledge,"vt. 承认, 告知收悉, 答谢, 报偿
"
substantial,"n. 重要材料(或事物), 有实际价值的东西
a. 实质上的, 物质的, 有内容的, 结实的"
application,"n. 应用, 申请, 志愿书, 应用程序
"
recession,"n. 后退, 凹处, 衰退, 归还
"
remove,"vt. 移动, 调动, 除去, 迁移, 开除, 移交
vi. 迁移, 移动, 搬家
n. 班级, 升级, 移动, 搬家, 间距
"
flee,"vt. 逃避, 逃跑, 逃走
vi. 逃, 消失"
chronicle,"n. 年代记, 记录, 编年史
vt. 把...载入编年史"
doom,"n. 厄运, 不幸, 法律, 宣告, 判决, 死亡
vt. 命中注定, 判决"
commission,"n. 委任状, 任官令, 所委职责, 佣金, 犯, 委托, 所托之事
vt. 委任, 委托制作, 使服役"
charitable,"a. 大慈大悲的, 宽厚的, 慈善的
"
subsidize,"vt. 补助, 资助, 贿赂
"
threaten,"vt. 恐吓, 威胁, 预示...的凶兆
vi. 威胁, 恫吓, 可能来临"
advertising,"n. 广告业, 广告
a. 广告的
"
federal,"a. 联邦的, 联合的, 同盟的
"
launch,"n. 下水, 汽艇, 发射
vt. 使下水, 发射, 发动
vi. 起飞, 下水, 投入, 开始"
corporation,"n. 公司, 合作, 法人团体
"
shrug off,na. (耸肩)表示轻蔑
margin,"n. 页边的空白, 边缘, 界限, 余裕, 差数, 差额, 保证金
vt. 加边于, 加旁注于
"
inhabit,"vt. 居住于, 占据, 栖息"
routine,"n. 常规, 日常工作, 惯例, 例行公事
a. 日常的, 常规的
"
stay afloat,n. 顺利运营
overboard,"adv. 自船上落下, 在船外"
newsroom,"n. 新闻编辑部, 报刊阅览室, 售报处"
nerve,"n. 精神, 勇气, 叶脉, 神经
vt. 鼓起勇气"
suburb,"n. 市郊住宅区, 郊区, 边缘"
journalist,"n. 新闻记者, 从事新闻杂志业的人"
reckon,"vt. 计算, 总计, 估计, 认为, 猜想
vi. 数, 计算, 估计, 依赖, 料想"
slim,"a. 瘦的, 苗条的, 微小的, 稀少的, 微薄的
vi. 变苗条
vt. 使苗条"
refuse,"vt. 拒绝, 谢绝
vi. 拒绝
n. 废物
a. 扔掉的, 无用的"
balanced,"a. 公平的, 平衡的
"
revenue,"n. 收入, 岁入, 税收, 税务局
"
advertiser,"n. 做广告者, 广告客户
"
cooperation,"n. 合作, 协力, 配合
"
stable,"n. 马房, 牛棚
a. 稳定的, 安定的, 坚固的, 坚定的
vt. 赶入马房
vi. 被关在马厩"
reliance,"n. 信任, 信赖, 受信赖的人(或事)
"
proportion,"n. 比例, 比率, 均衡, 部分, 面积
vt. 使成比例, 使均衡"
whirlwind,n. 旋风
harm,"n. 伤害, 害处
vt. 伤害, 损害"
distinctive,"a. 有特色的, 出众的"
savagely,adv. 野蛮地；残忍地
sweep,"n. 扫除, 打扫, 肃清, 视野, 范围, 全胜
vt. 扫除, 掸去, 猛拉, 扫荡, 肃清, 冲走, 刮起, 环视, 掠过, 扫射
vi. 扫, 打扫, 袭击, 席卷, 扫视, 掠过"
concentrate,"n. 浓缩, 精选
v. 集中, 专心"
bureaus,n. 局( bureau的名词复数 ); （提供某方面信息的）办事处; （美国政府部门）局; （附抽屉及活动写字台的）书桌
virtue,"n. 德行, 美德, 优点, 功效, 效力
"
swear,"vt. 发誓, 咒骂, 使宣誓
vi. 发誓, 诅咒
n. 诅咒, 誓言"
intensity,"n. 强烈, 紧张, 强度
"
semester,n. 学期
insult,"n. 侮辱, 无礼, 损害
vt. 损害, 侮辱, 攻击"
detect,"vt. 发现, 察觉, 探测
"
prose,"n. 散文
v. 写散文
a. 散文的, 平凡的"
peer,"n. 同等的人, 匹敌, 贵族
vi. 凝视, 窥视, 费力地看, 隐现
vt. 与...同等, 封为贵族"
assignment,"n. 分配, 功课, 任务, 转让, 归因, 陈述
"
composition,"n. 作文, 创作, 组成
"
essay,"n. 随笔, 短文, 评论, 企图
vt. 试图"
intelligence,"n. 智力, 情报, 信息
"
assume,"vt. 假定, 承担, 呈现
vi. 装腔作势, 僭越"
polished,"a. 擦亮的, 优雅的, 精良的"
resort,"n. 度假胜地, 手段, 凭借, 常去之地
vi. 诉诸, 常去"
fingerprint,"n. 指纹
vt. 采指纹"
conditional,"a. 有条件的, 有前提的
"
bargain,"n. 交易, 买卖协定, 特价商品
v. 讲价, 交易"
interference,"n. 冲突, 干涉
"
distress,"n. 苦恼, 贫困, 痛苦
vt. 使苦恼
a. 亏本出售的"
unpaid,"a. 未付款的, 不支薪水的
"
divine,"a. 神的, 神圣的, 非凡的
n. 神学家"
gratitude,n. 感激之情
fulfill,"vt. 实践, 履行, 实行, 完成, 结束, 满足
"
exception,"n. 例外, 除外, 异议
"
dean,"n. 院长, 主持牧师
"
vocabulary,"n. 词汇(量), 词汇表
"
borderline,"n. 边界, 界线
a. 边界的"
turn in,"v. 向里弯曲
"
thesis,"n. 论题, 论文"
question,"n. 问题, 询问
v. 询问, 审问, 怀疑
"
faulty,"a. 有过失的, 有缺点的, 不完美的, 应受责备的
"
confront sb. with sth.,"na. 使(被告)和(原告)对质
"
identical,"a. 同一的, 恒等的, 完全相同的
"
logic,"n. 逻辑, 逻辑学, 推理的方法, 推理, 逻辑性
"
previous,"a. 早先的, 前面的, 过急的
"
protest,"n. 抗议, 反对, 抗议书, 断言
v. 反对, 抗议, 断言"
compassionate,"a. 慈悲的, 富于同情心的, 照顾性的
vt. 怜悯, 同情"
resent,"vt. 愤恨, 憎恶, 怨恨"
circumstance,"n. 环境, 状况, 事件"
indicate,"vt. 显示, 象征, 指示, 指出
"
instructor,"n. 教员, 讲师
"
label,"n. 标签, 称号, 商标, 标志
vt. 贴标签于, 标注
"
widow,"n. 寡妇, 孀妇
vt. 使成寡妇"
emerge,"vi. 浮现, 形成, 出现, (事实)显露"
emerge from,从…出现
tin-roofed,[网络] 铁皮房顶的；铁皮屋顶
undivided,"a. 未分开的, 专一的, (组织等)未分裂的
"
jackpot,"n. 最大赌注, (彩票的)头奖, 最大成功, 意外的成功/奖赏, 困境"
fulfilment,"n. 履行, 结束, 完成, 实现, 满意, 称心
"
lottery,"n. 奖券, 彩票, 运气
"
new-found,a. 新发现的；新得到的
academic,"a. 学院的, 学术的, 不切实际的
n. 大学生, 大学教师, 学者, 学会会员"
behavioral,a. 行为的
counterintuitive,a. 违反直觉的
fantasy,"n. 幻想, 想象的产物
"
vision,"n. 视觉, 眼光, 视力, 幻想
vt. 梦见, 想象, 显示"
extravagant,"a. 奢侈的, 挥霍无度的, 浪费的"
satisfaction,"n. 满足, 满意, 快事, 赔偿, 赎罪, 报仇的机会
"
old-hat,"老式的, 过时的"
unique,"a. 独一无二的, 独特的, 稀罕的"
an array of,"一排,一大批…"
rewarding,"a. 有益的, 有报酬的, 报答的"
involve,"vt. 包括, 使陷于, 潜心于, 包围
"
fancy,"n. 想象力, 幻想, 喜好
a. 想象的, 精美的, 新奇的, 奇特的, 高价的, 特级的
vt. 想象, 设想, 相信, 喜爱
vi. 想象, 幻想"
wear off,"逐渐减弱, 消失, 磨损, 耗损"
creep in,开始发生
slim,"a. 瘦的, 苗条的, 微小的, 稀少的, 微薄的
vi. 变苗条
vt. 使苗条"
volume,"n. 册, 卷, 体积, 容量, 大量, 许多, 份量, 音量
vi. 成团卷起
vt. 把...收集成卷
a. 大量的
"
pack,"n. 包裹, 一伙, 一副, 背包, 包装
vt. 包装, 捆扎, 塞满, 压紧, 挑选
vi. 包装货物, 挤, 群集, 被包装
"
wage,"n. 工资, 报应, 报偿
vt. 开展, 进行
vi. 进行"
bang for one's buck,无
be better off,境况好
whopping,"a. 巨大的, 天大的
adv. 非常地"
charity,"n. 慈悲, 博爱, 慈善团体, 施舍
"
pleasurable,"a. 快乐的, 愉快的, 舒适的, 心情舒畅的"
luxury,"n. 奢侈, 豪华
a. 奢侈的, 豪华的"
enjoyable,"a. 可从中得到乐趣的, 令人愉快的"
sparingly,"adv. 节约地, 爱惜地, 吝惜地, 少量地, 贫乏地"
availability,"n. 有效性, 可利用性, 可利用的人
"
trick,"n. 诡计, 欺诈, 谋略, 恶作剧, 习惯, 决窍
vt. 愚弄, 欺骗, 装饰
vi. 哄骗, 戏弄
a. 有决窍的, 特技的, 欺诈的, 漂亮的, 靠不住的"
obsession,"n. 困扰, 困扰人的情绪
"
tip,"n. 顶, 尖端, 梢, 末端, 倾斜, 垃圾场, 小费, 轻击, 指点, 秘密消息
vt. 装顶端, 使倾斜, 使翻倒, 泄露, 告诫, 暗示, 给...小费, 轻击
vi. 倾斜, 翻倒, 倾覆, 踮脚走, 给小费
"
slave,"n. 奴隶, 从动装置, 卑鄙的人
vi. 拼命工作
"
commute,"vt. 交换, 折偿, 减轻
vi. 代偿, 经常乘车来往"
jolly,"a. 愉快的, 高兴的, 宜人的
vt. 恭维, 使高兴, 取笑
vi. 开玩笑
adv. 非常, 极为"
consume,"vt. 消耗, 消费, 消灭
vi. 耗尽, 毁灭"
restrict,"vt. 限制, 限定, 约束
"
privileged,"a. 有特权的, 有特别恩典的
"
anxious,"a. 忧虑的, 发愁的, 渴望的"
enhance,"vt. 提高, 加强, 增加"
incentive,"n. 动机
a. 激励的"
lot,"n. 运气, 签, 抽签, 份额, 许多, 一堆
vt. 划分
vi. 抽签, 抓阄"
scarcity,"n. 缺乏, 不足, 缺少
"
mandate,"n. 命令, 指令, 要求
vt. 委任统治"
come away,脱开
overweight,"n. 超过重量, 过重, 优势
a. 超过重量的, 超重的
vt. 使超重, 重于, 过于重视"
calcium,"n. 钙
"
likewise,"adv. 同样地, 也"
indicator,"n. 指示器, 指示剂, 指标
"
protective,"a. 给予保护的, 保护的
"
deficiency,"n. 缺乏, 不足
"
somewhat,"n. 某物, 几分
adv. 多少, 几分"
obesity,"n. 肥胖
"
define,"vt. 定义, 规定, 使明确
"
index,"n. 索引, 指针, 指数, 指标
vt. 编入索引中, 指出
vi. 做索引
"
divide,"vi. 分开, 分配, 分裂
vt. 分, 分开, 分裂, 除
n. 分配, 分水岭
"
obese,"a. 肥胖的
"
severely,"adv. 严格, 尖锐, 严肃, 严重, 严厉, 朴素"
turn out,"v. 证明；原来；到场
"
mass,"n. 块, 大多数, 质量, 大量, 群众, 弥撒
a. 群众的, 大规模的, 整个的
vt. 使集合, 集中
vi. 聚集"
equal,"n. 对手, 匹敌, 同辈
a. 相等的, 平等的, 胜任的, 合适的, 平静的, 不相上下的
vt. 等于, 比得上
"
square,"n. 正方形, 街区, 广场, 平方, 直角尺
a. 正方形的, 正直的, 公正的, 平方的, 方正的, 结清的
adv. 成直角地, 对准地
vi. 一致, 符合, 结清
vt. 使成方形, 使平方自乘, 调正, 结清, 使一致"
moderately,"adv. 适当地, 适度地, 中庸地"
numerical,"a. 数字的, 数值的, 以数字表示的, 擅长于计数的
"
straightforward,"a. 笔直的, 率直的, 明确的, 简单的, 直接的"
extremely,"adv. 极端地, 非常地"
collegiate,"a. 学院的
"
percentage,"n. 百分比, 比率, 部分, 可能性
"
frame,"n. 框, 结构, 体格
vt. 构成, 设计, 制定, 使适合, 陷害
"
standard,"n. 标准, 规格, 旗, 军旗, 本位
a. 标准的, 合规格的
"
fit,"n. 适宜, 合身, 发作, 痉挛
a. 适宜的, 对的, 准备好的
vt. 适合, 安装, 使合身, 使适应, 使合格
vi. 适合, 符合, 合身
"
professional,"n. 专业人才
a. 专业的, 职业的"
conversely,"adv. 相反, 逆, 颠倒, 反题, 反"
label,"n. 标签, 称号, 商标, 标志
vt. 贴标签于, 标注
"
stereotype,"n. 铅版, 陈规, 老套
vt. 使用铅版, 把...印制成盲文, 套用老套, 使一成不变"
disgrace,"n. 耻辱, 不名誉
vt. 使受耻辱, 使失体面"
associate,"n. 同伴, 伙伴, 关联的事物
vt. 使联合, 使发生联系
vi. 交往
"
laziness,"n. 怠惰, 无精打采"
professional,"n. 专业人才
a. 专业的, 职业的"
bias,"n. 偏见, 斜纹
a. 偏斜的
adv. 偏斜
vt. 使有偏见
"
tease,"n. 揶揄, 戏弄, 逗惹
vt. 戏弄, 取笑, 强求, 梳理, 使起毛"
prospect,"n. 景色, 展望
vt. 勘探, 勘察
vi. 勘探, 有前途"
harbor,"n. 港, 避难所
v. 庇护, 藏匿, (使)入港停泊"
look down on,"轻视, 看不起"
negative,"n. 否定, 否定语, 负数, 底片
a. 否定的, 消极的, 负的, 阴性的
n. 负数, 负值
"
ban,"n. 禁令
vt. 禁止, 取缔"
facility,"n. 容易, 灵巧, 设备
"
fitness,"n. 适合, 合宜, 合理, 恰当, 健康
"
launch,"n. 下水, 汽艇, 发射
vt. 使下水, 发射, 发动
vi. 起飞, 下水, 投入, 开始"
campaign,"n. 战役, 运动, 竞选运动
vi. 参加运动, 作战"
represent,"vt. 表现, 表示, 描绘, 讲述, 代表, 象征, 回忆, 再赠送, 再上演
vi. 提出异议"
threat,"n. 恐吓, 恶兆, 威胁
"
stimulate,"vt. 刺激, 激励, 鼓舞
vi. 起刺激作用"
sugary,"a. 含糖的, 糖一般的, 甜的"
institute,"n. 学会, 学院, 协会
vt. 创立, 开始, 制定, 任命"
initiative,"n. 主动行动, 首创精神, 主动权
a. 自发的, 起始的"
visibility,"n. 可见性, 能见度, 能见距离
"
claim,"n. 要求, 要求权, 断言, 权利
vt. 要求, 认领, 主张
vi. 提出要求, 主张, 断言"
security,"n. 安全, 安全性, 防护物, 保安, 可靠性, 担保人, 抵押品, 保证金
"
pour,"n. 流出, 倾泻, 骤雨
vt. 倒, 灌, 注, 倾泻, 诉说, 倾吐
vi. 倾泻, 蜂涌而来, 下大雨"
moan,"n. 呻吟, 悲叹
vi. 呻吟, 抱怨, 悲叹
vt. 呻吟着说"
under fire,受攻击
Conservative,"a. 保守的, 守旧的, 有保存力的
"
prime minister,"总理, 首相
"
election,"n. 选举, 当选, 选择权
"
queue,"n. 辫子, 一队人, 队列
vt. 使排队, 将...梳成辫子
vi. 排队
"
drive up,"抬高
"
national,"a. 国家的, 国立的, 全国性的, 民族的
"
chancellor,"n. 大臣, 总理, 首相, 大使馆/领事馆的一等秘书, 司法官, 大学校长"
financing,"n. 融资, 理财, 筹集的资金
"
fuss,"n. 大惊小怪, 小题大作, 忙乱
vi. 无事自扰, 焦急, 焦燥, 忙乱
vt. 使激动, 使烦燥"
lengthy,"a. 冗长的, 漫长的"
affluence,"n. 富裕, 丰富, 流注
"
income,"n. 收入, 收益, 流入
"
soar,"n. 高扬, 翱翔
vi. 往上飞舞, 高耸, 翱翔"
swell,"n. 增大, 隆起的部分, 巨浪, 肿胀
a. 优秀的, 一流的
vi. 增大, 膨胀, 肿胀, 增强, 骄傲
vt. 使膨胀, 使增大, 使上涨, 使骄傲"
uninsured,"a. 未保过险的
"
bankruptcy,"n. 破产者
"
announcement,"n. 公告, 发表, 告知
"
legacy,"n. 祖先传下来之物, 遗赠物
"
domestic,"a. 家庭的, 国内的, 驯养的
"
retiring,"a. 行将隐退的, 行将退休的, 就寝的"
unveil,"vt. 揭开, 揭幕, 除去...的面纱
vi. 显露, 除去面纱"
squeeze,"n. 紧握, 挤, 榨, 榨取, 佣金
vt. 紧握, 挤, 榨取
vi. 压榨, 榨"
ill,"n. 疾病, 坏事, 罪恶, 灾难
a. 生病的, 邪恶的, 不吉利的, 敌意的, 不良的, 不顺利的
adv. 有害地, 不幸地, 几乎不"
forecast,"n. 预想, 预测, 预报
vt. 预想, 预测, 预报
"
crush,"n. 压碎, 粉碎, 群众, 迷恋
vt. 压破, 征服, 塞, 弄皱, 榨出
vi. 被压碎, 起皱, 挤"
address,"n. 住址, 演说, 举止, 灵巧, 求爱
vt. 发表(演说或讲话), 对付, 写地址
"
unlike,"a. 不像的, 不同的
prep. 不像, 和...不同"
guarantee,"n. 担保, 抵押品, 保证书
vt. 保证, 担保"
coverage,"n. 覆盖的范围, 保险总额, 新闻报导
"
equivalent,"n. 同等物, 等价物, 相等物
a. 相等的, 相当的, 同意义的
"
universal,"a. 全世界的, 普遍的, 宇宙的, 通用的
n. 一般概念"
thanks to,由于
curious,"a. 好奇的, 求知的, 古怪的"
innovative,"a. 革新的, 创新的, 富有革新精神的"
cite,"vt. 引用, 引证, 表彰
"
unequal,"a. 不相等的, 不规则的, 不能胜任的
"
inefficiency,"n. 无效率, 无能
"
strength,"n. 力量, 实力, 强度, 浓度, 人数, 抵抗力
"
weakness,"n. 虚弱, 薄弱, 弱点
"
out of choice, 出于自由选择
shocking,"a. 令人震惊的, 极坏的, 不正当的"
disapprove,v. 不赞成
proportionately,"adv. 成比例地, 相称地"
share,"n. 部分, 参与, 一份, 参股, 份额
vt. 均分, 分担, 分享, 分配, 共有
vi. 分享
"
version,"n. 一种描述, 版本, 译文
"
default,"n. 违约, 不履行责任, 缺席, 默认值
v. 疏怠职责, 缺席, 拖欠, 默认
"
privately,adv. 秘密地；私下地
run up bills,无
socialize,"vt. 使社会化, 使社会主义化, 使适合社会需要
vi. (美)(非正式)参加社交活动, 发生社交往来"
