aberrant,"a. 偏离正路的, 偏离常轨的, 畸变的
"
aberration,"n. 离开正路, 偏离, 畸变, 光行差, 心理失常, 色差
"
abjure,"vt. 发誓断绝, 公开放弃
"
aboveboard,"adv. 光明正大地, 率直地
a. 光明正大的, 率直的"
abrogate,"vt. 废除, 取消
"
abstain,"vi. 自制, 戒绝, 弃权, 回避"
abstruse,"a. 难解的, 深奥的"
abysmal,"a. 深不可测的, 无底的"
access,"n. 通路, 入口, 接近, 进入, 使用权, 发作
vt. 访问, 存取, 接近, 使用
"
accolade,"n. 荣誉, 赞美, 骑士爵位的授予礼, 连谱号"
acerbic,"a. 酸的, 尖刻的"
acme,"n. 顶点, 极度, 最高点
"
acrimony,"n. 严厉, 尖刻
"
adamant,"n. 坚硬的东西
a. 非常坚硬的, 坚强的, 固执的"
adequate,"a. 适当的, 足够的
"
adjudicate,"v. 判决, 宣告, 裁定"
admonish,"vt. 警告, 劝告, 训诫, 告诫"
admonitory,"a. 警告的, 劝告的, 训诫的"
advocate,"n. 提倡者, 拥护者
vt. 主张, 提倡"
aesthete,"n. 审美家, 唯美主义者"
aesthetic,"a. 美学的, 审美的, 有美感的"
affable,"a. 和蔼可亲的, 友善的, 亲切的, 慈祥的"
affluent,"a. 丰富的, 富裕的
n. 支流, 富人"
afford,"vt. 买得起, 足以, 给予"
alacrity,"n. 敏捷, 轻快, 乐意"
altruism,"n. 利他主义, 利他"
amalgam,"n. 汞合金, 汞齐
"
ambiguous,"a. 不明确的, 模棱两可的
"
ambivalent,"a. 矛盾的, 模棱两可的
"
ameliorate,"v. 改善, 改良, 改进"
amenable,"a. 服从的, 会接纳的, 有义务的
"
amiable,"a. 亲切的, 和蔼可亲的
"
amok,"adv. 乱砍乱杀, 杀气腾腾地横冲直撞
"
amorphous,"a. 无定形的, 无组织的
"
amply,"adv. 充足地, 充裕地"
anachronism,"n. 时代错误, 不合潮流的人(物)
"
analogous,"a. 类似的, 相似的
"
anathema,"n. 令人厌恶的人, 强烈的遣责, 诅咒, 咒逐, 革出教门"
anemic,"a. 贫血的, 患贫血症的, 无活力的
"
animosity,"n. 仇恨, 憎恶, 敌意"
anodyne,"n. 止痛药, 镇痛剂
a. 止痛的"
anomalous,"a. 不规则的, 反常的
"
anomaly,"n. 不规则, 反常事物, 畸形
"
antedate,"vt. 先于, 前于
"
antic,"n. 滑稽动作
a. 古怪的"
antipathy,"n. 厌恶, 反感
"
antiquated,"a. 陈旧的, 过时的, 年老的"
antithetical,"a. 对立的, 正相反的"
apathetic,"a. 缺乏感情的, 无动于衷的, 缺乏兴趣的
"
apathy,"n. 无感情, 无兴趣, 冷漠
"
apex,"n. 顶, 尖端, 最高潮
"
aphorism,"n. 格言, 警语"
aphoristic,"关于格言/警句的, 格言/警句性的"
aplomb,"n. 沉着, 泰然自若, 垂直"
apocryphal,"a. 伪的, 不足凭信的"
apogee,"n. 远地点, 最高点, 极点
"
apostate,"n. 叛教者, 变节者, 脱党者
a. 叛教的, 变节的, 脱党的"
apothegm,"n. 格言, 箴言"
apotheosis,"n. 尊崇为神, 神化, 美化"
appease,"vt. 抚慰, 缓解, 平息, 姑息
"
appreciable,"a. 可感知的, 可评估的"
apprehension,"n. 理解, 忧惧, 逮捕
"
approbatory,"a. 认可的, 批准的, 赞赏的"
appropriate,"a. 适当的
"
appurtenant,"a. 附属的, 从属的
n. 附属物"
arbitrary,"a. 任意的, 武断的, 专治的, 霸道的"
arcane,"a. 神秘的, 晦涩难解的"
arch,"n. 拱门, 拱形, 足弓
vt. 使成弓形
vi. 拱起, 成弓形
a. 主要的, 调皮的, 傲慢无礼的, 狡猾的"
archaic,"a. 古体的, 过时的, 古老的, 古代的
"
arduous,"a. 费力的, 努力的, 险峻的"
arrant,"a. 声名狼藉的, 极恶的, 完全的"
arriviste,"n. 暴发户, 野心勃勃的人
"
arrogate,"vt. 没来由地把...归属于, 僭取
"
artful,"a. 巧妙的, 狡猾的"
artifice,"n. 诡计, 技巧, 巧妙"
artless,"a. 无虚饰的, 单纯的, 自然的"
ascendancy,"n. 优势, 支配地位"
ascetic,"n. 苦行者, 禁欲者, 修道者
a. 苦行的, 禁欲的"
ascribe,"vt. 归因于, 归咎于
"
askance,"adv. 怀疑地, 斜眼看"
asperity,"n. 粗暴, 严酷, 粗糙"
assail,"vt. 攻击, 质问
"
assuage,"vt. 平息, 缓和, 减轻"
atavism,"n. 隔代遗传, 返祖现象
"
attenuate,"a. 纤细的, 稀薄的, 稀释的
vt. 使减弱, 使纤细
vi. 变稀薄, 变纤细, 减少
"
audacious,"a. 大胆的, 鲁莽的, 胆大妄为的"
audacity,"n. 大胆, 厚颜无耻"
augment,"v. 增加, 增长
"
auspicious,"a. 吉兆的, 幸运的"
austere,"a. 严峻的, 禁欲的, 简朴的"
autocratic,"a. 独裁的, 专制的"
avarice,n. 贪婪
avaricious,a. 贪婪的
avert,"vt. 转开, 避免, 防止"
avid,"a. 渴望的, 急切的, 劲头十足的"
badger,"n. 獾, 獾皮毛
vt. 纠缠"
baleful,"a. 有害的, 恶意的"
assiduous,"a. 勤勉的, 刻苦的"
autonomous,"a. 自治的
"
balk,"n. 障碍, 错误, 失败
vt. 阻止, 错过, 推诿
vi. 逡巡不前"
banal,"a. 平凡的, 陈腐的"
banality,"n. 平凡, 陈腐"
banish,"vt. 驱逐, 消除
"
base,"n. 底部, 垒, 基础, 基地
vt. 以...作基础
a. 卑鄙的, 低劣的
"
bastardization,"n. 认定为私生子
"
beatific,"a. 至福的, 赐福的, 极乐的"
becoming,"a. 合适的, 适当的"
beg,"v. 乞求, 乞讨, 请求"
begrudge,"vt. 嫉妒, 羡慕, 勉强允给, 吝惜"
belie,"vt. 掩饰, 与...不符, 使失望"
belittle,"vt. 轻视, 贬低"
bellicose,"a. 好战的, 好斗的
"
belligerent,"a. 好战的, 交战的, 交战国的
"
bemoan,"vt. 哀悼, 惋惜, 认为遗憾, 哀叹"
benighted,"a. 赶路到天黑的, 陷入黑暗的, 愚昧的"
benign,"a. 善良的, 良性的
"
bereft,"a. 缺少的, 丧失的, 失去亲人的
bereave的过去式和过去分词"
besiege,"vt. 围攻, 包围"
besmirch,vt. 弄污
besotted,"a. 愚蠢的, 糊涂的"
betray,"vt. 出卖, 背叛, 辜负, 暴露
"
bilious,"a. 患胆(或肝)病的, 胆汁质的, 坏脾气的
"
blatant,"a. 喧嚣的, 吵闹的, 俗丽的, 炫耀的"
bleak,"a. 萧瑟的, 荒凉的, 阴冷的"
bolster,"n. 支持, 长枕
vt. 支持, 支撑"
boon,n. 恩惠
boorish,"a. 粗野的, 粗鄙的"
bowdlerize,"vt. 删除, 删改"
brazen,"a. 黄铜制的, 厚颜无耻的
vt. 厚脸皮地对待"
bridle,"n. 马勒, 约束
"
bristle,"n. 刚毛, 猪鬃
vi. 直立, 发怒, 充满
vt. 使直立"
broadside,"n. 猛烈的攻击/谴责, 连珠炮似的攻讦/谴责, 舷侧
adv. 无目标地, 胡乱地"
bromide,"n. 溴化物, 庸俗的人
"
brook,"n. 小溪
vt. 容忍"
browbeat,"vt. 对...吹胡子瞪眼睛, 吓唬"
buck,"n. 元, 雄鹿, 纨绔子弟, 鞍马, 培克(赌博时的庄家标志), 碱水, 自夸, 谈话
vi. 马背突然拱起, 反对, 吹牛, 闲聊
vt. 马背突然拱起将骑手摔下, 反对, 用碱水洗
a. 雄的"
bucolic,"a. 牧民的, 牧歌的, 乡下风味的
n. 田园诗, 农夫"
bumbling,a. 妄自尊大的
burgeon,"n. 芽, 嫩枝
v. 萌芽, 发芽"
buttress,"n. 拱壁, 扶壁, 支持物
vt. 支持, 以扶壁支撑"
Byzantine,"a. 拜占庭帝国的, 拜占庭式的"
cadaverous,"a. 象尸体的, 惨白的
"
callow,"a. 年轻而无经验的, (鸟)羽毛未丰的
"
calumny,"n. 诽谤, 中伤
"
canard,"n. 谣言, 误传"
candid,"a. 坦白的, 率直的, 公正的"
capacity,"n. 容量, 能力, 才能, 资格
"
capitulate,"vi. (有条件)投降
"
capricious,"a. 反复无常的, 多变的, 任性的"
cardinal,"n. 红衣主教, 鲜红色
a. 主要的, 深红色的"
carping,"a. 吹毛求疵的, 挑毛病的"
castigate,"vt. 惩罚, 苛评, 修订"
cataclysm,"n. 大洪水, 地震, (社会政治的)大变动
"
catalyst,"n. 触媒, 接触剂, 催化剂, 刺激因素, 促进因素
"
Catholic,"n. 天主教徒
a. 天主教的, 普遍的, 广泛的, 宽宏大量的"
Cavalier,"n. 骑士, 骑手"
cede,"vt. 割让
"
celerity,"n. 迅速, 快速"
censor,"n. 检查员
vt. 检查, 审查, 删改"
censure,"n. 责难
vt. 非难, 指责"
cerebral,"a. 脑的, 大脑的
"
chagrin,"n. 懊恼
vt. 使懊恼"
champion,"n. 冠军, 拥护者, 战士
vt. 保卫, 拥护
a. 优胜的"
charlatan,"n. 庸医
"
chary,"a. 细心的, 吝啬的, 谨慎的"
chastise,"vt. 责骂, 惩罚
"
chauvinism,"n. 盲目的爱国主义, 沙文主义
"
chauvinist,"n. 沙文主义者, 沙文主义组织
a. 沙文主义的"
check,"n. 检查, 支票, 阻止物, 寄物牌, 象棋中将军
vt. 检查, 阻止, 核对, 寄存, 托运
vi. 逐项相符, 开支票
"
checkered,"a. 盛衰无常的, 多波折的, 有格子花的, 有...交错着的, 变化多端的
"
chimera,"n. 客迈拉(狮头、羊身、蛇尾的吐火女怪), 假想的妖怪, 妄想
"
chivalrous,"a. 骑士的, 勇敢的"
choleric,"a. 易怒的
"
chortle,"vi. 咯咯笑
n. 咯咯的欢笑(声)"
churlish,a. 粗野的
circumscribe,"vt. 在...周围画线, 限制"
circumvent,"vt. 绕行, 陷害, 包围, 智取"
clemency,"n. 仁慈, 宽厚, 仁厚"
coalesce,"vi. 合并, 联合, 合生
"
cogent,"a. 使人首肯的, 使人信服的, 中肯切题的
"
cohesive,"a. 黏合在一起的
"
collusion,"n. 共谋, 勾结
"
colossal,"a. 巨大的, 巨像似的"
commendable,"a. 值得赞美的, 很好的"
commensurate,"a. 同量的, 同等的, 相称的"
complacent,"a. 满足的, 自满的, 得意的"
complaisant,"a. 谦恭的, 殷勤的, 顺从的"
complementary,"a. 补充的, 补足的
"
complicit,"a. 有同谋关系的,串通一气的[由 complicity 逆构]"
compound,"n. 混合物, 复合词, 化合物, 院子
a. 复合的, 混合的, 化合的
vi. 化合, 和解, 妥协
vt. 使复合, 使化合"
concede,"vt. 承认, 退让
vi. 让步"
conciliate,"vt. 安抚, 说服, 博得...的支持, 调和
"
concomitant,"a. 相伴的, 伴随的, 共存的
n. 伴随物"
conducive,"a. 有益于...的, 有助于...的, 助长的"
conflagration,"n. 大火灾, 大火, 冲突
"
behoove,"vt. 理应, 应该
vi. 理所当然"
brusque,"a. 唐突的, 直率的"
conflate,vt. 合并；异文合并
confound,"vt. 使混淆, 使狼狈, 挫败"
connive,"vi. 默许, 共谋, 纵容
"
consecrate,"vt. 把...供祭祀用, 奉献, 使神圣
a. 被献给神的, 神圣的"
conspicuous,"a. 显著的, 显眼的, 出众的"
constituent,"n. 成分, 选民, 构成物
a. 构成的, 组织的, 选举的"
constraint,"n. 强制, 约束
"
construe,"vt. 解释, 分析, 对...逐字直译
vi. 作句法分析
n. 直译"
consummate,"vt. 完成, 使完美
a. 无上的, 至上的, 完美的"
contemptuous,"a. 轻蔑的, 鄙视的, 瞧不起人的"
contentious,"a. 好争吵的, 爱争论的, 有异议的
"
contingent,"a. 或许发生的, 附随的, 偶然发生的
n. 偶然事件, 分遣队"
contrite,"a. 悔悟了的, 后悔的, 痛悔的"
contrition,"n. 完全悔悟, 悔改, 悔罪"
contrive,"v. 发明, 设计, 图谋"
conundrum,"n. 谜语, 难题"
convivial,"a. 酒宴的, 欢宴的, 欢乐的"
convoluted,"a. 盘绕的, 回旋的, 旋绕的, 卷绕的, 复杂的
"
copious,"a. 很多的, 丰富的, 内容丰富的"
cornucopia,"n. 丰盛
"
corollary,"n. 必然的结果, 系, 推论"
corroborate,"vt. 巩固, 确证
"
cosmopolitan,"a. 世界主义的, 世界性的, 全世界的, 遍生的, 不偏狭的, 卓有见识的
n. 世界主义者, 世界性"
coterminous,"a. 相连的, 连接的"
countermand,"vt. 取消, 撤回, 下命令召回
n. 收回命令, 取消命令"
cow,"n. 母牛, 母兽
vt. 威胁"
craven,"n. 懦夫, 怯懦者, 胆小鬼
a. 怯懦的, 畏缩的, 胆小的"
credence,"n. 信任, 祭器台, 供桌, 凭证
"
creditable,"a. 可称誉的, 声誉好的, 可信的"
credulity,"n. 易信, 轻信"
crestfallen,"a. 垂头丧气的, 意气沮丧的, 气馁的"
cryptic,"a. 神秘的, 含义模糊的, 隐藏的
"
crystallize,"vt. 使结晶, 使具体化
vi. 结晶, 具体化"
culminate,"vi. 到绝顶, 达于极点, 达到高潮
vt. 使到绝顶, 使达到高潮"
culpability,"n. 可责, 有罪性, 有过失"
cumbersome,"a. 笨重的, 麻烦的, 累赘的"
cupidity,"n. 贪心, 贪婪"
curmudgeon,"n. 脾气坏的人, 吝啬鬼"
dearth,"n. 缺乏, 粮食不足, 饥馑"
debase,"vt. 贬低, 降低"
debonair,"a. 温文有礼的, 高兴的"
debunk,"vt. 揭穿, 暴露, 拆穿假面具"
decimation,"n. 每十人杀一人, 大批杀害"
decorous,"a. 有礼貌的, 高雅的, 端正的"
decorum,"n. 端正, 礼貌, 合宜, 礼仪"
decry,"vt. 反对, 责难, 诽谤, 诋毁"
deferential,"a. 恭敬的
"
defray,"vt. 支付, 支出
"
degrade,"v. (使)降级, (使)退化"
deign,"vi. 屈尊
vt. 赐予"
delegate,"n. 代表
vt. 委派...为代表"
deleterious,"a. 有害的, 造成伤害的
"
deliberate,"a. 深思熟虑的, 故意的, 从容的
v. 仔细考虑"
delineate,"vt. 描绘...的轮廓, 描绘, 描写"
demean,"vt. 贬低身分, 贬损"
demonstrative,"a. 说明的, 指示的"
demur,"vi. 提出异议, 反对, 抗辩
n. 异议, 反对"
demure,"a. 装成端庄的, 假正经的, 娴静的"
denigrate,"vt. 使变黑, 玷污, 诋毁"
denote,"vt. 指示, 表示"
denouement,"n. 结局, 终场"
derelict,"a. 被抛弃了的, 无主的, 玩忽职守的
n. 遗弃物, 被遗弃的人, 玩忽职守者"
deride,"vt. 嘲弄, 嘲笑"
derisive,"a. 嘲笑的, 可笑的"
derivative,"a. 引出的, 派生的
n. 引出之物, 派生物, 衍生字"
derive,"vt. 得自
vi. 起源"
derogative,"a. 减损的, 毁损的"
desecrate,"vt. 供俗用, 亵渎, 轻蔑地对待"
desiccated,"a. 干的, 粉状的
v. 使干燥(desiccate的过去式); 变干"
desideratum,"n. 所愿望之物, 迫切需要之物"
despite,"n. 轻视, 憎恨
prep. 虽然, 尽管"
despot,"n. 专制君主, 暴君
"
destitute,"a. 穷困的, 缺乏的"
deter,"vt. 制止, 吓住, 威慑"
detrimental,a. 有害的
devolve,"vt. 转移, 下放(权力等), 委托
vi. 被移交"
diabolical,a. 恶魔的
diatribe,"n. 抨击, 谴责"
dictatorial,"a. 独裁者的, 独裁的, 独断的"
didactic,"a. 教训的, 说教的, 教导的, 教诲的
"
differentiate,"v. 区别, 区分"
diffident,"a. 无自信的, 谦虚谨慎的, 羞怯的"
dilapidated,"a. 破坏的；荒废的, 要塌似的"
dilatory,"a. 拖拉的
"
dilettante,"n. 业余爱好者
a. 外行的, 浅薄的"
diligent,"a. 勤勉的, 用功的"
diminutive,"a. 小的, 小型的, 指小的
n. 身材极小的人, 指小词, 爱称"
disabuse,"vt. 解迷惑, 使省悟"
disaffected,"a. 不满的, 不忠的, 疏远的"
discord,"n. 不调和, 不和
vi. 不一致, (声音)刺耳"
discreet,"a. 小心的, 慎重的"
discrete,"a. 不连续的, 离散的
"
discriminate,"v. 区别, 差别待遇"
discursive,"a. 离题的, 东拉西扯的"
disenfranchise,vt. 剥夺…的公民权（等于disfranchise）
disheartened,"a. 使失去勇气, 使气馁, 使沮丧, 使失去信心"
disingenuous,"a. 不老实的, 不诚实的, 狡猾的"
disinterested,"a. 无私欲的, 廉洁的, 公平的"
disparate,"a. 根本不同的, 全异的, 不相干的
n. 无法相比的东西(或人)"
dispassionate,"a. 冷静的, 不带感情的"
dispatch,"vt. 派遣
n. 派遣, 急件
"
dispensation,"n. 分配, 施与, (义务的)免除
"
dissemble,"v. 掩饰, 假装不知道"
cosset,"n. 供玩赏的小动物, 爱畜
vt. 宠爱, 珍爱, 溺爱"
disseminate,"vt. 散播, 传播, 宣传
vi. 广为传播"
dissipate,"vt. 散失, 驱散, 浪费
vi. 消散, 放荡"
dissolution,"n. 分解, 溶解, 解散, 结束
"
docile,"a. 容易教的, 温顺的"
dog,"n. 狗, 坏蛋
vt. 跟踪, 尾随"
dogmatic,"a. 教条的, 武断的"
doleful,"a. 悲哀的, 忧郁的, 阴沉的"
dolorous,"a. 忧伤的, 悲痛的"
doughty,"a. 强悍的, 勇敢的, 刚强的"
dovetail,"n. 楔形榫头
vt. 与...吻合, 用鸠尾榫接合
vi. 吻合"
dupe,"n. 傻瓜, 易受骗的人
vt. 欺骗, 愚弄"
duplicity,"n. 口是心非, 不诚实, 表里不一
"
duress,"n. 强迫, 监禁
"
ebullient,"a. 沸腾的, 热情的, 热情洋溢的"
eccentric,"n. 怪人, 偏心圆
a. 古怪的, 反常的, 不同圆心的"
eclectic,"n. 折衷主义者
a. 选择的, 折衷的"
economical,"a. 节俭的, 经济的, 合算的
"
edifying,"a. 有教训意味的, 有益的, 教训性的"
effervescent,"a. 冒泡的, 兴奋的, 泡腾的
"
efficacious,"a. 有效的, 灵验的"
effrontery,n. 厚颜无耻
egotist,n. 自我中心主义者
egregious,"a. 异乎寻常的, 过分的, 惊人的"
eke,"vt. 补充, 增加"
elaborate,"a. 精细的, 详尽的, 精心计划(或制作)的
vt. 详细地说明, 用心地制作, 发挥
vi. 变复杂, 作详细说明"
elegiac,"n. 哀歌, 挽歌
a. 哀歌体的, 挽歌的"
elicit,"vt. 引出, 推导出, 引起"
elucidate,"vt. 阐明, 说明"
elude,"vt. 逃避, 规避, 把...难倒"
elusive,"a. 难懂的, 易忘的, 难以捉摸的"
embellish,"vt. 修饰, 装饰, 润色"
eminent,"a. 显赫的, 杰出的, 有名的"
empathetic,a. 移情作用的；同感的（等于empathic）
empiricism,"n. 经验主义, 庸医的医术, 经验论
"
emulate,"vt. 效法, 尽力赶上, 同...竞争
"
enamor,"vt. 迷住, 使迷恋"
encumber,"vt. 妨害, 阻塞, 拖累
"
endemic,"n. 地方病
a. 某地(或某些人中)流行的, 地方的"
enervate,"vt. 使衰弱
a. 衰弱的, 无力的"
engender,"vt. 产生, 引起
vi. 发生, 形成"
enjoin,"vt. 吩咐, 命令, 嘱咐, 禁止
"
enmity,"n. 敌意, 憎恨"
enormity,"n. 暴行, 极恶, 巨大
"
enthrall,"vt. 迷惑, 奴役, 迷住"
entice,"vt. 诱骗, 引诱, 怂恿"
entrenched,"a. 牢固的, 根深蒂固的"
enumerate,"vt. 列举, 计算, 枚举, 数
"
ephemeral,"a. 朝生暮死的, 短命的, 短暂的
"
epigram,"n. 警句, 讽刺短诗"
Epiphany,"n. 主显节, 出现"
eponym,"n. 名字被用于命名地方(或机构)的人
"
equitable,"a. 公平的, 公正的
"
equivocal,"a. 意义不明确的, 模棱两可的
"
equivocate,"vi. 说模棱两可的话, 支吾"
eradicate,"vt. 根除, 扑灭, 根绝, 消灭"
err,"vi. 犯错, 做错, 犯罪
"
errant,"a. 周游的, 离开正道的, 不定的"
erratic,"n. 古怪的人, 漂泊无定的人
a. 不稳定的, 奇怪的"
ersatz,n. 代用品
erudite,"a. 博学的
n. 博学者"
eschew,"vt. 避开, 远避"
esoteric,"a. 秘教的, 奥秘的, 秘传的
"
espouse,"vt. 支持, 赞成, 嫁, 娶
"
estimable,"a. 可尊敬的, 可估计的"
ethereal,"a. 轻的, 飘渺的, 天上的
"
euphoria,"n. 兴奋, 陶醉, 陶醉感
"
evanescent,"a. 逐渐消失的, 容易消散的, 短暂的
"
evasive,"a. 逃避的, 回避的, 托辞的
"
evenhanded,"a. 公平的, 公平无私的"
exacerbate,"vt. 使恶化, 使增剧, 激怒, 使加剧"
exacting,"a. 苛求的, 吃力的"
exalt,"vt. 提升, 提高, 赞扬, 使得意
vi. 使人兴奋, 使人得意"
exasperate,"vt. 使恼怒, 激怒, 恶化
a. 糙面的, 恼怒的, 激怒的"
excoriate,"vt. 剥皮, 擦破皮肤, 严厉的责难"
excruciating,"a. 极痛苦的, 折磨人的, 精心制作的"
execrate,"vt. 憎恨, 憎恶, 诅咒
vi. 诅咒"
exegesis,"n. 注释, 解释"
exemplar,"n. 模范, 榜样, 原型, 标本"
exemplify,"vt. 例证, 例示
"
exhort,"v. 劝诫, 忠告"
exiguity,"n. 稀少, 微小"
exorbitant,"a. 过度的, 过高的, 过分的"
expansive,"a. 扩张性的, 使扩大的, 广阔的
"
expound,"v. 详细说明, 解释"
expunge,"vt. 擦掉, 删掉, 除去"
expurgate,"vt. 删除, 修订, 使纯洁"
extant,"a. 现存的, 未毁的"
extenuating,"a. 使减轻的, 情有可原的"
extrapolate,"v. 推断, 外推"
facetious,"a. 滑稽的, 爱开玩笑的"
facile,"a. 容易的, 灵巧的, 温和的"
factious,"a. 好搞派系的, 好结党营私的"
factitious,"a. 人为的, 人工的, 不自然的
"
fallacious,"a. 使人误解的, 谬误的, 不合理的, 骗人的"
fastidious,"a. 难取悦的, 挑剔的, 苛求的"
fawn,"n. 小鹿
vi. 摇尾乞怜, 奉承"
feckless,"a. 无效的, 无能的, 不负责任的"
embroil,"vt. 使卷入, 牵连"
fecund,"a. 生殖力旺盛的, 多产的, 丰饶的, 肥沃的"
fell,"vt. 击倒
n. 一季所伐的木材, 折缝
a. 凶猛的, 可怕的
fall的过去式"
ferret,"n. 白鼬, 雪貂, 侦探
vt. 用雪貂打猎, 搜出, 驱出
vi. 搜索"
fete,"n. 庆祝, 祭祀, 节日
vt. 宴请, 招待"
fickle,"a. 变幻无常的, 浮燥的, 薄情的"
finagle,"v. 欺骗, 哄骗, 欺瞒"
firebrand,"n. 火把, 在燃烧的木柴, 煽动叛乱者"
flag,"n. 标志, 旗标, 旗子, 信号旗, 菖蒲
vt. 悬旗, 打旗号, 铺石板
vi. 无力地下垂
"
fledgling,"n. 羽毛初长的雏鸟, 刚会飞的幼鸟, 无经验的人"
fleece,"n. 羊毛, 羊毛制的覆盖物
vt. 剪下羊毛, 诈取"
flippant,"a. 轻率的, 没礼貌的, 嘴碎的"
flounder,"vi. 挣扎, 折腾；错乱地做事或说话"
flummox,"vt. 使狼狈, 使失措, 使混乱, 挫败
n. 失败"
flush,"n. 流溢, 面红, 旺盛, 发烧, 惊飞的鸟, 同花牌
a. 丰足的, 齐平的, 满盈的, 泛滥的
adv. 齐平地, 直接地
vi. 脸发红, 奔涌, 旺盛, 惊飞
vt. 淹没, 冲洗, 使脸红, 使激动, 使齐平, 使惊飞"
flux,"n. 流出, 涨潮, 变迁
vi. 熔化, 流出
vt. 使熔融
"
foible,"n. 弱点, 缺点"
foment,"vt. 热敷, 煽动"
foolhardy,"a. 愚勇的, 有勇无谋的"
forlorn,"a. 孤独的, 悲惨的, 凄凉的"
forthcoming,"a. 即将来临的
n. 来临"
forthright,"adv. 直率地, 直接地, 马上, 立即
a. 直接的, 直率的, 坦白的
n. 直路"
fortuitous,"a. 偶然的
"
fractious,"a. 易怒的, 倔强的, 脾气不好的"
frivolous,"a. 轻佻的, 妄动的, 琐碎的
"
frugal,"a. 节俭的, 朴素的"
frustrate,"vt. 挫败, 击败, 破坏
a. 无益的, 挫败的, 挫折的"
furtive,"a. 秘密的, 隐密的, 偷偷摸摸的"
futile,"a. 无用的, 琐细的, 不重要的"
gaffe,"n. 过失, 失态, 出丑"
gainsay,"vt. 否定, 反驳
n. 否认, 反驳, 反对"
gall,"n. 胆汁, 五倍子, 苦味, 肿痛, 恼怒, 磨损处
vt. 烦恼, 屈辱, 磨伤
vi. 被磨伤"
galvanize,"vt. 通电, 镀锌, 使...感到震惊"
gambit,"n. 以取得优势的开局棋法, 开场白, 话题"
garrulous,"a. 饶舌的, 多嘴的, 喋喋不休的"
gauche,"a. 缺乏社经验的, 笨拙的, 粗鲁的, 无礼的, 偏转的"
genial,"a. 和蔼的, 亲切的, 友善的
"
genteel,"a. 有教养的, 上流的, 优雅的"
germane,"a. 关系密切的, 有关的, 同样的, 恰当的, 贴切的
"
gerrymander,"vt. 为政党利益改划选区
vi. 不公正地划分选区
n. 改变选举区"
glean,"v. 拾落穗, 收集"
glib,"a. 能说善道的, 流畅的"
glut,"n. 大量, 供过于求
vt. 使充满, 使吃饱, 过多供应
vi. 吃得过多, 狼吞虎咽"
goad,"n. 赶牛棒, 激励, 刺激
vt. 用刺棒驱赶, 激励, 刺激, 唆使, 煽动"
gossamer,"n. 小蜘蛛网, 蛛丝, 薄纱
a. 薄弱的, 轻飘飘的"
graft,"n. 嫁接, 贪污
v. 嫁接, 移植, 贪污"
grandiloquent,"a. 大言不惭的, 夸张的, 夸大的"
gregarious,"a. 社交的, 群居的"
grovel,"vi. 趴, 匍匐, 卑躬屈膝"
guffaw,"v. 哄笑, 狂笑
n. 哄笑, 狂笑"
guileless,"a. 不狡猾的, 诚实的"
gumption,"n. 通情达理, 精明能干, 进取精神, 勇气, 主动性, 常识
"
hackneyed,"a. 使用过于频繁的, 常见的, 陈腐的"
hail,"n. 冰雹, 致敬, 欢呼, 招呼
vt. 向...欢呼, 致敬, 招呼, 使象下雹样落下
vi. 招呼, 下雹
interj. 万岁, 欢迎"
halcyon,"n. 神翠鸟, 翡翠鸟
a. 宁静的, 平稳的, 翡翠鸟的"
hamper,"n. 食篮, 阻碍物, 食盒
vt. 阻碍, 使困累, 妨碍, 牵制"
hamstrung,hamstring的过去式和过去分词
haphazard,"n. 偶然性, 偶然事件
a. 无计划的, 偶然的, 随便的
adv. 偶然地"
harangue,"n. 演讲, 热烈讨论, 长篇大论, 夸夸其谈
vt. 向...夸夸其谈地讲话"
haughty,"a. 傲慢的, 骄傲的, 崇高的"
hauteur,n. 傲慢；自大
hector,"n. 威吓者, 虚张声势的人
vt.vi. 说大话, 吓唬, 折磨, 愚弄"
hedge,"n. 树篱, 障碍, 套头交易
vt. 用树篱围, 套期保值, 妨碍, 两面下注以防...的损失
vi. 筑树篱, 躲闪, 两面下注以防损失
a. 树篱的, 偷偷摸摸的"
hegemony,"n. 霸权, 领导权, 支配权, 拥有支配权的政府
"
heretic,"n. 异教徒, 异端者"
heyday,"n. 全盛期
interj. 嘿"
histrionic,"a. 演员的, 演剧的, 矫揉造作的
n. 演员, 演剧, 戏剧性"
hoary,"a. 灰白的, 陈旧的
"
hobble,"vi. 蹒跚
vt. 使跛行, 阻碍
n. 跛行"
hodgepodge,"n. 杂烩菜, 混杂物"
hoodwink,"vt. 遮眼, 蒙蔽, 欺骗"
hound,"n. 猎犬
vt. 带猎犬狩猎, 追捕, 激励, 使追逐"
hubris,"n. 傲慢, 狂妄野心"
humdrum,"a. 平凡的, 单调的, 令人厌烦的
n. 平凡, 单调, 无聊
vi. 单调令味地进行"
iconoclast,"n. 反对偶象崇拜者, 提倡打破旧习的人"
iconoclastic,"a. 反对偶象崇拜的, 打破旧习的"
idiosyncrasy,"n. 气质, 特性, 风格
"
ignoble,"a. 卑贱的, 卑鄙的, 低级的"
ignominious,"a. 可耻的, 不名誉的, 下流的"
illicit,"a. 不法的, 不正当的, 禁止的
"
illustrious,"a. 著名的, 辉煌的, 明亮的"
imbibe,"vt. 饮, 吸取, 吸入
vi. 喝, 吸收水分"
imbroglio,"n. 纷乱, 纠葛, 一团糟"
immaterial,"a. 非物质的, 无形的, 精神的
"
immure,"vt. 监禁, 禁闭"
immutable,"a. 不可变的, 不变的, 不能变的"
impartial,"a. 公平的, 不偏不倚的
"
impeccable,"a. 无懈可击的, 勿容置疑的, 无瑕疵的, 不会做坏事的"
impecunious,"a. 没有钱的, 身无分文的, 贫穷的"
impede,"vt. 妨碍, 阻碍, 阻止"
impending,"a. 即将发生的, 迫切的, 悬空的
"
imperious,"a. 专横的, 傲慢的, 迫切的
"
impermeable,"a. 不能渗透的, 不能通过的
"
impertinent,"a. 不切题的, 鲁莽的, 无礼的, 粗鲁的, 不恰当的"
impervious,"a. 透不过的, 不易损坏的, 无动于衷的, 不受影响的
"
impetuous,"a. 冲动的, 猛烈的, 轻率的, 狂暴的"
implacable,"a. 不能安抚的, 难和解的, 不变的"
implausible,"a. 难以置信的, 不象真实的"
implicate,"vt. 涉及, 含意, 暗示, 牵连
n. 包含的东西"
hamstring,"n. 后腿腱
vt. 切断腿腱使成跛腿, 使瘫痪"
harry,"vt. 掠夺, 使苦恼, 强使前行, 折磨, 骚扰"
imponderable,"a. 无重量的, 无法计算的, 不可估价的
n. 无法衡量的事物"
impregnable,"a. 无法攻取的, 坚强不屈的, 驳不倒的"
improvident,"a. 无远见的, 浪费的"
imprudent,"a. 轻率的, 鲁莽的"
impudent,"a. 鲁莽的, 卑鄙的, 厚颜无耻的"
impugn,"vt. 责难, 抨击, 攻击
"
impute,"vt. 归罪, 使负责, 嫁祸于"
inadvertent,"a. 漫不经心的, 非故意的"
inanity,"n. 空虚, 愚蠢"
inarticulate,"a. 口齿不清的, 说不出的, 难于言喻的
"
incense,"n. 香, 香气, 奉承
vi. 焚香
vt. 用香焚, 使发怒"
incessant,"a. 不断的, 不绝的, 无尽的"
inchoate,"a. 刚开始的, 不成熟的, 未发达的
"
incisive,"a. 敏锐的, 机敏的, 激烈的, 切入的, 锋利的
"
inclement,"a. 险恶的, 严酷的"
incongruous,"a. 不协调的, 不一致的, 不合适的"
incontrovertible,"a. 无争论余地的, 无疑的, 明白的
"
incorrigible,"a. 无药可救的, 积习难改的
n. 不可救药的人"
incumbent,"a. 现任的, 依靠的, 负有义务的
n. 领圣俸者, 在职者"
indecorous,"a. 不得体的, 不合礼节的"
indict,"vt. 起诉, 控告, 指控
"
indifference,"n. 不重视, 无兴趣, 漠不关心
"
indigenous,"a. 本土的, 国产的, 固有的
"
indigent,"a. 贫乏的, 穷困的"
indignant,"a. 愤怒的, 愤慨的"
industrious,"a. 勤勉的, 刻苦的"
ineffable,"a. 无法形容的, 不可言喻的, 避讳的"
ineluctable,"a. 不可避免的, 无法逃避的"
inequity,"n. 不公平, 不公正"
inexorable,"a. 无情的, 冷酷的"
infelicitous,"a. 不幸的, 不完善的, 不适当的"
inflammatory,"a. 激动的, 煽动的, 炎症性的
"
ingenuity,"n. 心灵手巧, 精巧, 精巧设计"
ingenuous,"a. 坦白的, 正直的, 天真的"
inimical,"a. 有敌意的, 有害的, 抵触的"
inimitable,"a. 无法仿效的, 独特的, 无比的"
inkling,"n. 暗示, 微微觉得"
innocuous,"a. 无害的, 无伤大雅的
"
inscrutable,"a. 难以了解的, 不能预测的
"
insidious,"a. 隐伏的, 阴险的, 狡猾的
"
insipid,"a. 乏味的, 清淡的, 难吃的
"
insolent,"n. 侮慢无礼的人
a. 粗野的, 无礼的, 侮慢的"
insolvent,"a. 无力偿还的, 破产的
n. 无力偿还者, 破产者"
insouciance,n. 无忧无虑
insufferable,"a. 不可忍受的, 忍耐不住的"
intermittent,"a. 间歇的, 断断续续的
"
internecine,"a. 互相残杀的, 两败俱伤的, 致命的
"
intimate,"a. 亲密的, 私人的, 秘密的
vt. 暗示, 通知, 告诉
n. 至交"
intimation,"n. 暗示, 提示, 通知
"
intransigent,"a. 非妥协性的
n. 不妥协的人"
intrepid,"a. 无畏的, 勇猛的"
inundate,"vt. 浸水, 泛滥, 淹没, 使充满"
inure,"vt. 使习惯于
vi. 生效"
invective,"n. 恶言漫骂, 臭骂
a. 漫骂的, 非难的, 恶言的"
inveterate,"a. 根深的, 成癖的, 积习的
"
invidious,"a. 引起反感的, 惹人不快的, 不公平的, 诽谤的"
inviolable,"a. 不可亵渎的, 不可侵犯的, 神圣的
"
inviolate,"a. 未亵渎的, 未受侵犯的, 无污点的"
involved,"a. 难懂的, 复杂的, 不易懂的, 卷入...之中的, 累及..., 与...有关, 被纠缠的
"
irascible,"a. 易怒的, 暴躁的"
irk,"vt. 使厌倦, 使苦恼"
irrefutable,"a. 不能反驳的, 不能驳倒的
"
irresolute,"a. 无决断的, 优柔寡断的, 踌躇不定的"
irrevocable,"a. 不能挽回的, 不能取消的, 不能变更的
"
itinerant,"a. 巡回的
n. 巡回者"
jargon,"n. 专门术语, 行话, 梦话, 土语
"
jaundice,"n. 黄疸, 偏见, 乖僻
vt. 使患黄疸, 使怀偏见"
jejune,"a. 贫弱的, 不毛的, 无味干燥的, 不成熟的"
jingoism,"n. 侵略主义, 大国沙文主义"
jingoist,n. 沙文主义者；侵略主义者
jocular,a. 诙谐的
jovial,"a. 快活的, 高兴的, 愉快的
"
jubilant,"a. 欢呼的, 喜洋洋的"
juggernaut,n. 世界主宰
junta,"n. 以武力政变上台的(军)政府, 私党, 阴谋小集团, 政务会"
juxtapose,"vt. 并置, 并列
"
kowtow,"n. 磕头
vi. 叩头"
label,"n. 标签, 称号, 商标, 标志
vt. 贴标签于, 标注
"
laborious,"a. 艰苦的, 费劲的, 勤劳的"
lacerate,"vt. 划破, 割破, 使痛心, 撕碎
a. 撕碎的, 受折磨的"
lachrymose,"a. 爱哭的, 悲哀的"
laconic,"a. 简洁的, 简明的"
lambast,"vt. 鞭打, 狠打, 严厉责骂
"
lampoon,"n. 讽刺文
vt. 讽刺"
languid,"a. 疲倦的, 无力的, 阴沉的"
languish,"vi. 憔悴, 凋萎, 苦思"
largess,"n. 慷慨的赠与/赐与, 赏赐物, 慷慨, 大度, 施舍"
lascivious,"a. 好色的
"
laudable,"a. 值得赞赏的, 值得佩服的
"
leery,"a. 机敏的, 猜疑的, 狡猾的"
lethargic,"a. 昏睡的, 无生气的, 泠漠的, 冷淡的
"
limpid,"a. 清澈的, 透明的, 平静的"
lionize,"vt. 将...以名人待之, 游览...的名胜
vi. 结交名流"
litany,"n. 连祷, 连续"
loath,"a. 不情愿的, 厌恶的"
lucid,"a. 明晰的, 清澈的, 透明的, 透彻的
"
lugubrious,"a. 忧郁的, 悲惨的, 悲哀的"
macabre,"a. 以死亡为主题的, 可怕的"
machinate,"v. 图谋, 策划"
importune,"vt. 强求, 硬要
vi. 强求, 纠缠"
magisterial,"a. 长官的, 威严的, 有权威的
"
magnanimous,"a. 宽宏大量的, 有雅量的
"
maintain,"vt. 维持, 维修, 保持, 坚持, 供养, 主张
"
maladroit,"a. 笨拙的, 拙劣的, 愚钝的"
malady,"n. 病, 疾病, 弊病
"
malapropism,n. 文字的错用
malevolent,"a. 有恶意的, 坏心肠的"
malfeasance,"n. 不正当, 不法行为, 坏事, 渎职
"
malingerer,"n. 装病逃差者, 装病以逃避职责的人
"
malleable,"a. 有延展性的, 可锻的
"
malodorous,a. 有恶臭的
martial,"a. 战争的, 军事的, 尚武的, 威武的
"
martinet,n. 严格执行纪律的人
maudlin,"a. 容易流泪的, 感伤的, 酒后伤感的
n. 伤感"
maunder,"vi. 唠叨地讲, 徘徊"
maverick,"n. 未烙饲主印记的小牛, 持不同意见的人
vi. 迷路"
mawkish,"a. 淡而无味的, 令人作呕的, 感伤的"
maxim,"n. 格言, 座右铭
"
meander,"n. (河流的)蜿蜒, 漫步, 迂回旅行
vi. 蜿蜒流动, 漫步
vt. 使蜿蜒曲折"
melancholy,"n. 忧郁, 悲哀, 愁思
a. 忧郁的, 使人悲伤的, 愁思的"
melee,"n. 互殴, 激烈的论战, 混战"
mellifluous,"a. 加了蜜糖的, 甜蜜的, 甜美的, 流畅的"
mendacity,"n. 虚伪, 谎话, 说谎癖
"
mendicant,"a. 行乞的, 托钵修道会的, 化缘的
n. 乞丐, 乞讨, 托钵僧"
mercurial,"a. 水星的, 敏捷的, 活泼的, 水银的
n. 汞剂"
mesmerize,"vt. 施催眠术, 迷住, 迷惑
"
meteoric,"a. 流星的, 疾速的, 大气的"
meticulous,"a. 一丝不苟的, 精确的, 过细的"
mettlesome,"a. 精神饱满的, 有生气的, 勇敢的"
misanthrope,"n. 厌恶人类的人, 不愿与人来往者"
misconstrue,"vt. 误解, 曲解
"
miscreant,"a. 邪恶的, 邪道的, 异端的
n. 罪大恶极的人, 恶棍, 异端"
miser,"n. 守财奴, 吝啬鬼, (石油工程上用的)锥钻头"
misogynist,n. 厌恶女人的人
mitigate,"vt. 温和, 缓和, 减轻
"
modicum,n. 少量
mollify,"vt. 平息, 缓和, 减轻, 使变软"
moment,"n. 片刻, 瞬间, 重要, 阶段, 力矩
"
moot,"n. 大会, 模拟案件, 辩论会
a. 未决议的, 无实际意义的
vt. 讨论, 争论"
mordant,"a. 尖酸的, 辛辣的, 有腐蚀性的
n. 腐蚀剂, 金属箔粘着剂, 媒染剂
vt. 媒染"
moribund,"a. 垂死的
n. 垂死的人"
morose,"a. 郁闷的, 孤僻的"
morph,"[计] 形态, 词态"
mulct,"n. 罚金
vt. 科以罚金, 抢夺"
mundane,"a. 现世的, 世俗的, 宇宙的"
munificent,"a. 丰厚的, 慷慨的"
muted,"a. 变弱了的, 变柔和了的"
myopic,a. [眼科]近视的；目光短浅的
myriad,"n. 无数, 无数的人(或物)
a. 无数的, 种种的"
nadir,"n. 天底, 最低点"
negligible,"a. 可以忽略的, 不足取的, 无用的
"
nettlesome,"a. 令人激恼的, 烦人的, 易怒的"
noisome,"a. 有害的, 恶臭的, 有毒的, 可厌的, 令人不快的"
nonchalant,"a. 不关心的, 冷淡的, 无动于衷的"
nuance,n. 细微差别
obdurate,"a. 顽固的, 执拗的, 冷酷的
"
objurgate,"vt. 痛骂, 训斥, 非难"
obliging,"a. 乐于施惠的, 体贴的, 有礼貌的"
oblique,"a. 斜的, 倾斜的, 间接的, 不光明正大的, 躲躲闪闪的
"
obscure,"a. 模糊的, 昏暗的, 难解的, 晦涩的, 偏僻的, 微贱的, 无名的
vt. 使变暗, 隐藏, 使变模糊, 使难解"
obsequious,"a. 谄媚的, 奉承的, 顺从的"
obstinate,"a. 倔强的, 顽固的, 不让步的"
obstreperous,"a. 吵闹的, 喧嚣的, 骚乱的, 不守秩序的"
obtain,"vt. 获得, 达到
vi. 流行, 得到公认"
obtuse,"a. 钝的, 不锋利的, 愚钝的
"
officious,"a. 多管闲事的, 非官方的
"
opaque,"n. 不透明物
a. 不透明的, 不传热的, 不传导的, 阴暗的
"
opulence,"n. 富裕, 丰富, 大量"
ornate,"a. 装饰的, 华丽的"
ossify,"vt. 使骨化, 使硬化, 使僵化
vi. 骨化, 硬化, 变得极端保守"
ostentatious,"a. 装饰表面的, 铺张的, 夸示的, 华美的, 显眼的"
ostracize,"vt. 流放, 放逐, 排斥"
overweening,"a. 骄傲的, 自负的, 过于自信的, 过分的"
palatable,"a. 美味的, 好吃的, 可口的
"
palaver,"n. 谈判, 交涉, 洽商, 废话, 奉承
vi. 唠叨, 拍马屁, 交涉, 用花言巧语骗人
vt. 笼络, 哄骗"
palimpsest,"n. 重写本, 覆画"
panacea,"n. 万能药, 灵丹妙药
"
panache,"n. 羽饰, 夸示, 假威风, 炫耀"
panegyric,"n. 赞颂, 颂词, 推崇备至"
paradoxical,"a. 似非而是的, 矛盾的, 诡论的
"
paragon,"n. 杰出典范, 完人, 完美之物"
pariah,"n. 贱民(印度的最低阶级), 被放逐者"
parochial,"a. 教区的, 地方性的, 目光偏狭的"
parsimonious,"a. 过度节俭的, 吝啬小气的"
parvenu,"n. 暴发户, 新贵"
pastoral,"n. 牧歌, 田园诗
a. 牧人的, 田园生活的, 牧师的, 田园式的"
patent,"n. 专利权, 许可证, 执照, 专利品, 素质
a. 专利的, 特许的, 显著的, 新奇的
vt. 取得...的专利权, 请准专利"
patronize,"vt. 保护, 支援, 赞助, 庇护, 惠顾"
paucity,"n. 少数, 少量, 缺乏"
pecuniary,"a. 金钱的, 金钱方面的, 课罚款的
"
pedantic,"a. 卖弄学问的, 学究式的, 假装学者的"
pedestrian,"n. 行人, 步行者
a. 人行的, 徒步的, 呆板的, 通俗的, 平淡无奇的"
peevish,"a. 易怒的, 暴躁的, 带怒气的, 撒娇的"
pejorative,"a. 贬损的, 轻蔑的
n. 轻蔑语, 贬义词"
pellucid,"a. 透明的, 澄清的, 明了的
"
penurious,"a. 赤贫的, 缺乏的, 吝啬的"
perceive,"v. 感觉; 认识, 理解; 察觉到, 意识到, 注意到"
percipient,"a. 知觉的, 有知觉的, 目光敏锐的, 观察深刻的
n. 知觉者, 鉴赏力, 心灵感应者"
nonplus,"vt. 使困惑
n. 迷惑, 困惑"
peremptory,"a. 断然的, 俨然的, 强制的, 不容置疑的, 急迫的
"
perennial,"a. 常年的, 长期的, 反复的
"
perfidy,"n. 不诚实, 背信弃义(行为)
"
perfunctory,"a. 敷衍的, 随随便便的, 得过且过的"
peripatetic,"a. 徒步的, 漫游的
n. 走来走去的人, 游历"
pernicious,"a. 有害的, 致命的, 恶劣的, 险恶的
"
perpetuate,"vt. 使永存, 使不朽, 保持"
perquisite,"n. 额外补贴, 特殊待遇, 外快
"
perspicacious,"a. 聪颖的, 聪明的, 敏锐的, 有洞察力的"
pertinent,"a. 相关的, 中肯的, 切题的
"
perturb,"vt. 扰乱, 使混乱, 使心绪不宁"
peruse,"vt. 熟读, 精读, 阅读, 仔细研究"
petulant,"a. 任性的, 暴躁的, 易生气的, 难以取悦的"
phantasmagorical,a. 变化无常的；梦幻般的
philistine,"n. 庸人, 门外汉, 仇敌, 俗气的人
a. 俗气的, 无教养的"
phlegmatic,"a. 粘液质的, (正式)平静的, 不动情的, 不动感情的, 冷漠的, 冷淡的, 迟钝的
"
picayune,"n. 小钱币, 五分钱币, 微不足道的事物, 无足轻重的人
a. 微不足道的, 不值钱的, 琐细的, 眼光狭小的, 小气的, 可鄙的"
pillory,"n. 颈手枷, 笑柄, 示众
vt. 上颈手枷, 使惹人嘲笑, 使受众辱, 将...示众"
pine,"n. 松树, 松木
vi. 消瘦, 憔悴, 痛苦, 怀念, 渴望
"
pinnacle,"n. 小尖塔, 尖峰, 高峰, 极点
vt. 造小尖塔, 置于尖顶上"
piquant,"a. 辛辣的, 开胃的, 刺激的, 活泼的, 调皮的, 淘气的, 可爱的"
pith,"n. 木髓, 骨髓, 要旨, 重要性, 力量, 核心, 意义, 精华
vt. 从(植物茎)中取髓, 刺毁(动物的)脑脊髓"
pithy,"a. 有髓的, 由髓组成的, 简洁有力的"
pittance,"n. 少量津贴, 小额施舍, 少量"
placate,"vt. 抚慰, 平息, 使和解, 怀柔"
placid,"a. 平静的, 温和的, 沉着的, 平稳的"
platitude,"n. 单调, 平凡, 陈腐, 陈词滥调"
plodding,"a. 沉重缓慢的, 单调乏味的"
ploy,"n. 手段, 活动, 玩乐"
plucky,"a. 有勇气的, 有胆量的, 大胆的"
poignant,"a. 辛酸的, 尖锐的, 剧烈的"
polemic,"a. 争辩的, 好争论的
n. 争论, 辩论, 辩论者"
ponderous,"a. 沉重的, 笨重的, 毫无趣味的, 生硬的"
pontificate,"vi. 自负地谈论, 执行教皇职务"
portentous,"a. 前兆的, 不吉的, 可惊的, 自大的"
posit,"vt. 假设, 安置, 布置"
powwow,"n. 帕瓦仪式, 巫师
vi. 举行帕瓦仪式, 商谈
vt. 用巫术医治"
pragmatic,"a. 忙碌的, 爱管闲事的, 自负的, 固执己见的, 实际的, 务实的, 国事的, 国务的
"
precarious,"a. 不稳定的, 不安的, 危险的"
precedent,"n. 先例, 前例
a. 在先的, 在前的"
precipitate,"n. 沉淀物, 凝结物, 结果
vt. 猛抛, 使陷入, 促成, 使沉淀
vi. 猛地落下
a. 突然的, 猛地落下的, 轻率的"
precipitous,"a. 陡峭的, 轻率的"
preclude,"vt. 预先排除, 预防, 阻止, 妨碍
"
precocious,"a. 早熟的, 像大人的
"
predilection,"n. 嗜好, 偏爱"
preempt,"vt. 先买, 先取
vi. 先发制人地叫牌"
preemptive,"a. 先买的, 先买权的, 有先买权的
"
prescience,"n. 预知, 先见"
presentiment,n. 预感
presumption,"n. 专横, 放肆, 假定, 推测
"
presumptuous,"a. 放肆的, 冒昧的, 傲慢的"
prevail,"vi. 获胜, 流行, 盛行
"
prevaricate,"vi. 支吾其辞, 搪塞"
primacy,"n. 第一, 首位, 卓越"
pristine,"a. 太古的, 原来的, 古时的, 原始的"
probity,"n. 诚实, 正直"
prodigal,"n. 浪费者
a. 浪费的, 挥霍的, 丰富的"
prodigious,"a. 庞大的, 惊人的, 异常的"
profligate,"a. 放荡的, 不检点的, 浪费的
n. 放荡者, 享乐者"
profuse,"a. 很多的, 丰富的, 浪费的, 慷慨的"
profusion,"n. 大量, 慷慨, 挥霍, 充沛, 浪费"
prognostication,"n. 预兆, 预言, 预测"
prolific,"a. 有生殖力的, 多产的, 丰富的
"
prolixity,"n. 冗长, 罗唆
"
promulgate,"vt. 发布, 公布, 发表, 传播
"
propitiate,"vt. 慰抚, 安抚, 和解, 谋求...的好感"
propitious,"a. 顺利的, 适合的, 吉祥的, 慈悲的"
proponent,"n. 建议者, 支持者
"
prosaic,"a. 散文的, 散文体的, 平凡的"
proscribe,"vt. 剥夺...的公民权, 使失去法律保护, 把...充军, 把...放逐, 排斥, 禁止"
proselytize,"vt. 使改变宗教信仰
vi. 劝诱改变宗教信仰"
protean,"a. 千变万化的, 变化不定的, (海神)普罗透斯的
"
provident,"a. 有先见之明的, 有远虑的, 节俭的"
provincial,"n. 外地人, 粗野的人
a. 省的, 外地的, 偏狭的"
provisional,"a. 暂时的, 暂定的, 临时的
"
puerile,"a. 孩子气的, 天真的, 未成熟的
"
pugnacious,a. 好斗的
puissant,"a. 强有力的, 强盛的, 有权力的"
punctilious,"a. 精密细心的, 一丝不苟的, 拘泥形式的"
pundit,"n. 学者, 梵文学者, 博学的印度人, 权威"
pyrrhic,"n. 出征舞, 抑抑格
a. 出征舞的, 抑抑格的"
quail,"n. 鹌鹑
vi. 胆怯, 畏缩"
qualify,"vi. 取得资格, 有资格
vt. 使有资格, 使合格, 限定, 限制, 准予"
qualm,"n. 晕眩, 不安, 疑虑
"
quandary,"n. 困惑, 迷惑, 为难"
querulous,"a. 抱怨的, 爱发牢骚的, 易怒的"
quip,"n. 妙语, 遁辞, 讽刺
v. 说讽刺话, 嘲弄"
quisling,"n. 卖国贼
"
quixotic,"a. 堂吉诃德式的, 愚侠的, 狂热而侠义的, 理想而不实际的, 充满幻想的"
quotidian,"a. 每日的, 每日发作的, 司空见惯的, 平凡的
n. 日发热"
raconteur,"n. 说书者, 擅长讲故事的人, 健谈者"
raffish,"a. 名誉不好的, 无赖的, 卑鄙的, 俗艳的"
raft,"n. 筏, 救生筏, 大量
vi. 乘筏
vt. 筏运, 制成筏"
raillery,"n. 戏谑, 逗趣"
rakish,"a. 轻快的, 潇洒的, 放荡的"
rankle,"vi. 化脓, 怨恨
vt. 使怨恨"
rapprochement,"n. 和解, 恢复邦交, 恢复友好关系, 重归于好"
rarefied,"a. 变成稀薄的, 纯化的, 精炼过的, 崇高的"
rash,"a. 轻率的, 匆忙的, 鲁莽的
n. 皮疹"
ravenous,"a. 贪婪的, 饿极的, 狼吞虎咽的"
rebuke,"n. 指责, 谴责, 非难
vt. 斥责, 指责, 制止"
recapitulation,"n. 重述要点, 概括, 摘要
"
reconcile,"vt. 使和解, 调停, 使和谐, 使一致, 使听从
"
recondite,"a. 深奥的, 难解的, 隐藏的"
recrimination,"n. 反责, 反唇相讥
"
recrudesce,"vi. 复发, 再发作, 再爆发"
redoubtable,"a. 可怕的, 厉害的, 可敬的"
redress,"n. 赔偿, 补救, 矫正
vt. 纠正, 赔偿, 救济"
refractory,"a. 不听话的, 执拗的, 难治疗的, 耐火的
"
refute,"vt. 反驳, 驳斥；驳倒"
register,"n. 寄存器, 记录, 登记簿, 注册
vt. 记录, 注册, 提示, 表达, 把...挂号
vi. 登记, 注册, 挂号
"
relegate,"vt. 驱逐, 使降低地位, 把...归类, 把...委托给
"
relevant,"a. 有关联的, 有关系的, 适当的, 相应的
"
remiss,"a. 怠慢的, 不小心的, 没精打采的, 疏忽的"
remonstrate,"vi. 表示异议, 抗议, 责备
vt. 抗议地说"
renege,"vi. 违例出牌, 食言, 毁约
vt. 否认, 放弃, 拒绝
n. 出牌违例"
replete,"a. 装满的, 充满的, 充实的, 吃饱的"
reprisal,"n. 报复, 报仇, 报复性劫掠
"
reproach,"n. 责备, 耻辱
vt. 责备, 申斥, 使丢脸"
reprobate,"n. 堕落的人, 恶棍, 被神遗弃的人
a. 堕落的, 邪恶的
vt. 斥责, 非难, 拒绝"
repudiate,"vt. 声明离婚, 拒绝, 拒付, 拒绝履行
"
rescind,"vt. 废止, 使无效, 取消, 撤消, 解除
"
reservation,"n. 保留, 预定, 保留品, 保留地
"
resignation,"n. 辞职, 辞呈, 听从
"
resolve,"vi. 决定, 分解, 决心
vt. 使分解, 解析, 解决, 消除, 决心
n. 决定之事, 决心, 坚决"
resource,"n. 资源, 财力, 办法, 策略, 急智, 消遣
"
respite,"n. 暂缓, 缓期执行
vt. 使暂缓"
restive,"a. 不愿向前走的, 倔强的, 难驾御的"
resurgent,"a. 复生的, 复活的
n. 复活者"
reticent,"a. 无言的, 沉默的, 不情愿的
"
retiring,"a. 行将隐退的, 行将退休的, 就寝的"
retract,"v. 缩回, 收回, 取消, 撤消"
reverent,"a. 尊敬的, 虔诚的"
ribald,"a. 说话猥亵的, 下流的, 粗俗的
n. 说下流话的人"
rile,"vt. 搅浑, 惹怒, 使焦急"
robust,"a. 健康的, 强健的, 要用力气的, 坚定的, 粗野的
"
row,"n. 排, 行, 街道, 划船, 吵闹
vt. 使成排, 划, 划船, 参加(赛船), 痛骂
vi. 划船, 划动, 争吵
"
rudimentary,"a. 基本的, 起码的, 初步的, 发展不完全的, 残留的, 退化的
"
rustic,"n. 乡下人, 乡巴佬
a. 乡村的, 纯朴的, 手工粗糙的"
sagacious,"a. 睿智的, 聪明的, 贤明的, 伶俐的"
sanctimonious,"a. 假装圣洁的, 假装虔诚的, 假装诚实的"
sanction,"n. 核准, 制裁, 处罚, 约束力
vt. 制定制裁规则, 认可, 核准, 同意"
sangfroid,"n. 冷静, 泰然, 沉着"
sanguine,"a. 血红色的, 满怀希望的, 乐观的
n. 血红色, 红粉笔
vt. 用血沾污, 血染"
sardonic,"a. 嘲笑的, 冷笑的, 讥讽的
"
sartorial,"a. 裁缝匠的, 缝工的, 裁缝的"
saturnine,"a. 沉默寡言的, 阴沉的, 铅中毒的
"
savvy,"v. 理解, 领悟
n. 理解能力, 机智, 悟性"
Schadenfreude,n. 幸灾乐祸
scintillating,"a. 妙趣横生的, 才气横溢的"
screed,"n. 冗长的文章, (瓦工用的)抹灰靠尺
"
scrupulous,"a. 小心谨慎的, 细心的"
sedulous,"a. 勤勉的, 勤苦工作的"
self-effacing,"a. 不出风头的, 不喜出风头的, 谦让的"
semblance,"n. 外表, 伪装, 假象, 少量"
sententious,"a. 简洁的, 警句的, 富于格言的"
sentimental,"a. 感伤的, 感情用事的"
serendipity,"n. 偶然发现珍宝的运气/才能, 易遇奇缘的运气"
serene,"a. 宁静的, 沉着的, 安详的, 晴朗的
n. 晴朗, 平静"
simulacrum,"n. 像, 影, 幻影"
sinecure,"n. 闲职
"
slapdash,"n. 草率
a. 猛烈的, 粗心的"
smattering,"n. 肤浅的知识, 一知半解的知识, 片断的知识, 少数, 少量"
smug,"a. 自以为是的, 自鸣得意的, 整洁的
n. 书呆子, 自命不凡的家伙"
snide,"n. 赝品, 假珠宝
a. 伪造的, 不诚实的, 卑鄙的, 险恶的"
snub,"n. 冷落, 怠慢, 斥责, 制止
a. 制动用的, 短而扁的
vt. 冷落, 怠慢, 制止, 使...停住, 掐灭"
solecism,"n. 语法错误, 失礼"
solicitous,"a. 关心的, 渴望的, 热切期望的, 十分讲究的"
solicitude,"n. 焦虑, 关心, 担心, 挂念, 渴望, 担心的事情"
soporific,"a. 催眠的, 想睡的, 令人麻木不仁的
n. 催眠剂, 安眠药"
sordid,"a. 肮脏的, 贪婪的, 卑鄙的, 恶劣的, 暗淡的
"
spartan,"a. 斯巴达的, 斯巴达式的, 刚强的, 勇敢的, 好战的, 严峻的, 简朴的, 艰苦的
n. 斯巴达人, 勇士, 坚韧不拔的人"
specious,"a. 徒有其表的, 似是而非的, 外表美观的"
spendthrift,"n. 浪费的人
a. 浪费的, 挥霍无度的"
splenetic,"a. 脾脏的, 容易发怒的, 坏心眼的
n. 脾气坏的人"
sporadic,"a. 偶尔发生的, 零星发生的, 分散的
"
spurious,"a. 假造的, 伪造的, 欺骗的
"
spurn,"n. 踢开, 拒斥
vt. 踢开, 冷落, 践踏, 唾弃
vi. 藐视, 摒弃"
squander,"vt. 浪费, 使分散
vi. 浪费, 漂泊, 四散"
squelch,"n. 嘎吱声, 压碎的一堆, 使对手哑口无言的话
vt. 压碎, 镇压, 使咯吱咯吱响
vi. 咯吱咯吱响, 涉水而过
"
staid,"a. 认真的, 沉着的, 固定的"
stalwart,"n. 健壮的人
a. 高大结实的, 坚定的"
start,"n. 惊起, 出发, 开端, 起点, 吃惊, 有利条件
vi. 开始, 出发, 启动, 跳起, 吃惊, 出现, 松动, 脱落, 起价, 参赛
vt. 使惊起, 开动, 发动, 启动, 开始, 创办, 提议, 使松动, 使脱落, 起用
"
staunch,"vt. 止住, 止血
a. 坚固的, 坚强的, 忠实的, 忠诚的, 不透水的"
steadfast,"a. 坚定的, 踏实的, 固定的, 不变的"
stem,"n. 茎, 干, 柄, 船首, 血统, 堵塞物
vt. 摘掉茎, 装柄于, 阻止, 堵住, 逆行
vi. 堵住, 逆行"
stipend,"n. 薪金, 定期生活津贴
"
stolid,"a. 缺乏热情的, 神经麻木的"
stringent,"a. 迫切的, 严厉的, 银根紧的
"
stultify,"vt. 使显得愚笨, 使变无效"
stymie,"n. (喻)困难的境地
vt. 使(球)处于困难的位置, 使为难, 使处困境, 妨碍, 阻挠, 阻碍"
subsume,"vt. 把...归入, 把...纳入, 把...列入某一类, 把...归类"
subterfuge,"n. 遁辞, 借口, 托辞
"
subversive,"a. 从事颠覆的, 破坏性的
n. 破坏分子, 颠覆分子"
sullen,"a. 愠怒的, 沉闷的, 阴沉的"
summit,"n. 顶点, 最高阶层, 最高级会议
a. 政府首脑的, 最高级的"
supercilious,"a. 傲慢的, 自大的, 目空一切的"
superfluous,"a. 多余的, 过剩的"
supplant,"vt. 排挤掉, 代替"
surfeit,"n. 过食, 过度, 恶心
vt. 使厌腻, 使沉溺于
vi. 饮食过度"
surly,"a. 不和蔼的, 无礼的, 板面孔的, 阴沉的, 粗暴的, 乖戾的"
surreptitious,"a. 秘密的, 暗中的, 偷偷摸摸的
"
start,"n. 惊起, 出发, 开端, 起点, 吃惊, 有利条件
vi. 开始, 出发, 启动, 跳起, 吃惊, 出现, 松动, 脱落, 起价, 参赛
vt. 使惊起, 开动, 发动, 启动, 开始, 创办, 提议, 使松动, 使脱落, 起用
"
staunch,"vt. 止住, 止血
a. 坚固的, 坚强的, 忠实的, 忠诚的, 不透水的"
steadfast,"a. 坚定的, 踏实的, 固定的, 不变的"
stem,"n. 茎, 干, 柄, 船首, 血统, 堵塞物
vt. 摘掉茎, 装柄于, 阻止, 堵住, 逆行
vi. 堵住, 逆行"
stipend,"n. 薪金, 定期生活津贴
"
stolid,"a. 缺乏热情的, 神经麻木的"
stringent,"a. 迫切的, 严厉的, 银根紧的
"
stultify,"vt. 使显得愚笨, 使变无效"
stymie,"n. (喻)困难的境地
vt. 使(球)处于困难的位置, 使为难, 使处困境, 妨碍, 阻挠, 阻碍"
subsume,"vt. 把...归入, 把...纳入, 把...列入某一类, 把...归类"
subterfuge,"n. 遁辞, 借口, 托辞
"
subversive,"a. 从事颠覆的, 破坏性的
n. 破坏分子, 颠覆分子"
sullen,"a. 愠怒的, 沉闷的, 阴沉的"
summit,"n. 顶点, 最高阶层, 最高级会议
a. 政府首脑的, 最高级的"
supercilious,"a. 傲慢的, 自大的, 目空一切的"
superfluous,"a. 多余的, 过剩的"
supplant,"vt. 排挤掉, 代替"
surfeit,"n. 过食, 过度, 恶心
vt. 使厌腻, 使沉溺于
vi. 饮食过度"
surly,"a. 不和蔼的, 无礼的, 板面孔的, 阴沉的, 粗暴的, 乖戾的"
surreptitious,"a. 秘密的, 暗中的, 偷偷摸摸的
"
timorous,"a. 胆怯的, 胆小的, 羞怯的"
tirade,n. 激烈的长篇演说
torpor,"n. 麻木, 无感觉, 迟钝
"
tortuous,"a. 扭曲的, 弯曲的, 转弯抹角的, 欺骗的
"
tout,"vi. 招徕顾客, 兜售物品
vt. 招徕, 刺探...情报
n. 兜售者, 侦查者"
tractable,"a. 驯服的, 易于管教的
"
transient,"n. 瞬, 短期居留者, 过境鸟, 瞬变现象
a. 短暂的, 易变的, 瞬变的, 路过的
"
transitory,"a. 暂时的, 短暂的, 昙花一现的
"
transmute,"vt. 使变形, 使变质
vi. 变形, 变质"
travail,"n. 分娩的痛苦, 阵痛, 辛劳
vi. 发生阵痛, 辛劳"
travesty,"n. 拙劣的模仿作品, 嘲弄, 滑稽模仿
vt. 滑稽地模仿, 歪曲"
treacherous,"a. 不可信任的, 危险的, 背叛的, 不可靠的
"
trenchant,"a. 锐利的, 尖锐的, 有力的, 鲜明的, 清晰的"
tribulation,"n. 苦难, 困苦, 苦难的缘由"
trite,"a. 老一套的, 陈腐的, 用坏的"
truculence,"n. 野蛮, 粗暴, 好战"
truculent,"a. 野蛮的, 粗暴的, 致命的, 好斗的"
truncate,"vt. 切去头端, 缩短, 截棱, 使成平面
a. 切去了头的, 缩短了的"
tumult,"n. 骚动, 吵闹, 混乱
"
turgid,"a. 肿的, 浮夸的
"
turpitude,"n. 卑鄙行为, 卑鄙
"
tyro,"n. 初学者, 生手, 新手"
umbrage,"n. 不快, 生气, 阴影, 树荫, 怀疑等模糊感觉"
unassailable,"a. 攻不破的, 不容置疑的, 无懈可击的
"
uncanny,"a. 怪诞的, 可怕的, 离奇的, 神秘的"
uncompromising,"a. 不让步的, 不妥协的, 坚定的
"
unconscionable,"a. 不受良心支配的, 不合理的, 过度的"
undermine,"vt. 在...下面挖, 渐渐破坏, 暗地里破坏
"
underscore,"vt. 划线于...下
n. (表强调的)下划线
"
underwrite,"vt. 签名于下, 给...保险
vi. 经营保险业"
unequivocal,"a. 不含糊的, 不模棱两可的, 明确的
"
unflappable,"a. 不慌张的, 镇定的"
unimpeachable,"a. 无懈可击的, 无可指责的, 无过失的"
unnerve,"vt. 使失去勇气, 使胆怯, 使不能自制
"
unprecedented,"a. 空前的
"
unprepossessing,"a. 不讨人喜欢的, 不吸引人的"
unpropitious,"a. 不顺遂的, 不利的, 不吉利的, 不祥的"
unruly,"a. 难控制的, 无法无天的, 任性的"
unscrupulous,"a. 无道德原则的, 不审慎的, 肆无忌惮的"
unseemly,"a. 不合适的, 不适宜的, 不得体的"
unstinting,"a. 无限制的, 慷慨的"
untenable,"a. 不能防守的, 不能维持的, 支持不住的, (主张等)站不住脚的"
untoward,"a. 事与愿违的, 麻烦的, 困难的, 不幸的"
untrammeled,"a. 不受限制的, 自由自在的, 不受妨碍的"
upbraid,"vt. 谴责, 责骂, 申斥"
urbane,a. 彬彬有礼的
vacillate,"vi. 游移不定, 踌躇, 犹豫, 摇摆"
vacuous,"a. 空的, 空虚的, 没有思想的"
vanquish,"vt. 打败, 征服, 克服
"
variance,"n. 不一致, 变化, 变异, 分歧, 不和
"
vaunted,"a. 自夸的, 大肆吹嘘的, 自负的"
vehement,"a. 热烈的, 激烈的"
venality,"n. 唯利是图, 以权谋私, 甘受贿赂
"
veneer,"n. 饰面薄板, 饰面, 外表
vt. 镶饰, 胶合, 虚饰"
venerate,"vt. 尊敬, 崇敬, 崇拜"
venial,"a. 可原谅的, 可宽恕的, 轻微的
"
veracious,"a. 说实话的, 诚实的, 老实的, 真实的"
verisimilitude,"n. 好像真实, 似真, 逼真
"
veritable,"a. 名副其实的, 真实的, 确实的, 真的"
vicarious,"a. 代理的, 代用的, 替代的
"
vicissitude,"n. 变化无常, 变迁, 荣枯, 盛衰"
vie,"vi. 争, 竞争, 争胜
vt. 提出...来竞争, 以...作较量"
vilify,"vt. 诽谤, 贬低
"
vindicate,"vt. 辩护, 证明...无辜, 维护
"
vindictive,"a. 有报仇心的, 怀恨的, 惩罚的
"
virago,"n. 泼妇, 悍妇"
vitriol,"n. 硫酸盐, 矾油, 矾, 语言尖刻
vt. 用硫酸处理"
vitriolic,"a. 硫酸的, 像硫酸的, 语言刻薄的"
vituperate,"vt. 辱骂, 责骂
"
vociferous,"a. 大声叫的, 喊叫的, 喧嚷的"
volubility,"n. 流畅, 流利"
voracious,"a. 贪吃的, 狼吞虎咽的, 贪婪的"
wanting,"a. 欠缺的, 不足的, 不够格的
prep. 没有, 缺少"
wanton,"n. 荡妇, 水性杨花的女人
a. 恶意的, 不负责任的, 无节制的, 嬉戏的, 繁茂的, 淫荡的
vi. 变化无常, 嬉戏, 闲荡, 放肆
vt. 挥霍"
wax,"n. 蜡, 蜡状物, 一阵发怒, 增加, (月亮)渐盈
vi. 变大, 增大, 月亮渐满
vt. 上蜡于"
whimsical,"a. 怪念头多的, 反复无常的, 古怪的, 异想天开的"
winsome,"a. 引人注目的, 迷人的, 可爱的"
zeitgeist,"n. 时代精神, 时代思潮"
zenith,n. 顶点；最高点；顶峰
forthcoming,"a. 即将来临的
n. 来临"
viable,"a. 能养活的, 能生长发育的
"
