survey,"n. 纵览, 视察, 测量, 俯瞰, 调查
vt. 审视, 视察, 俯瞰, 通盘考虑
vi. 测量土地"
experiment,"n. 实验, 试验, 实验仪器
vi. 实验, 尝试"
experimental,"a. 实验的, 根据实验的
"
evidence,"n. 根据, 证据, 迹象
"
finding,"n. 发现, 发现物, 决定, 裁决
"
prove,"vt. 证明, 查验, 检验, 勘探, 显示
vi. 证明是"
seek,"vt. 寻求, 寻找, 探索, 追求, 搜索, 请求
vi. 寻找, 搜索
"
track,"n. 轨迹, 足迹, 径迹, 小道, 轨道, 磁轨, 途径
vt. 循路而行, 追踪, 通过, 用纤拉
vi. 追踪, 留下足迹, 沿轨道运行
"
analysis,"n. 分析
"
analyze,"vt. 分析, 细察, 分解
"
check,"n. 检查, 支票, 阻止物, 寄物牌, 象棋中将军
vt. 检查, 阻止, 核对, 寄存, 托运
vi. 逐项相符, 开支票
"
examine,"v. 检查, 调查, 考试"
explore,"v. 探险, 探测, 探究"
exploration,"n. 探险, 踏勘, 探测
"
explorer,"n. 探险家, 探测者, 勘探器
"
trial,"n. 审判, 试验, 艰苦, 麻烦事, 考验
a. 审讯的, 试验性的"
investigate,"v. 调查, 审查"
confirm,"vt. 证实, 确定, 批准, 使巩固
"
proof,"n. 证据, 证明, 试验, 检验, 考验
a. 不能透入的, 证明用的, 防...的, 耐...的
vt. 检验, 试验, 校对, 使不被穿透
"
trace,"n. 痕迹, 踪迹, 微量, 迹线, 缰绳
vt. 追踪, 回溯, 描绘
vi. 追溯, 沿路走"
inquiry,"n. 质询, 探索, 调查, 询盘
"
clue,"n. 线索, 暗示
vt. 暗示, 提供线索"
calculate,"v. 计算, 预测, 计划, 打算"
calculation,"n. 计算, 考虑, 计算的结果
"
data,"pl. 资料, 数据
"
average,"n. 平均, 平均数, 一般水平, 海损
a. 平均的, 中等的, 平常的
vt. 算出...平均数, 平均做, 均分, 使平衡
vi. 平均为, 呈中间色"
measure,"n. 尺寸, 量度器, 量度标准, 测量, 量具, 程度, 范围, 限度, 分寸, 措施, 方法
vt. 测量, 测度, 估量, 权衡, 调节, 拿(自己或自己的力量等)作较量
vi. 度量"
figure,"n. 数字, 价格, 图形, 形状
vt. 描绘, 表示, 演算, 认为
vi. 计算, 出现, 估计"
amount,"n. 总数, 总额
vi. 总计, 等同"
billion,"num. 十亿, 十亿个"
trillion,"n. 大量
"
statistic,"n. 统计量
a. 统计的, 统计学的"
count,"vt. 计算, 视为
vi. 计数
n. 计算, 合计, 计数, 伯爵
"
numerous,"a. 很多的, 数目众多的, 多数的
"
plus,"prep. 加上, 加, 外加
a. 正的, 附加的
n. 正号, 加号, 附加额, 正数, 增益
"
multiply,"v. 繁殖, 乘, 增加
"
multiple,"n. 倍数, 并联
a. 多样的, 许多的, 多功能的"
quantity,"n. 量, 数量, 总量
"
quantify,"vt. 定量, 用数量表示, 测量"
minimum,"a. 最小的, 最低的
n. 最小值
"
maximum,"n. 极点, 最大量, 极大
a. 最高的, 最大的, 最大极限的
"
sum,"n. 总数, 总和, 金额, 概要, 顶点
vt. 总计, 概括
vi. 合计
"
approximately,"adv. 大约, 大致, 近于
"
random,"n. 随意, 随机
a. 任意的, 随便的, 胡乱的, 随机的
adv. 胡乱地"
conversation,"n. 会话, 说话, 交谈
"
argue,"vi. 提出理由, 争论, 辩论
vt. 主张, 辩论, 证明, 说服"
argument,"n. 争论, 论证, 论据, 自变量
"
arguably,adv. 可论证地；可争辩地；正如可提出证据加以证明的那样地
debate,"n. 辩论, 讨论
v. 争论, 辩论"
mention,"n. 提到, 言及, 陈述
vt. 提到, 提及"
introduce,"vt. 介绍, 引入, 采用, 输入
"
introduction,"n. 介绍, 传入, 采用, 初步"
discuss,"vt. 讨论, 论述
"
discussion,n. 讨论
express,"n. 快车, 快递, 专使
a. 明确的, 丝毫不差的, 专门的, 快的
vt. 表达, 表示, 表露"
expression,"n. 表达, 表现, 词语, 措辞
"
brief,"n. 摘要, 简报
a. 简短的, 短暂的
vt. 对...作简报, 摘要, 节录"
negotiate,"vi. 商议, 谈判, 交涉
vt. 谈妥, 转让, 处理"
negotiation,"n. 谈判, 磋商, 交涉
"
consult,"vi. 商讨, 商量, 协商, 会诊
vt. 向...请教, 查阅, 考虑"
feedback,"n. 反馈, 反应
"
convey,"vt. 传达, 运输, 转让
"
forum,"n. 论坛, 公开讨论的广场, 法庭, 讨论会
"
excuse,"vt. 原谅, 申辩, 做为...的托辞
n. 致歉, 理由, 饶恕, 借口"
inform,"vt. 通知, 使了解, 使充满
vi. 提供资料, 告发"
verbal,"a. 用言辞的, 言语的, 口头的, 逐字的, 动词的
"
tone,"n. 音调, 音质, 语调, 语气, 色调, 气氛, 状况, 思想状态
vt. 给...定色调, 增强, 使...的声调和谐, 定音调
vi. 颜色调和
"
compromise,"n. 妥协, 折中, 折中方案, 和解
vi. 妥协处理
vt. 危害"
dialogue,"n. 对话
vi. 对话
vt. 用对话表达"
shake,"n. 摇动, 震动
vt. 摇动, 动摇, 使震动, 挥舞
vi. 震动, 发抖, 动摇"
draw,"vi. 拉, 拖, 拔剑
vt. 拖拉, 挨近, 领取, 打成平局, 引导, 抽签决定, 画, 描写, 制订, 草拟, 吸引
n. 拉, 拖, 拔出, 抽签, 平局
"
fill,"vt. 装满, 填充, 弥漫, 供给, 满足, 供应
vi. 充满, 变得沉重
n. 满足, 装满, 充分, 填方
vt. 填充
vi. 填充
"
dip,"v. 浸, 降下, 把(手、勺等)伸入, 舀取
n. 浸, 涉猎
"
flow,"n. 流程, 流动, 流量, 洋溢, 泛滥, 涨潮
vi. 流动, 流泄, 畅流, 川流不息, 飘扬, 涌出
vt. 使流动, 淹没, 流出"
slip,"n. 滑, 滑行, 事故, 溜, 差错, 滑台, 下降, 插条, 后裔, 板条, 瘦长的年轻人
vi. 滑动, 滑倒, 失足, 溜走, 滑落, 犯错, 变坏
vt. 使滑动, 滑过, 摆脱, 闪开, 塞入, 从...取接枝
a. 滑动的, 滑移的, 活络的, 有活结的
"
stretch,"n. 伸展, 张开, 连绵, 一段路, 一段时间
a. 可伸缩的, 弹性的
vt. 伸展, 张开, 曲解, 使过度伸展
vi. 伸展, 延伸
"
roll,"n. 卷, 滚动, 名单, 案卷, 压路机
vi. 滚, 滚动, 飘流, 起伏, 卷, 绕
vt. 使滚动, 卷, 绕"
click,"n. 咔哒声, 啪嗒声
vi. 作咔哒声
vt. 使发咔哒声
"
blow,"n. 吹, 打击, 殴打, 花开
v. 吹, 风吹, 吹响, 开花"
embed,"vt. 使插入, 使嵌入, 使深留脑中
"
skip,"n. 跳跃, 跳读
vi. 跳越, 跳读, 跳绳, 遗漏, 跳级
vt. 跳过, 遗漏
"
wave,"n. 波, 波浪, 波动, 起伏, 高潮, 潮涌, 挥手致意, (气压)突变
vi. 波动, 飘动, 挥手示意, 起伏
vt. 使波动, 使飘扬, 挥舞, 使成波浪形"
wrap,"n. 外套, 围巾, 包裹物, 限制, 约束, 秘密, 换行
vt. 包装, 卷, 缠绕, 包, 裹, 覆盖, 遮蔽, 隐藏, 掩护
vi. 缠绕, 穿外衣, 包起来
"
dig,"vt. 挖, 翻土, 发掘
vi. 挖掘
n. 挖掘
"
bang,"n. 重击, 突然巨响, 刘海
v. 发巨响, 重击
adv. 砰然地, 突然巨响地, 直接地
"
breathe,"vi. 呼吸, 生存, 低语
vt. 呼吸, 使喘息, 发散, 低声说"
breath,"n. 呼吸, 气息, 瞬间
"
float,"n. 漂流物, 浮舟, 漂浮, 浮萍, 彩车
vi. 浮动, 飘动, 散播, 摇摆, 动摇, 浮动
vt. 使漂浮, 容纳, 淹没, 发行, 实行
"
deal,"n. 交易, 协定, 数量, 买卖, 松木板
vi. 处理, 应付, 做生意
vt. 分配, 发牌, 给予
"
solution,"n. 解决, 解答, 溶液
"
handle,"n. 柄, 把手, 把柄, 柄状物, 手感
vt. 触摸, 运用, 买卖, 处理, 操作
vi. 搬运, 易于操纵
n. 句柄
"
tackle,"n. 工具, 复滑车, 滑车, 装备, 扭倒
vt. 固定, 处理, 抓住
vi. 扭倒"
fix,"vt. 使固定, 修理, 准备, 安装, 凝视, 牢记, 确定, 整理
vi. 固定, 注视, 确定
n. 困境, 方位, 维修, 贿赂"
cope,"vi. 竞争, 应付
n. 长袍"
repair,"n. 修理, 补救, 修复
vt. 修理, 修补, 补救, 恢复, 补偿
vi. 修理, 修补, 补救, 恢复, 去, 常去, 集合"
overcome,"vt. 战胜, 克服, 胜过
vi. 得胜"
resolve,"vi. 决定, 分解, 决心
vt. 使分解, 解析, 解决, 消除, 决心
n. 决定之事, 决心, 坚决"
remedy,"n. 药物, 治疗法, 治疗, 补救, 赔偿
vt. 治疗, 补救, 矫正, 改善, 修补, 修缮"
govern,"v. 统治, 支配, 管理"
engage,"vi. 答应, 从事, 交战
vt. 使忙碌, 雇佣, 预定, 使从事于, 使参加"
engagement,"n. 诺言, 约会, 婚约, 交战
"
apply,"vt. 涂, 应用
vi. 申请, 适用"
operate,"v. 操作, 运转, 动手术, 活动"
operation,"n. 操作, 动作, 手术, 运算, 作用, 业务
"
operator,"n. 操作员, 行家, 经纪人, 算子, 运算符
"
function,"n. 官能, 职务, 功能, 函数
vi. 活动, 运行, 行使职责
"
movement,"n. 运动, 动作, 运转, 移动, 倾向, 变化, 活动, 乐章
"
participate,"vi. 参加, 分享, 参与, 带有
vt. 分享, 分担"
participant,"n. 参加者, 参与者
a. 有份的, 参加的, 参与的"
participation,"n. 参与, 分享
"
implement,"n. 工具, 器具, 手段
vt. 实现, 使生效, 执行"
exert,"vt. 发挥, 运用, 施以影响
"
resort,"n. 度假胜地, 手段, 凭借, 常去之地
vi. 诉诸, 常去"
undertake,"vt. 试图, 从事, 保证, 承担, 同意, 接受
"
exploitation,"n. 开发, 开采, 剥削
"
sense,"n. 感应, 感觉, 感官, 意识, 观念, 情理, 知觉, 理智
vt. 感觉, 觉察, 检测
"
realize,"vt. 了解, 实现, 使显得逼真, 变卖
vi. 变卖"
reflect,"vt. 反射, 反映, 招致, 深思
vi. 被反射, 映出, 深思, 考虑, 指责"
reflection,"n. 反映, 沉思, 映像, 想法, 责难
"
cognitive,"a. 认知的, 认识的"
aware,"a. 知道的, 有觉悟的"
awareness,"n. 意识, 认识
"
perceive,"v. 感觉; 认识, 理解; 察觉到, 意识到, 注意到"
perception,"n. 知觉, 感觉, 领悟力, 获取
"
consideration,"n. 考虑, 原因
"
detect,"vt. 发现, 察觉, 探测
"
hit,"n. 打击, 打, 冲撞, 讽刺
vt. 打, 打击, 碰撞, 打中, 袭击, 偶然碰上
vi. 打, 打中, 打击, 碰撞, 偶然碰上
"
break,"n. 休息, 中断, 破裂处, 绝交, 破晓, 突变
vt. 打破, 弄破, 弄坏, 破坏, 违反, 打断, 削弱, 放弃
vi. 破碎, 决裂, 破晓, 突变, 变弱, 暂停
n. 分隔符
"
push,"n. 推, 推动, 奋斗, 攻击, 进取心
vt. 推, 推动, 使伸出, 推行, 逼迫, 增加
vi. 推, 推进, 增加, 努力争取"
pull,"vt. 拉, 拖, 拔, 牵, 撕开, 吸引
vi. 拉, 拖, 拔, 有吸引力
n. 拉, 拖, 拔, 拉力, 牵引力, 划船, 吸引"
throw,"vt. 投, 掷, 抛, 发射, 摔下, 匆匆穿上(或脱下), 抛弃, 摆脱
vi. 丢, 掷, 抛
n. 投掷, 掷骰子, 冒险"
beat,"n. 心跳(声), 打, 敲打声, 拍子
v. 打, 拍打, 打败
a. 疲乏的, 颓废的
beat的过去式
"
crash,"n. 哗啦声, 猛撞, 崩溃, 粗布
v. 撞碎, 破碎, (使)...坠毁
a. 速成的
"
shut,"n. 关闭
vt. 关上, 闭起, 幽禁, 合拢, 轧住
vi. 关上, 停止营业"
demand,"n. 要求, 需求, 需要
v. 要求, 查询"
require,"vt. 需要, 命令, 要求
"
requirement,"n. 需求, 必要条件, 要求
"
claim,"n. 要求, 要求权, 断言, 权利
vt. 要求, 认领, 主张
vi. 提出要求, 主张, 断言"
appeal,"n. 恳求, 诉请, 上诉, 吸引力
vi. 呼吁, 诉请, 要求, 上诉, 有吸引力
vt. 将...上诉"
repeat,"n. 重复, 反复
vt. 重做, 重复, 复述, 使再现, 复制
vi. 重复
"
request,"n. 请求, 需要, 申请书
vt. 请求, 要求, 邀请
"
insist,"v. 坚持, 坚决主张, 强调"
promote,"vt. 促进, 晋升, 创办, 推销
"
promotion,"n. 晋级, 创建, 增进
"
contribute,"vt. 有助于, 捐助, 投稿
vi. 出力, 捐献, 投稿"
contribution,"n. 捐助, 捐助之物, 贡献
"
contributor,"n. 贡献者, 捐助者, 赠送者, 投稿者
"
boost,"n. 推进, 吹捧
vt. 推进, 提高, 宣扬, 促进"
advance,"n. 前进, 进展, 行过的路程
vi. 前进, 进展, 提高, 上涨
vt. 使前进, 促进, 提出, 提高, 使提前, 预付
a. 前面的, 预先的"
advanced,"a. 在前的, 高级的, 先进的, 年老的
"
advancement,"n. 前进, 进步, 提升
"
accelerate,"v. 加速, 促进"
facilitate,"vt. 使容易, 促进, 帮助
"
propel,"vt. 推进, 驱使
"
interaction,"n. 交互作用, 交感
"
interact,"vi. 互相影响, 交互作用
n. 幕间剧, 幕间休息"
interactive,"a. 相互作用的, 相互影响的
"
respond,"vt. 以...回答
vi. 回答, 响应, 回报, 有反应, 承担责任"
response,"n. 反应, 回答, 响应
"
interview,"n. 面谈, 访问, 接见, 面试
vt. 接见, 对...进行面谈(试)"
treat,"n. 宴请, 款待
vt. 视为, 对待, 论述, 治疗, 款待
vi. 讨论, 谈判, 作东"
hire,"n. 租金, 租用, 雇用
vt. 雇请, 出租
vi. 受雇"
invite,"vt. 邀请, 请求, 引起, 招致
n. 邀请"
reaction,"n. 反应, 反作用, 反动
"
react,"vi. 起反应, 起作用, 反攻
"
celebrate,"v. 庆祝, 祝贺, 举行"
interpersonal,"a. 人与人之间的, 人际(关系)的
"
ceremony,"n. 典礼, 仪式, 礼节
"
socialize,"vt. 使社会化, 使社会主义化, 使适合社会需要
vi. (美)(非正式)参加社交活动, 发生社交往来"
society,n. 社会；社交界；交往；社团
state,"n. 州, 状态, 情形, 国家, 政府, 领土, 国务, 社会地位
a. 国家的, 正式的, 礼仪用的, 州的
vt. 说明, 陈述, 规定
"
statement,"n. 陈述, 指令, 声明
"
explain,"v. 解释, 说明"
explanation,"n. 解释, 说明, 辩解, 表明
"
describe,"vt. 描述, 描绘, 画"
description,"n. 描述, 说明, 种类
"
detail,"n. 细节, 详情
vt. 详述, 选派
vi. 画详图
"
detailed,"a. 详细的, 复杂的
"
illustrate,"vt. 举例说明, 作图解, 阐明
vi. 举例说明"
interpret,"vt. 解释, 演出, 翻译, 理解
vi. 翻译, 解释"
interpretation,"n. 解释, 演出, 翻译
"
outline,"n. 大纲, 轮廓, 概要
vt. 描画轮廓, 描述要点
n. 大纲, 分级, 轮廓
"
deliver,"vt. 递送, 陈述, 释放, 发表, 引渡, 投递, 交付
"
delivery,"n. 递送, 交付, 分娩, 交货, 引渡
"
shift,"n. 变化, 移动, 轮班, 手段, 应急办法, 移位
vt. 替换, 转移, 改变, 推卸, 变速
vi. 转换, 移动, 转变, 推托, 变速
"
trip,"n. 旅行, 绊倒, 摔倒, 失足, 差错, 旅程
vt. 使跌倒, 使犯错, 使失败
vi. 轻快地走, 绊倒, 失误, 犯错, 结巴, 旅行, 远足"
transport,"n. 运输, 运输工具, 激动, 狂喜, 流放犯
vt. 传送, 运输, 流放
"
transportation,"n. 运输, 输送, 交通车辆
"
mobile,"a. 移动的, 易变的, 机动的
n. 活动物体"
mobility,"n. 可动性, 流动性, 机动性
"
transfer,"n. 迁移, 移动, 传递, 转让, 转移, 过户, 汇兑, 换车
vt. 使转移, 调转, 调任, 改变, 传递, 转让
vi. 转移, 转学, 转职, 换车
"
immigrant,"n. 移民
a. 移入的, 移民的"
immigration,"n. 移民, 移居
"
migrate,"vi. 移动, 移往, 随季节而移居
"
migration,"n. 移民, 移往, 移动
"
journey,"n. 旅程, 旅行, 行程
vi. 旅行
vt. 游历"
transmit,"vt. 传输, 传染, 传达, 遗传, 发射, 传播
vi. 发射信号, 留传下来
"
rise,"n. 上升, 增加, 上涨, 高地, 升高, 出现
vi. 升起, 起身, 起立, 上升, 上涨, 增长, 高耸, 起义, 浮现
vt. 使飞起"
raise,"n. 上升, 高地, 增高
vt. 升起, 举起, 唤起, 提高, 使出现, 使复活, 提出, 筹集, 饲养"
increasingly,"adv. 逐渐地, 渐增地"
lift,"n. 举起, 帮助, 昂扬, 电梯
vt. 升高, 提高, 鼓舞, 清偿, 空运, 举起, 剽窃
vi. 升起, 消散, 耸立"
soar,"n. 高扬, 翱翔
vi. 往上飞舞, 高耸, 翱翔"
boom,"n. 繁荣, 隆隆声
vi. 急速发展, 发隆隆声
vt. 使兴旺, 发隆隆声"
define,"vt. 定义, 规定, 使明确
"
definition,"n. 定义, 精确度, 清晰度
"
decision,"n. 决定, 决心, 决断
"
identify,"vt. 识别, 认为...等同于, 确定, 使参与
vi. 一致, 认同"
identity,"n. 身份, 相同, 一致, 特性, 恒等式
"
determine,"v. 决定, 决心"
judge,"n. 法官, 裁判员, 审判官, 鉴定人
vt. 审理, 鉴定, 判断, 判决, 裁定
vi. 下判断, 作评价"
produce,"n. 生产品, 物产, 后代
vt. 产生, 生产, 提出, 出示
vi. 生产, 制造"
product,"n. 产品, 结果, 乘积
"
production,"n. 制造, 生产, 产物
"
producer,"n. 生产者, 制作者, 制作人
"
reproduce,"v. 繁殖, 再生, 复制, 生殖
"
generate,"vt. 产生, 发生, 导致
"
yield,"n. 生产量, 投资收益
vt. 出产, 给予, 让出, 放弃, 使屈服
vi. 出产, 屈服, 投降, 倒塌"
manufacturer,"n. 制造业者, 厂商
"
manufacturing,"n. 制造业
a. 制造业的"
pose,"n. 姿势, 姿态, 装模作样, 伪装
vi. 摆姿势, 装模作样, 假装
vt. 使摆好姿势, 提出, 造成"
attach,"vt. 附上, 使依附, 使附属, 使喜爱, 系, 缚
vi. 附属, 归属, 联系在一起
"
lay,"vt. 放置, 产, 铺设, 布置, 提出, 平息
vi. 下蛋, 打赌
n. 位置, 层, 隐藏处
a. 世俗的, 外行的
lie的过去式"
stick,"n. 棍, 棒, 刺, 枯枝, 茎, 条状物
vt. 插进, 刺入, 钉住, 伸出, 粘贴, 停止
vi. 粘住, 停留, 坚持, 陷住, 伸出"
hang,"n. 悬挂, 诀窍, 意义
vt. 悬挂, 附着, 装饰, 垂下, 踌躇, 绞死, 使悬而未决
vi. 悬着, 垂下, 被绞死, 悬而不决"
settle,"n. 有背长椅
vt. 决定, 整理, 安放, 使定居, 使平静, 支付, 安排, 解决, 结算
vi. 停留, 下陷, 沉淀, 澄清, 安下心来, 结清, 定居, 安家"
hide,"n. 兽皮, 迹象, 躲藏处
vt. 藏, 隐瞒, 遮避, 剥...的皮, 隐藏
vi. 躲藏
"
cling,"vi. 粘紧, 附着, 紧贴, 坚持"
replace,"vt. 代替, 替换, 放回, 归还
"
replacement,"n. 归还, 更换, 代替者
"
represent,"vt. 表现, 表示, 描绘, 讲述, 代表, 象征, 回忆, 再赠送, 再上演
vi. 提出异议"
representative,"n. 代表, 众议员, 典型
a. 描写的, 表现的, 代理的, 代表的, 代议制的, 典型的"
representation,"n. 表示法, 表现, 陈述, 代表
"
alternative,"n. 两者择一, 供替代的选择
a. 两者择一的, 供选择的
"
exchange,"n. 交换, (电话)交换局, 交换机, 汇兑, 交易所
v. 交换, 交易, 兑换
"
agent,"n. 代理商, 政府代表, 动原, 媒介
"
substitute,"n. 代理, 代理人, 代用品, 代替者, 代替物
vt. 代替
vi. 替代, 取代, 代用
a. 代替的, 代用的, 代用品的
"
declare,"v. 宣布, 声明, 申报, 断言"
publish,"vt. 出版, 发行, 公开, 发表, 宣传, 公布
vi. 出版, 发行"
publication,"n. 出版物, 出版, 公布
"
publisher,"n. 出版者, 发行人
"
release,"n. 释放, 发泄, 豁免, 发行, 释放证书
vt. 释放, 解除, 放松, 豁免, 免除, 发布, 放弃, 让与
n. 发布
"
post,"n. 柱, 杆, 准星, 邮件, 邮政, 标竿, 职位, 岗位, 哨所, 兵营
vt. 张帖, 邮递, 公布, 登入帐, 使熟悉, 布置
vi. 快速行进
adv. 急速地
"
announce,"vt. 宣布, 声称, 显示, 预告
vi. 当报幕员, 宣布参加竞选"
announcement,"n. 公告, 发表, 告知
"
publicly,"adv. 公然地, 以公众名义"
advertise,"vt. 做广告, 通知, 公布
vi. 做广告"
advertising,"n. 广告业, 广告
a. 广告的
"
advertisement,"n. 广告, 启事, 广告宣传
"
wonder,"n. 奇迹, 惊奇, 惊愕
vt. 惊奇, 想知道
vi. 惊讶, 怀疑"
assume,"vt. 假定, 承担, 呈现
vi. 装腔作势, 僭越"
assumption,"n. 假定, 自负, 担任, 假装
"
suppose,"vt. 推想, 假设, 以为, 想像, 假定
vi. 料想"
supposedly,"adv. 想象上, 看上去像, 被认为是, 恐怕, 按照推测"
infer,"vt. 推论出, 推断
vi. 作推论"
doubt,"n. 怀疑, 疑惑
v. 怀疑, 不信"
hypothesis,"n. 假设
"
bet,"n. 打赌, 赌注
v. 打赌"
fall,"n. 落下, 瀑布, 采伐量, 下降, 落差, 降低, 堕落, 秋天
vi. 倒下, 落下, 来临, 失守, 阵亡, 下跌, 减弱, 倾斜, 垮台, 轮到, 变成, 降低
a. 秋天的"
drop,"n. 滴, 微量, 落下, 空投
vi. 放下, 掉下, 下降
vt. 使滴下, 放下, 丢失, 遗漏
"
collapse,"n. 崩溃, 倒塌, 虚脱
vi. 倒塌, 崩溃, 瓦解
vt. 使倒塌, 折叠
"
pour,"n. 流出, 倾泻, 骤雨
vt. 倒, 灌, 注, 倾泻, 诉说, 倾吐
vi. 倾泻, 蜂涌而来, 下大雨"
plunge,"n. 钻进, 跳进, 跳水, 跳水池, 猛跌, 落下, 投入, 开始从事, 盲目投资
vi. 投入, 投身于, 跳进, 陷入, 下降
vt. 使投入, 使插入, 使陷入, 使遭受"
sink,"n. 藏垢的场所, 沟渠, 污水槽
vi. 下沉, 沉没, 下陷, 减弱, 衰退, 消沉, 堕落, 渗透
vt. 使低落, 使下沉, 陷于, 投入(资金等), 挖掘"
shed,"n. 车棚, 小屋, 脱落之物, 分水岭
vt. 使流出, 放射, 脱落, 散发, 摆脱
vi. 流出, 散布, 脱落"
choice,"n. 选择, 精选品, 选择权
a. 精选的, 挑三拣四的, 上等的
"
opportunity,"n. 机会, 时机"
option,"n. 选择权, 挑选, 选项
"
select,"a. 挑选出来的, 极好的
v. 选择, 挑选
n. 被挑选者, 精萃
"
selective,"a. 选择的, 选择性的
"
selection,"n. 选择, 选文, 精选品
"
barrier,"n. 障碍, 栅栏
"
delay,"n. 耽搁, 迟滞
v. 耽搁, 延迟
"
intervention,"n. 插入, 介入, 调停
"
obstacle,"n. 障碍, 妨害物, 阻碍"
discourage,"vt. 使气馁, 阻碍"
hinder,"a. 后面的
v. 阻碍, 打扰"
distraction,"n. 娱乐, 分心的事物, 分心
"
distract,"vt. 转移, 分心, 使发狂"
block,"n. 街区, 木块, 石块, 块
vt. 阻塞, 封锁, 使成块状
"
halt,"n. 停止, 立定, 休息
vt. 使停止, 使立定
vi. 立定, 停止, 蹒跚, 踌躇, 有缺点
"
interfere,"vi. 妨碍, 冲突, 干涉, 抵触
"
brake,"n. 刹车, 阻碍, 丛林
v. 刹车"
jam,"n. 果酱, 拥塞之物, 堵塞, 困境
vt. 挤进, 使塞满, 混杂, 压碎, 使堵塞
vi. 堵塞, 轧住, 拥挤"
propose,"vt. 计划, 打算, 建议, 提议, 求(婚)
vi. 打算, 求婚"
proposal,"n. 提议, 计划, 求婚
"
advocate,"n. 提倡者, 拥护者
vt. 主张, 提倡"
refer,"vt. 提交, 归诸于, 把...提交, 使求助于
vi. 提到, 涉及, 查阅, 查询, 咨询"
reference,"n. 参考, 索引, 参照
vt. 给...加上参考资料
vt. 引用
vi. 引用
"
urge,"n. 冲动, 推动力, 迫切的要求
vt. 驱策, 力劝, 竭力主张, 推动
vi. 强烈要求"
persuade,"vt. 劝, 使相信, 恳求, 敦促, 说服
vi. 劝服, 被说服"
convince,"vt. 说服, 使相信
"
hint,"n. 暗示, 提示
v. 暗示, 示意"
gain,"n. 增益, 获得, 利润, 收获, 增加
vt. 得到, 增进, 赚到
vi. 获利, 增加
"
obtain,"vt. 获得, 达到
vi. 流行, 得到公认"
acquire,"vt. 获得, 学到
"
occupy,"vt. 占领, 占(时间、空间等), 住进, 担任, 使从事, 使全神贯注
"
harvest,"n. 收获, 成果, 收获物, 收获期
v. 收割, 收获"
belong,"vi. 属于, 合适"
reap,"vt. 收割, 收获, 获得
vi. 收割, 得到报应"
promise,"n. 诺言, 约定的事情, 有指望
vt. 允诺, 约定, 预示
vi. 允诺, 有前途, 有指望"
promising,"a. 有希望的, 前途有望的
"
ensure,"vt. 确定, 保证, 担保, 保护
"
commit,"vt. 委托(托付), 犯罪, 指派...作战, 使承担义务
"
commitment,"n. 委托, 交押, 承担义务, 赞助
"
guarantee,"n. 担保, 抵押品, 保证书
vt. 保证, 担保"
contract,"n. 合约, 婚约, 契约
vt. 使皱缩, 使缩短, 感染, 订约, 缔结
vi. 皱缩, 订约, 收缩"
secure,"a. 无虑的, 安心的, 安全的, 可靠的, 保险的
vt. 固定, 获得, 保证, 使安全, 掩护, 招致
vi. 停止操作, 船抛锚"
security,"n. 安全, 安全性, 防护物, 保安, 可靠性, 担保人, 抵押品, 保证金
"
prevent,"v. 预防, 防止, 阻止, 妨碍"
protection,"n. 保护, 防卫, 贸易保护制度
"
conservation,"n. 保护, 保存
"
rescue,"n. 援救, 解救, 营救
vt. 援救, 救出, 营救"
insurance,"n. 保险, 保险业, 保险费
"
guard,"n. 守卫者, 警戒, 护卫队, 防护装置
vt. 保卫, 看守, 当心
vi. 防止, 警惕, 警卫, 看守"
behavior,"n. 行为, 举止
"
behave,"vi. 举止端正, 行为规矩
vt. 检点(自己的)行为, 使表现好"
behavioral,a. 行为的
performance,"n. 施行, 工作情况, 成绩, 行为, 表现, 演出
"
perform,"vt. 进行, 履行, 完成, 执行, 表演
vi. 行动, 工作, 执行, 演出"
conduct,"n. 行为, 举动, 指导
vt. 为人, 指挥, 管理, 实施
vi. 领导, 传导, 指挥"
manner,"n. 样子, 礼貌, 风格
"
gather,"n. 集合, 聚集
vi. 聚集, 集合, 渐增
vt. 使聚集, 搜集, 积聚"
combine,"v. (使)联合, (使)结合
n. (企业的)联合, 联合收割机"
combination,"n. 组合, 合并, 联合
"
mix,"n. 混合物, 混乱, 糊涂
vt. 使混合, 弄混, 使结合, 混淆
vi. 相混合, 交往, 参与"
absorb,"vt. 吸收, 使全神贯注, 同化, 买进, 理解, 承受, 忍受, 承担
"
collection,"n. 收集, 采集, (一批)收藏品, 募捐
"
collective,"a. 集体的, 聚集的, 共同的
"
enroll,"vt. 登记, 使加入
vi. 参军, 注册"
recruit,"n. 新兵, 新手, 新会员, 补给品
vt. 恢复, 补充, 充实, 征募
vi. 征募新兵, 复原, 得到补充"
intake,"n. 入口, 吸入, 吸入量
"
offer,"n. 给予(物), 出价, 提议, 意图, 报价
vt. 提供, 出价, 奉献, 试图, 使出现, 演出
vi. 出现, 献祭, 提议, 求婚"
supply,"n. 补给, 供给, 供应品
vt. 补给, 供给, 提供, 补充
vi. 替代"
cater,"v. 提供饮食及服务, 投合, 迎合"
tailor,"n. 裁缝, 成衣匠
vt. 缝制, 制作, 使适应
vi. 做裁缝"
accommodate,"vt. 使适应, 调和, 通融, 容纳, 向...提供
vi. 适应"
competition,"n. 竞争, 竞赛
"
compete,"vi. 竞争, 对抗"
competitive,"a. 竞争的
"
competitor,"n. 竞争者
"
race,"n. 种族, 人种, 赛跑, 比赛, 急流, 人类, 同道, 姜根
vi. 赛跑, 竞赛, 疾走
vt. 与...赛跑, 使疾走, 使猛转
"
campaign,"n. 战役, 运动, 竞选运动
vi. 参加运动, 作战"
battle,"n. 战役
v. 战斗"
combat,"n. 争斗, 战斗
vi. 战斗, 争斗
vt. 与...战斗, 与...斗争"
display,"n. 显示, 陈列, 炫耀, 显示器
vt. 陈列, 显示, 表现, 夸示
"
demonstrate,"vt. 示范, 证明
vi. 示威"
sample,"n. 样品, 范例, 样本
vt. 抽样, 尝试
"
exhibit,"n. 显示, 显现, 展览品, 陈列品, 展览
vt. 展现, 陈列, 展览
vi. 开展览会"
exhibition,"n. 表现, 展览会, 展览品
"
portray,"vt. 描绘, 描写, 描绘...的肖像"
depict,"vt. 描述, 描写"
limit,"n. 界限, 边界, 限度, 极限, 限制
vt. 限制, 限定"
limited,"a. 有限制的, 有限的, 有限责任的
n. 特别快车"
limitation,"n. 限制, 缺陷, 限额
"
bind,"vt. 绑, 约束, 装订, 包扎, 使结合
vi. 凝固, 有约束力
"
refrain,"n. 重复的话, 叠句, 副歌
vi. 节制, 避免, 克制"
ban,"n. 禁令
vt. 禁止, 取缔"
curb,"n. 抑制, 勒马绳, 边石
vt. 抑制, 束缚, 勒住"
confine,"vt. 限制, 使不外出, 禁闭
vi. 邻接, 交界
n. 边缘, 范围, 区域"
prohibit,"vt. 禁止, 阻止
"
separate,"n. 独立件, 抽印本
a. 分开的, 各别的, 单独的, 分隔的
vi. 分开, 隔开, 分居
vt. 使分离, 使分开, 区分, 使分居"
divide,"vi. 分开, 分配, 分裂
vt. 分, 分开, 分裂, 除
n. 分配, 分水岭
"
division,"n. 分, 分开, 除法, 部门(如部、处、系等), 师
"
remove,"vt. 移动, 调动, 除去, 迁移, 开除, 移交
vi. 迁移, 移动, 搬家
n. 班级, 升级, 移动, 搬家, 间距
"
apart,"adv. 成零碎, 成距离, 分别地, 分离着
a. 分离的"
split,"n. 劈开, 裂片, 裂缝, 分裂, 派系, 派别, 柳条
a. 劈开的
vi. 分离, 分开, 裂开, 被劈开
vt. 劈开, 切开, 使分裂, 使分离
"
isolated,"a. 孤立的, 孤零零的
"
receive,"vt. 收到, 接到, 得到, 接待, 迎接, 承受
vi. 收到, 会客
"
embrace,"n. 拥抱
vt. 拥抱, 互相拥抱, 包含, 收买
vi. 拥抱"
dedicate,"vt. 献出, 贡献"
lend,"vt. 借, 贷款给, 增添, 提供, 出租
vi. 贷款"
entitle,"vt. 给...权利, 取名为, 给予名称, 叫做
"
sacrifice,"n. 牺牲, 供奉, 祭品
vt. 牺牲, 祭祀, 贱卖
vi. 献祭"
view,"n. 视野, 风景, 见解, 视力, 观看, 视图, 指望, 意图, 印象
vt. 看, 考虑, 视察, 查看, 估量
"
observe,"vt. 觉察到, 遵守, 注意到, 庆祝
vi. 注意, 评论"
observation,"n. 观察, 注意, 观测, 观察力
"
witness,"n. 证人, 目击者, 证据, 证词
vt. 目击, 作证, 证明, 表明
vi. 作证人, 作为证据"
edit,"vt. 编辑, 编校, 修订, 剪辑
"
editor,"n. 编者, 编辑, 主笔, 编辑器, 编辑装置
"
review,"n. 检讨, 复习, 回顾, 检阅, 评论
vt. 温习, 检讨, 评论, 再检察, 复审
vi. 复习功课, 写评论"
cite,"vt. 引用, 引证, 表彰
"
press,"n. 压, 揿, 按, 人群, 印刷机, 压力, 出版社, 记者, 报刊, 新闻舆论, 紧迫
vt. 压, 压榨, 紧抱, 逼迫, 推进, 强迫征募, 催逼
vi. 压, 重压, 催促, 拥挤, 奋力前进, 受压"
modify,"vt. 修正, 变更, 修饰, 缓和, 减轻
vi. 被修改
"
modification,"n. 修正, 修饰, 修改
"
invent,"vt. 发明, 创作, 虚构
"
invention,"n. 发明, 创作能力, 虚构的故事
"
design,"n. 设计, 图样, 方案, 企图
v. 设计, 计划"
creation,"n. 创造, 创作物, 发明
"
creativity,"n. 创造力, 创造性"
formulate,"vt. 用公式表示, 明确叙述, 制订
"
innovate,"vi. 改革, 创新"
innovation,"n. 改革, 创新
"
innovative,"a. 革新的, 创新的, 富有革新精神的"
assessment,"n. 评估, 估定, 评定的款额
"
assess,"vt. 估定, 对...征税, 评定
"
estimate,"n. 估计, 判断
vt. 估计, 评价, 判断
vi. 估计"
underestimate,"n. 低估
vt. 低估, 看轻"
grade,"n. 等级, 年级, 阶段, 成绩, 程度, 坡度, 斜坡
vt. 分等, 分级, 评分
vi. 属于某等级, 逐渐变化"
evaluation,"n. 评估, 估价, 求值
"
evaluate,"vt. 评估, 评价, 赋值"
cooperation,"n. 合作, 协力, 配合
"
cooperate,"vi. 合作, 协力, 配合
"
aid,"n. 帮助, 外援, 助手
vt. 援助, 帮助, 有助于
vi. 帮助
"
assistance,"n. 协助, 援助
"
assistant,"n. 助手, 助理, 助教
a. 有帮助的, 辅助的, 助理的"
assist,"n. 帮助, 协助
vt. 帮助, 促进
vi. 协助, 参加"
collaboration,"n. 合作, 勾结
"
collaborative,"a. 合作的, 协作的"
collaborate,"vi. 合作, 勾结
"
supportive,"a. 支撑, 支承, 资助, 赞助, 支援, 经受, 忍受, 扶养, 证实, 鼓励, 维持, 伴奏"
supporter,"n. 支持者, 后盾, 迫随者, 护身织物
"
spread,"n. 传播, 散布, 伸展
a. 双唇展开的, 伸展的
vt. 展开, 铺开, 传播, 推广, 伸出, 涂, 敷, 延伸
vi. 展开, 扩大, 传开, 延伸
"
widespread,"a. 充分伸展的, 广布的, 普及的, 流传广的"
emission,"n. 发射, 射出, 发行
"
assign,"vt. 分配, 指派, 赋值
"
assignment,"n. 分配, 功课, 任务, 转让, 归因, 陈述
"
distribute,"vt. 分配, 散布, 分发
"
distribution,"n. 分配
"
allocate,"vt. 分派, 分配
"
expose,"vt. 使暴露, 使曝光, 揭穿, 陈列
"
exposure,"n. 暴露, 揭发, 揭露
"
discover,"vt. 发现, 找到, 暴露
vi. 发现"
discovery,"n. 发现, 被发现的事物
"
reveal,"vt. 露出, 显示, 透露, 揭露, 泄露, (神)启示
n. 窗侧, 门侧"
leisure,"n. 空闲, 闲暇, 悠闲
a. 空闲的, 有闲的"
tour,"n. 旅游, 观光旅行, 任期
vi. 旅行, 周游, 巡回
vt. 周游, 观光, 游历, 使巡回演出"
extracurricular,"a. 课外的, 业余的"
pop,"n. 砰然声, 枪击, 含气饮料, 流行音乐, 通俗艺术
a. 流行的, 热门的, 通俗的
vt. 使发出爆裂声, 开枪打, 突然伸出
vi. 发出爆裂声, 射击, 突然出现, 瞪大
adv. 突然, 砰地
"
hunt,"n. 狩猎, 追捕, 搜寻, 猎区
vt. 狩猎, 打猎, 搜索
vi. 打猎, 猎食, 搜寻"
concert,"n. 音乐会, 和声, 一致
vt. 协力, 协调
vi. 协力
"
drama,"n. 戏剧, 戏剧艺术"
dramatic,"a. 戏剧性的, 生动的"
dramatically,"adv. 戏剧地, 引人注目地, 突然地"
complain,"v. 抱怨, 抗议, 控诉"
complaint,"n. 诉苦, 抱怨, 控诉
"
ignore,"vt. 不理睬, 忽视, 驳回, 忽略
"
neglect,"n. 疏忽, 忽略, 漏做
vt. 疏忽, 忽视, 不顾"
regret,"n. 遗憾, 后悔, 悔恨, 抱歉, 歉意
vt. 为...感到遗憾, 后悔, 惋惜, 懊悔, 抱歉
vi. 感到抱歉"
overlook,"vt. 俯瞰, 远眺, 没注意到
n. 眺望, 俯瞰到的景色"
cultivate,"vt. 培养, 耕作"
feed,"n. 饲料, 一餐, 饲养
vt. 喂, 饲养, 放牧, 靠...为生
vi. 吃东西, 用餐, 流入
"
breed,"n. 种类, 品种
v. 养育, 引起, 饲养, 繁殖"
foster,"a. 收养的, 养育的
vt. 养育, 抚育, 培养, 鼓励, 抱(希望)"
abandon,"vt. 放弃, 抛弃, 遗弃, 使屈从, 沉溺, 放纵
n. 放任, 无拘束, 狂热"
escape,"n. 逃亡, 避难设备, 逃跑
vi. 逃脱, 避开, 溜走
vt. 逃避, 避免, 被...忘掉"
desert,"n. 沙漠, 应得的赏罚, 功劳
a. 沙漠的, 不毛的
vt. 放弃, 遗弃, 擅离
vi. 逃掉"
retreat,"n. 休息寓所, 撤退, 隐居, 退避
vi. 撤退, 隐退, 向后倾
vt. 退(棋)"
quit,"vi. 离开, 辞职, 停止
vt. 离开, 放弃, 使解除, 停止
n. 离开
"
withdraw,"vt. 撤回, 取回, 撤消, 使撤退, 拉开, 移开
vi. 撤退, 离开"
direct,"a. 直接的, 坦白的
vt. 指示, 指挥, 命令, 导演
vi. 指导, 指挥
adv. 直接地"
director,"n. 主管, 导演, 董事
"
direction,"n. 方向, 指导, 趋势
"
guide,"n. 引导者, 导游, 指南, 路标
vt. 指导, 支配, 管理, 带领, 操纵
vi. 任向导
"
guideline,"n. 指导路线, 方针, 指标
"
guidance,"n. 指导, 领导
"
mislead,vt. 误导
instruct,"vt. 教, 教育, 命令, 通知
"
instruction,"n. 指令, 教导, 命令
"
recommend,"vt. 推荐, 介绍, 劝告, 使受欢迎, 托付
"
exaggerate,"v. 夸大, 夸张"
praise,"n. 赞美, 称赞, 崇拜
vt. 称赞, 赞美
vi. 赞扬, 表扬"
boast,"n. 吹牛
vi. 吹牛, 自夸
vt. 夸口说, 自恃有"
found,"vt. 建立, 创立, 铸造
find的过去式和过去分词"
founder,"n. 创立者, 建立者
vt. 使沉没, 使摔倒, 弄跛, 浸水, 破坏
vi. 沉没, 摔到, 变跛, 倒塌, 失败"
establish,"vt. 建立, 确立, 制定
vi. 移植生长"
establishment,"n. 确立, 制定, 设施
"
construct,"vt. 构造, 建造, 对...进行构思, 作图
n. 构成物"
construction,"n. 建筑, 构造, 建筑物
"
install,"vt. 安装, 安置, 使就职
"
criticize,"v. 批评, 吹毛求疵, 非难"
critic,"n. 批评家, 鉴定家"
criticism,"n. 批评, 评论, 非难
"
blame,"n. 过失, 责备
vt. 责备, 归咎于"
major,"n. 主修课, 成年人, 陆军少校
a. 主要的, 较多的, 大部分的, 成年的, 严重的
vi. 主修
"
majority,"n. 多数, 大半
"
critical,"a. 批评的, 决定性的, 危险的, 临界的
"
essential,"n. 要素, 要点, 本质
a. 必要的, 重要的, 本质的
"
essence,"n. 实质, 本质, 香精
"
significant,"a. 重要的, 有效的, 有含义的, 暗示的, 值得注意的"
significantly,adv. 值得注目地；意味深长地
chief,"n. 领袖, 酋长, 长官, 主要部分
a. 主要的, 首位的"
vital,"a. 生命的, 重要的, 充满活力的, 生死攸关的, 致命的
"
necessarily,"adv. 必然地, 必须地, 必要地"
necessity,"n. 需要, 必需品, 必然
"
primarily,"adv. 主要地, 首先地"
primary,"n. 最主要者, 原色
a. 主要的, 初期的, 根本的, 原始的, 首要的, 基本的
"
prime,"n. 最佳部分, 初期, 全盛期
a. 主要的, 最初的, 根本的
v. 加油启动, 灌注, 填装"
priority,"n. 优先权, 优先
"
basically,"adv. 基本上, 主要地"
crucial,"a. 决定性的, 重要的, 严厉的
"
grand,"a. 庄重的, 壮观的, 显赫的, 重大的, 最高的, 雄伟的, 宏大的, 豪华的, 傲慢的
"
influential,"a. 有影响的, 有势力的"
core,"n. 核心, 果心, 要点
vt. 挖...的核
"
fundamental,"n. 基本原理, 原则, 基波
a. 基本的, 重要的, 原音的"
unprecedented,"a. 空前的
"
indispensable,"n. 不可缺少之物
a. 不可缺少的, 责无旁贷的, 绝对必要的"
elementary,"a. 初步的, 基本的
"
principal,"n. 校长, 首长, 本金, 主犯, 资本, 委托人
a. 主要的, 最重要的, 首要的"
privileged,"a. 有特权的, 有特别恩典的
"
historic,"a. 历史上著名的, 有历史性的"
possibility,"n. 可能性, 可能的事
"
might,"n. 力量, 权力
aux. 可能, 也许"
likely,"a. 有可能的, 合适的, 前途有望的
adv. 或许, 可能"
unlikely,a. 不太可能的
perhaps,"adv. 也许, 大概"
probably,"adv. 大概, 或许"
potential,"n. 潜在性, 可能性, 潜力, 潜能, 势, 位
a. 有潜力的, 可能的, 潜在的"
certain,"a. 确定的, 某一个的, 必然的
"
certainly,adv. 确定地
uncertain,"a. 不确定的, 无常的, 不确信的, 不可预测的
"
inevitable,"a. 不可避免的, 必然的
"
odds,"n. 可能性, 几率, 机会, 胜算, 不平等"
odd,"a. 奇数的, 古怪的, 剩余的, 零散的, 各种各样的, 少量的
n. 奇特的事物, 怪人
"
seemingly,"adv. 看来似乎, 表面上看来"
greatly,"adv. 很, 非常"
especially,"adv. 尤其, 特别, 格外"
quite,"adv. 相当, 完全, 十分"
mostly,"adv. 大概, 大部分, 主要
"
complete,"a. 完全的, 十足的, 完成的
vt. 完成, 完工, 使圆满"
completely,"adv. 完全地, 十分地, 圆满地"
pretty,"a. 漂亮的, 优美的, 机灵的, 狡猾的, 恰当的
adv. 相当, 颇"
fully,"adv. 十分地, 完全地, 充分地"
extreme,"n. 极端, 末端
a. 极端的, 尽头的, 极度的, 偏激的"
extremely,"adv. 极端地, 非常地"
largely,"adv. 大量地, 很多地, 大半地"
highly,"adv. 非常, 非常赞许地
"
heavily,"adv. 很重地, 严重地, 难以忍受地"
fairly,"adv. 美观地, 公平地, 相当地, 清楚地"
absolutely,"adv. 完全地, 绝对地, 确确实实地"
intense,"a. 非常的, 强烈的, 紧张的, 热情的
"
intensive,"a. 加强的, 内涵的, 集中的
n. 加强器"
serious,"a. 严肃的, 认真的, 重要的, 严重的
"
rapid,"a. 迅速的, 飞快的, 急促的, 陡的
n. 急流"
urgent,"a. 紧急的, 急迫的, 催逼的
"
urgency,"n. 紧急, 催促
"
severe,"a. 严格的, 尖锐的, 严肃的, 严重的, 严厉的, 朴素的
"
sensitive,"a. 敏感的, 易感的, 灵敏的, 感光的
"
harsh,"a. 粗糙的, 刺耳的, 严厉的
"
strain,"n. 紧张, 拉紧, 张力, 过劳, 扭伤, 血缘, 种, 族, 气质, 曲调, 旋律, 口吻
vt. 使劳累, 拉紧, 过分使用, 扭伤, 滥用, 曲解, 滤
vi. 尽力, 努力, 紧拉, 弯曲, 被滤出"
rush,"n. 匆促, 冲进, 急流, 灯心草
vi. 冲, 奔, 闯, 赶紧, 匆促行事, 涌现
vt. 使冲, 匆忙地做, 突袭, 飞跃, 用灯心草做
a. 紧急的"
rigorous,"a. 严厉的, 严酷的, 严格的, 苛刻的, 严密的, 精确的"
strict,"a. 严厉的, 绝对的, 详尽的, 严格的, 精确的
"
emergency,"n. 紧急状况, 紧急事件, 紧急需要
"
tension,"n. 紧张, 不安, 拉紧, 张力, 压力, 电压
vt. 拉紧, 使紧张"
tight,"a. 紧的, 密封的, 吝啬的, 严厉的
adv. 紧紧地"
tighten,"vt. 勒紧, 使变紧
vi. 变紧, 绷紧"
steep,"n. 浸渍, 悬崖
a. 险峻的, 陡峭的, 急剧升降的, 夸大的
v. 浸, 泡"
grim,"a. 冷酷的, 坚强的, 残忍的, 可怕的, 讨厌的"
overwhelming,"a. 压倒性的, 无法抵抗的"
overwhelm,"vt. 淹没, 受打击, 制服, 压倒, 使不知所措
"
overwhelmingly,"adv. 压倒性地, 不可抵抗地"
thorough,"a. 十分的, 彻底的"
section,"n. 区段, 部分, 区域, 节, 截面, 处, 科, 区, 扇区
vt. 把...分段, 把...切片
vi. 被切成片
"
percent,"n. 百分比, 百分数, 部分
"
percentage,"n. 百分比, 比率, 部分, 可能性
"
factor,"n. 因素, 因数, 系数, 基因, 代理人
"
aspect,"n. 外观, 方面, 面貌, 方向
"
item,"n. 项目, 条款, 一则, 项
"
proportion,"n. 比例, 比率, 均衡, 部分, 面积
vt. 使成比例, 使均衡"
partly,"adv. 部分地, 在一定程度上"
component,"n. 元件, 组件, 成分
a. 组成的, 构成的
"
element,"n. 元件, 元素, 要素
"
ingredient,"n. 成分, 因素
"
portion,"n. 部分, 一份, 命运, 嫁妆
vt. 分配, 给...嫁妆"
segment,"n. 片段, 部分, 分节, 段
v. 分割, 分裂
"
focus,"n. 焦点, 焦距
vi. 聚焦, 注视
vt. 使聚焦, 调焦, 集中
"
point,"n. 点, 小数点, 标点, 地点, 要点, 特点, 尖端, 分数, 得分, 穴位
vt. 弄尖, 强调, 指出, 加标点于, 瞄准
vi. 指, 指向, 表明"
attention,"n. 注意, 注意力
"
devote,"vt. 投入于, 献身"
emphasis,"n. 强调, 加强, 重点, 强语气"
emphasize,"vt. 强调, 加强语气, 着重"
highlight,"n. 加亮区, 精彩场面
vt. 加亮, 使显著, 以强光照射, 突出
"
concentrate,"n. 浓缩, 精选
v. 集中, 专心"
reduce,"vt. 减少, 分解, 降低, 使衰退, 把...分解, 把...归纳
vi. 减少, 减肥, 缩小
"
reduction,"n. 减少, 缩影, 变化
"
lack,"n. 缺乏, 无, 不足
vt. 缺乏, 短少, 不足, 需要
vi. 缺乏"
decline,"n. 衰退, 跌落, 下降
vt. 使降低, 婉谢
vi. 下降, 衰落, 偏斜"
decrease,"n. 减少, 减少量
v. 减少"
diminish,"v. (使)减少, (使)变小"
lower,"a. 低的, 下级的, 下层的
vi. 降低, 跌落, 减弱
vt. 放下, 降下, 减弱, 贬低"
minimize,"vt. 将...减到最少
vt. 最小化
vi. 最小化
"
lessen,"vt. 减少, 缩小, 减轻
vi. 变小"
abstract,"a. 抽象的, 深奥的
n. 摘要, 抽象概念
vt. 摘要, 提炼, 使抽象化
"
concept,"n. 观念, 概念
"
ideal,"n. 理想, 典范, 观念, 思想, 最后目标
a. 理想的, 完美的, 空想的, 观念的, 唯心论的"
notion,"n. 概念, 观念, 想法, 打算, 别致的小东西
"
remind,"vt. 提醒, 使想起"
recall,"n. 回忆, 召回, 撤消
vt. 回想, 回忆, 召回, 撤消, 使恢复
"
artistic,"a. 艺术的, 艺术家的, 富有艺术性的"
religious,"a. 宗教性的, 虔诚的, 宗教上的, 严谨的
n. 修道士, 出家人"
impression,"n. 印象, 意念, 盖印, 印记, 印数, 底色, 效果
"
impressive,"a. 给人深刻印象的, 威严的"
impress,"n. 印象, 特征, 印记
vt. 使有印象, 印, 铭刻, 传送, 影响, 强征
vi. 给人印象"
stereotype,"n. 铅版, 陈规, 老套
vt. 使用铅版, 把...印制成盲文, 套用老套, 使一成不变"
imagination,"n. 想像, 听觉, 想像力
"
romantic,"a. 浪漫的, 风流的, 传奇性的, 夸大的, 空想的, 浪漫派的"
mystery,"n. 秘密, 神秘, 奥秘"
myth,"n. 神话, 虚构的事, 虚构的人"
virtual,"a. 实际上起作用的, 虚的, 实质的, 有效的, 事实上生效的
"
kind,"n. 种类, 性质, 方式
a. 亲切的, 仁慈的, 和蔼的"
type,"n. 类型, 样式, 典型, 榜样, 标志, 符号, 型, 式
vi. 打字
vt. 作为代表, 测定类型, 用打字机打
"
sort,"n. 种类, 方式, 品质, 态度, 举止
vt. 分类, 排序, 挑选
vi. 交往, 协调
"
variety,"n. 多样, 种类, 变种, 杂耍
"
species,"n. 种, 类, 外形
"
category,"n. 种类, 类项
"
mere,"n. 小湖, 池塘
a. 仅仅的, 只不过的"
merely,adv. 只
least,"n. 最少, 最小, 最小限度
a. 最少的, 最小的
adv. 最小, 最少"
slightly,"adv. 些微地, 苗条地"
slight,"n. 轻蔑, 怠慢
a. 轻微的, 纤细的, 脆弱的, 苗条的
vt. 轻视, 忽略, 怠慢"
rare,"a. 稀罕的, 罕有的, 珍奇的, 稀薄的, 半熟的, 非常好的
adv. 非常"
tiny,"a. 很少的, 微小的"
subtle,"a. 敏锐的, 精细的, 狡猾的, 稀薄的, 灵巧的, 微妙的
"
seldom,"a. 不常的, 稀少的
adv. 很少, 不常"
somewhat,"n. 某物, 几分
adv. 多少, 几分"
somehow,adv. 不知何故
slim,"a. 瘦的, 苗条的, 微小的, 稀少的, 微薄的
vi. 变苗条
vt. 使苗条"
miniature,"n. 缩图, 小画像
a. 小规模的, 纤小的"
minor,"n. 未成年人, 副修科目
a. 较小的, 二流的, 未成年的
vi. 副修
"
quality,"n. 品质, 特性, 才能, 质量
a. 优质的
"
leadership,"n. 领导能力, 领导阶层"
humanity,"n. 人性, 人类, 博爱"
respect,"n. 尊敬, 尊重, 问候
vt. 尊敬, 注意, 遵守"
moral,"n. 道德, 品行, 寓意
a. 道德的, 品性端正的, 精神上的"
modest,"a. 谦逊的, 羞怯的, 端庄的, 适度的
"
courage,"n. 勇气, 胆量"
honest,"a. 诚实的, 坦直的, 可靠的"
liberal,"n. 自由主义者
a. 慷慨的, 不拘泥的, 宽大的, 自由主义的"
generous,"a. 慷慨的, 有雅量的, 大量的, 丰富的"
flexible,"a. 易曲的, 灵活的, 柔顺的, 能变形的, 可通融的
"
noble,"n. 贵族
a. 高贵的, 高尚的, 贵族的, 辉煌的"
clearly,adv. 清楚地
simply,"adv. 简单地, 只是, 简直, 简朴地, 坦白地"
specific,"n. 特效药, 特性
a. 特殊的, 明确的, 具有特效的, 特定地, 具体地"
obvious,"a. 明显的, 明白的, 显然的, 平淡无奇的"
obviously,"adv. 显而易见地, 明显地"
apparently,"adv. 表面上, 清楚地, 显然地"
apparent,"a. 清晰可见的, 显然的, 表面上的
"
definitely,"adv. 明确无疑地, 清楚地"
straightforward,"a. 笔直的, 率直的, 明确的, 简单的, 直接的"
connection,"n. 连接, 关系, 前后关系
"
connect,"v. 连接, 联合, 联系"
relate,"vt. 讲, 叙述, 使互相关联
vi. 有关, 符合, 相处得好"
relative,"n. 亲戚, 关系词
a. 有关系的, 相对的, 比较的"
relation,"n. 关系, 联系, 叙述, 故事, 家属, 亲戚
"
link,"n. 环, 连结物, 链接, 火把
vt. 连结, 联合, 挽住
vi. 连接起来
"
contact,"n. 联系, 交际, 熟人, 接触
vi. 接触, 联系
vt. 使接触"
tie,"n. 带子, 线, 鞋带, 领带, 领结, 关系, 束缚, 平局, 不分胜负
vt. 系, 打结, 扎, 约束, 与...成平局
vi. 结合, 打结, 不分胜负"
relevant,"a. 有关联的, 有关系的, 适当的, 相应的
"
irrelevant,"a. 不恰当的, 无关系的, 不相干的
"
parental,"a. 父母亲的, 做双亲的, 作为渊源的
"
correlate,"n. 有相互关系的东西, 相关物
vt. 使有相互关系
vi. 相关"
correlation,"n. 相互关系, 相关, 关联
"
bond,"n. 捆绑物, 结合, 债券, 契约, 粘合剂, 保证人, 键, 关栈保留
vt. 存入关栈, 使黏合
vi. 结合"
comfort,"n. 舒适, 安慰, 安慰者
vt. 安慰"
balance,"n. 平衡, 差额
vi. 平衡, 相等
vt. 称, 权衡, 比较, 使平衡, 结算, 抵消"
freedom,"n. 自由, 坦率, 特权
"
ease,"n. 安乐, 安逸, 悠闲
vt. 使安乐, 使安心, 减轻, 放松
vi. 减轻, 放松, 灵活地移动"
well-being,n. 健康; 幸福; 保持良好状态
relieve,"vt. 减轻, 救济, 解除, 使免除, 换...的班, 使得到调剂, 使不单调, 衬托, 使显著
vi. 救济, 当替补投手, 呈鲜明突出"
relief,"n. 减轻, 解除, 救济, 安慰, 调剂, 浮雕, 换班, (地势的)起伏
"
readily,"adv. 迅速地, 轻易地, 乐意地"
convenient,"a. 方便的, 合宜的
"
convenience,"n. 方便, 便利的事物, 方便的时候"
alleviate,"vt. 减轻, 使缓和"
casual,"a. 偶然的, 不经意的, 便装的
n. 临时工, 待命士兵"
cozy,"a. 舒适的, 安逸的, 惬意的
n. (茶壶等的)保暖罩, 舒适的座位
vt. 以假话使安心"
nearly,"adv. 几乎, 密切地"
generally,"adv. 通常, 逐渐地, 普遍地"
general,"n. 一般, 将军, 大体
a. 全面的, 大体的, 总的, 一般的, 普遍的
n. 常规
"
widely,adv. 广泛地
narrow,"n. 狭窄部分, 隘路
a. 狭窄的, 仔细的, 有限的, 勉强的, 狭隘的, 手紧的
vi. 变窄
vt. 使变狭窄"
virtually,adv. 事实上
roughly,"adv. 概略地, 粗糙地, 粗暴地"
though,"adv. 然而, 可是
conj. 虽然, 纵然"
despite,"n. 轻视, 憎恨
prep. 虽然, 尽管"
otherwise,"adv. 否则, 不同地, 别的方式"
whereas,"conj. 然而, 鉴于
"
nonetheless,"conj. 然而, 尽管, 不过
adv. 不过, 仍然, 尽管如此, 然而"
regardless,"a. 不管, 不注意, 不顾"
particular,"n. 一项(或条、点), 个别项目, 详细说明
a. 特别的, 独有的, 挑剔的, 详尽的"
particularly,"adv. 特别, 格外, 尤其, 详细地, 细致地"
unique,"a. 独一无二的, 独特的, 稀罕的"
typical,"a. 典型的, 象征性的
"
typically,adv. 代表性地；作为特色地
specifically,"adv. 特定地, 明确地, 按特性"
specialty,"n. 专业, 专长, 特产, 特制品, 特性, 特点
a. 专门的, 独立的"
exotic,"a. 异国的, 外来的
n. 外来人, 外来物, 舶来品"
classic,"n. 古典作品, 杰作, 大艺术家
a. 第一流的, 最优秀的, 古典的"
classical,"a. 古典的, 正统派的, 经典的
"
bizarre,a. 奇异的
fancy,"n. 想象力, 幻想, 喜好
a. 想象的, 精美的, 新奇的, 奇特的, 高价的, 特级的
vt. 想象, 设想, 相信, 喜爱
vi. 想象, 幻想"
effort,"n. 努力, 成就"
labor,"n. 劳动, 努力, 工作, 劳工, 分娩
vi. 劳动, 努力, 苦干
vt. 详细分析, 使厌烦"
struggle,"n. 斗争, 努力, 奋斗
vi. 努力, 奋斗, 挣扎"
tough,"n. 恶棍
a. 强硬的, 艰苦的, 坚固的, 坚韧的, 粗暴的, 咬不动的"
strive,"vi. 努力, 奋斗, 斗争"
entire,"n. 整个, 全部
a. 全体的, 完全的, 全部的"
entirely,"adv. 完全, 全然, 一概"
throughout,"adv. 到处, 贯穿全部地, 自始至终
prep. 遍及, 在各处
"
overall,"a. 全部的, 全体的, 从头至尾的, 一切在内的
adv. 从头到尾, 总的说来
n. 罩衫, 工作服"
total,"a. 全体的, 总的, 全然的
vt. 计算...的总和, 共计为
vi. 合计
n. 总数, 全体, 合计
adv. 统统"
totally,adv. 完全地
comprehensive,"a. 广泛的, 有理解力的, 综合的
"
gross,"n. 总数, 总量
a. 总共的, 未打折扣的, 恶劣的, 粗野的
vt. 总共收入"
universal,"a. 全世界的, 普遍的, 宇宙的, 通用的
n. 一般概念"
achievement,"n. 完成, 成就, 功业"
reputation,"n. 名誉, 名声, 声望
"
accomplish,"vt. 完成, 达到, 实现, 使完美"
award,"n. 奖品, 裁定, 判决
vt. 授予, 给予"
honor,"n. 荣誉, 头衔, 信用, 尊敬, 名誉, 阁下, 勋章
vt. 尊敬, 授予荣誉, 承兑, 实践"
celebrity,"n. 名声, 名人"
breakthrough,"n. 突破
"
known,"a. 已知的, 有名的
know的过去分词"
milestone,"n. 里程碑, 里程石, 里程标"
unlike,"a. 不像的, 不同的
prep. 不像, 和...不同"
contrast,"n. 差别, 对比, 对照物
vt. 使对比
vi. 成对照
"
contrary,"a. 相反的, 矛盾的, 对立的
n. 相反, 对立面
adv. 相反地"
gap,"n. 缝隙, 缺口, 间断, 间距, 通用汇编程序
vt. 打开缺口, 造成缝隙
vi. 豁开
"
diverse,"a. 不同的, 变化多的"
diversity,"n. 差异, 多样性
"
differ,"vi. 不一致, 不同
"
distinguish,"v. 区别, 辨别"
distinction,n. 区别
distinct,"a. 清楚的, 显著的, 不同的"
distinctive,"a. 有特色的, 出众的"
expand,"vt. 使膨胀, 详述, 扩张
vi. 张开, 发展
vt. 展开
vi. 展开
"
expansion,"n. 扩充, 开展, 膨胀
"
extend,"v. 扩充, 延伸, 伸展, 扩大
"
extended,"a. 延续的, 伸出的, 竭尽全力的, 广大的, 扩大范围的
"
extensive,"a. 广的, 广泛的, 多方面的
"
broad,"a. 宽广的, 辽阔的, 广大的, 显著的
adv. 宽阔地
n. 宽阔部分"
broaden,"vi. 变宽, 扩大
vt. 放宽, 使扩大"
vast,"a. 巨大的, 广大的, 非常的, 大量的"
accumulate,"v. 积聚, 堆积"
magnify,"vt. 放大, 扩大, 赞美, 夸大
vi. 有放大能力"
widen,"vt. 弄宽, 加宽, 扩大
vi. 变宽, 扩大"
prolong,"vt. 延长, 拖延, 拖长
"
trend,"n. 趋势, 倾向, 走向
vi. 倾向, 转向
"
tend,"vi. 走向, 有某种的倾向, 易于, 照顾, 注意
vt. 照料, 护理"
tendency,"n. 趋向, 倾向
"
fashion,"n. 流行, 风尚, 时样
vt. 形成, 造, 作"
fashionable,"a. 时髦的, 上流社会的, 流行的"
popularity,"n. 名声, 受大众欢迎, 流行"
incline,"n. 倾斜, 斜坡, 斜面
vt. 使倾向于, 使倾斜
vi. 倾向, 倾斜, 爱好, 易于"
spirit,"n. 精神, 心灵, 灵魂, 态度, 志气, 人格, 情绪, 心情, 烈酒
vt. 诱拐, 鼓励, 鼓舞"
energy,"n. 精力, 精神, 活力, 能量
"
recover,"vt. 重新获得, 恢复, 复原, 拯救
vi. 痊愈, 复原, 胜诉
"
recovery,"n. 恢复, 复原, 痊愈, 重获
"
active,"a. 活跃的, 起作用的, 积极的, 有效的, 主动的, 活性的, 现行的, 现役的
n. 主动语态, 积极分子"
renew,"vt. 使更新, 使恢复, 复兴, 修补, 补充, 继续, 重订, 重申, 续借
vi. 更新, 重新开始"
restore,"vt. 回复, 恢复, 归还, 修补, 修复
vt. 还原
vi. 还原
"
rely,"vi. 信赖, 依赖, 信任"
reliable,"a. 可靠的, 可信赖的
"
credit,"n. 信用, 信任, 荣誉, 贷款, 学分
vt. 归功于, 赞颂, 信任, 相信
"
incredibly,adv. 不能相信地
trust,"n. 信任, 信赖, 相信, 受托, 职责, 信心, 托拉斯
a. 信托的, 托拉斯的
vt. 信赖, 信任, 相信, 盼望, 赊卖给
vi. 相信, 信赖, 依靠
"
truly,"adv. 真实地, 不假"
dependent,"n. 依赖他人者
a. 依赖的, 从属的"
independent,"n. 独立自主者, 无党派者
a. 独立的, 有主见的, 不须依赖的, 不受约束的"
independence,"n. 独立, 自立, 自主
"
duty,"n. 责任, 关税, 职务, 尊敬
"
serve,"vt. 可作...用, 服务, 经历, 招待, 供应, 送交, 对待
vi. 服务, 服役, 侍应, 适合, 有用, 开球
n. 发球, 轮到发球"
responsibility,"n. 责任, 职责, 负担, 可靠性
"
responsible,"a. 有责任的, 负责的, 责任重大的
"
impose,"vt. 征(税), 把...强加于, 以...欺骗
vi. 利用, 欺骗, 施加影响"
ought,"aux. 应该, 大概
n. 责任"
obligation,"n. 义务, 责任, 约束, 契约, 恩惠, 债务
"
involve,"vt. 包括, 使陷于, 潜心于, 包围
"
involvement,"n. 卷入, 牵连, 包含, 困窘
"
contain,"vt. 包含, 容纳, 控制
vi. 自制"
consist,"vi. 组成, 存在于, 一致"
entail,"vt. 使成为必需, 需要, 使承担, 遗传给
n. 限定继承"
intelligence,"n. 智力, 情报, 信息
"
intelligent,"a. 聪明的, 智能的, 了解的"
talent,"n. 天才, 才能, 有才干的人, 天资"
talented,"a. 天资高的, 有才能的"
intellectual,"n. 有知识者, 知识分子, 凭理智做事者
a. 智力的, 用脑力的, 聪明的"
insight,"n. 察看, 洞察力, 见识
"
profound,"a. 极深的, 深厚的, 深刻的, 渊博的"
wise,"a. 明智的, 慎虑的, 聪明的, 博学的, 狡猾的, 机灵的
vi. 知道
vt. 教导, 告诉, 劝导
n. 方法, 方式
"
wisdom,"n. 智慧, 明智行为, 学识, 名言, 贤人"
clever,"a. 聪明的, 精明的"
genius,"n. 天才, 天赋, 精神, 神魔
"
similarity,"n. 类似, 类似处
"
common,"a. 通常的, 共同的, 通俗的, 公共的
"
familiar,"a. 熟悉的, 常见的, 亲密的
n. 熟友, 常客"
alike,"a. 相似的, 同样的
adv. 一样, 以同样的方式"
identical,"a. 同一的, 恒等的, 完全相同的
"
actual,"a. 真实的, 实际的, 现行的
"
actually,"adv. 事实上, 竟然, 如今, 现在"
indeed,"adv. 的确, 实在, 真正地, 甚至"
artificial,"a. 人造的, 假的, 非原地产的
"
so-called,adj. 所谓的
fake,"n. 假货, 欺骗, 诡计
a. 假的
vt. 假造, 仿造
vi. 伪装"
genuine,"a. 真正的, 真实的, 诚恳的
"
error,"n. 错误, 过失, 失误, 误差
"
waste,"n. 浪费, 废物, 损耗, 消耗, 荒地, 垃圾, 地面风化物
a. 废弃的, 荒芜的, 多余的
vt. 浪费, 消耗, 使荒芜
vi. 浪费, 消耗, 变消瘦"
fault,"n. 过错, 故障, 毛病
vt. 挑剔
vi. 产生断层, 弄错
"
bias,"n. 偏见, 斜纹
a. 偏斜的
adv. 偏斜
vt. 使有偏见
"
abuse,"n. 滥用, 虐待, 恶习, 辱骂
vt. 滥用, 辱骂, 虐待"
ridiculous,"a. 荒谬的, 可笑的"
overuse,"vt. 使用过度
n. 过度使用, 任意驱使"
capacity,"n. 容量, 能力, 才能, 资格
"
capable,"a. 有能力的, 能的, 能干的"
capability,"n. 能力, 性能, 约束力
"
enable,"vt. 使能够
"
inability,"n. 无能, 无力"
strength,"n. 力量, 实力, 强度, 浓度, 人数, 抵抗力
"
strengthen,"vt. 加强, 变坚固
vi. 变强, 股票上涨"
qualification,"n. 资格, 条件, 限制
"
qualify,"vi. 取得资格, 有资格
vt. 使有资格, 使合格, 限定, 限制, 准予"
skilled,"a. 熟练的
"
trained,"a. 训练过的, 受过培训的；培训"
competence,"n. 胜任, 职称, 能力
"
giant,"n. 巨人, 大力士, 巨大怪物
a. 庞大的, 巨大的"
mass,"n. 块, 大多数, 质量, 大量, 群众, 弥撒
a. 群众的, 大规模的, 整个的
vt. 使集合, 集中
vi. 聚集"
massive,"a. 大而重的, 宽大的, 宏伟的
"
enormous,"a. 巨大的, 庞大的"
considerable,"a. 相当的, 可观的, 重要的"
considerably,"adv. 非常地, 很, 颇"
tremendous,"a. 巨大的, 非常的, 可怕的"
feature,"n. 面孔的一部分(如眼、口等), 特征, 容貌, 特色, 特写
vt. 是...的特色, 特写, 放映
vi. 起重要作用
"
attribute,"n. 属性, 标志, 定语
vt. 把...归于, 认为...属于
"
character,"n. 个性, 字符, 人物, 性质, 品格, 资格
"
characteristic,"n. 特性, 特征, 特色
a. 特性的, 特有的, 有特色的
"
characterize,"vt. 描绘...的特性, 刻划...的性格"
trait,"n. 特征, 特性, 一笔, 少许"
personality,"n. 个性, 人格, (团体、地方、国家)特有特性, 名人
"
personally,"adv. 亲自地, 个别地, 当面, 就本人而言, 针对个人地"
continuous,"a. 连续的, 继续的, 连续不断的
"
consistent,"a. 一致的, 坚持的, 并立的, 坚固的"
persistent,"a. 固执的, 坚持的, 持续的, 作用持久的
"
constantly,"adv. 不变地, 不断地, 时常地"
chronic,"a. 慢性的, 习惯性的
n. 慢性病患者"
persist,"vi. 坚持, 固执, 持续, 坚称
"
lasting,"a. 永久的, 永恒的, 持久的
n. 厚实斜纹织物"
longevity,"n. 长命, 长寿, 寿命
"
endless,"a. 不停的, 无穷尽的, 无尽的
"
improve,"vt. 改良, 提高...的价值, 改善, 利用
vi. 变得更好, 增加"
improvement,"n. 进步, 改善, 利用
"
enhance,"vt. 提高, 加强, 增加"
upgrade,"n. 上坡, 升级, 上升
adv. 往上
vt. 使升级, 提升, 改良品种
vi. 升级
"
beyond,"prep. 超过, 在那一边, 迟于
adv. 在远处
n. 更远处"
extra,"n. 额外的事物, 另外的收费
a. 额外的, 特别的
adv. 额外地, 特别地, 非常地"
exceed,"vt. 超过, 超越, 胜过
vi. 超过其他"
excessive,"a. 过度的, 过多的, 极端的
"
excess,"n. 过度, 剩于, 超过, 超额
a. 过量的, 额外的"
outweigh,"vt. 比...重, 比...重要, 比...有价值"
growth,"n. 生长, 栽培, 增长
"
thrive,"vi. 繁荣, 兴旺, 茁壮成长
"
prosperity,"n. 繁荣, 茂盛, 成功
"
developed,a. 发达的（国家或地区）；成熟的
developmental,"a. 发展的, 进化的, 启发的
"
enrich,"vt. 使富足, 使肥沃"
excellent,"a. 优良的, 杰出的, 出色的"
superior,"n. 长者, 占优势的人, 上级
a. 上级的, 出众的, 高傲的"
fascinating,"a. 迷人的, 吸引人的, 使人神魂颠倒的"
outstanding,"a. 杰出的, 突出的, 未偿付的, 未决定的
"
deserve,"vt. 该得到, 值得
vi. 应得报答"
charming,"a. 迷人的, 有吸引力的"
precious,"a. 宝贵的, 珍贵的, 过于精致的, 珍爱的"
correct,"a. 正确的, 合适的
vt. 改正, 订正"
exactly,"adv. 确切地, 精确地, 恰好, 完全地, 确实, 恰恰正是, 确实如此"
exact,"a. 精确的, 准确的, 精密的
vt. 强求, 急需"
precisely,"adv. 精确地, 明确地, 刻板地, 拘泥地, 正好, 恰恰, 对, 正是如此, 确实如此, 不错"
precise,"a. 精确的, 严谨的, 明确的
"
accurate,"a. 正确的, 精确的
"
accuracy,"n. 精确, 正确
"
adapt,"vt. 使适应, 改编
vi. 适应"
fit,"n. 适宜, 合身, 发作, 痉挛
a. 适宜的, 对的, 准备好的
vt. 适合, 安装, 使合身, 使适应, 使合格
vi. 适合, 符合, 合身
"
adjust,"vt. 调整, 使适应于, 校准
vi. 适应于, 被调节, 相互熟悉而适应"
suit,"n. 套装, 诉讼, 请求, 起诉, 套, 组
vt. 适合, 使适应
vi. 合适, 相称"
suitable,"a. 适当的, 相配的
"
reality,"n. 实在, 事实, 实体, 逼真
"
realistic,"a. 现实的, 逼真的, 现实主义的, 实在论的"
normal,"n. 常态, 标准, 正常, 普通
a. 正常的, 正规的, 标准的, 师范的, 正态的
"
ordinary,"a. 平常的, 普通的, 平凡的
n. 平常的人(或事)"
equal,"n. 对手, 匹敌, 同辈
a. 相等的, 平等的, 胜任的, 合适的, 平静的, 不相上下的
vt. 等于, 比得上
"
equally,"adv. 相等地, 同样地, 平等地"
inequality,"n. 不平等, 不同, 不平坦, 不平均
n. 不平等, 不等式
"
equality,"n. 平等, 均匀, 相等
"
relatively,"adv. 相对地, 比较地, 相当地, 相关地
"
counterpart,"n. 副本, 复本, 配对物, 相应物
"
comparable,"a. 可比较的, 比得上的"
compare,"vt. 比较, 比喻, 对照
vi. 相比
n. 比较
"
comparison,"n. 比较, 对照, 比喻
"
effective,"a. 有效的, 有力的, 实际的
n. 有生力量"
practical,"a. 实际的, 现实的, 实用性的
"
practice,"n. 实践, 练习, 实行, 惯例, 习惯, 开业
v. 实践, 实行, 练习, 实习, 业务"
efficient,"a. 有效率的, 能干的"
efficiency,"n. 效率, 效能, 功效
"
proper,"a. 适当的, 固有的, 高尚的, 专属的
adv. 完全地, 彻底地"
properly,"adv. 适当地, 相当地"
match,"n. 比赛, 火柴, 对手
vt. 使相配, 使比赛, 与...竞争
vi. 结婚, 相配
"
appropriate,"a. 适当的
"
sensible,"a. 有感觉的, 敏感的, 明智的
"
acceptance,"n. 接受, 接纳, 承认, 同意, 赞同, 容忍, 相信
"
acceptable,"a. 可接受的, 合意的, 可忍受的"
hardly,"adv. 刚刚, 几乎不, 勉强是"
barely,adv. 几乎不
bare,"a. 赤裸的, 缺少的, 无遮蔽的, 坦率的
vt. 使赤裸, 露出"
rarely,"adv. 很少地, 罕有地"
empty,"a. 空的, 空虚的, 空腹的, 空洞的
n. 空的东西, 空车
vt. 倒空, 使变空, 使排出
vi. 流空
"
sufficient,"a. 充分的, 足够的
"
insufficient,"a. 不够的, 不能胜任的, 不充足的
"
plenty,"n. 充分, 很多, 丰富
a. 很多的, 足够的, 丰富的"
plentiful,"a. 许多的, 丰富的, 丰饶的"
productive,"a. 能生产的, 有生产价值的, 多产的
"
productivity,"n. 生产力
"
adequate,"a. 适当的, 足够的
"
inadequate,"a. 不充分的, 不适当的
"
abundant,"a. 丰富的, 充分的, 大量的"
complex,"n. 综合体, 情结, 络合物
a. 复杂的, 组合的"
complexity,"n. 复杂, 复杂性, 复杂的事物"
complicated,"a. 复杂的
"
sophisticated,"a. 复杂的, 久经世故的
"
exclude,"vt. 除外, 排除, 排斥
"
eliminate,"vt. 除去, 排除, 剔除, 消除"
elimination,"n. 除去, 消除, 消灭
"
except,"vt. 除, 除外
vi. 反对
prep. 除了...之外, 若不是, 除非
conj. 只是"
deprive,"vt. 剥夺, 使丧失
"
steady,"a. 稳定的, 不动摇的, 沉着的, 稳固的, 坚定的, 经常的
vt. 使稳定, 使坚定
vi. 变为沉着, 稳固"
solid,"n. 固体
a. 坚硬的, 稳固的, 固体的, 实心的, 纯质的, 立体的, 立方的
"
stable,"n. 马房, 牛棚
a. 稳定的, 安定的, 坚固的, 坚定的
vt. 赶入马房
vi. 被关在马厩"
stability,"n. 安定, 稳定性, 坚实, 巩固
"
robust,"a. 健康的, 强健的, 要用力气的, 坚定的, 粗野的
"
fatal,"a. 致命的, 重大的, 命运注定的, 粗心的, 不幸的
"
toxic,"a. 有毒的, 中毒的
"
pollute,"vt. 污染, 弄脏, 玷污
"
evil,"n. 邪恶, 不幸, 罪恶
a. 邪恶的, 不幸的, 有害的, 讨厌的"
role,"n. 角色, 职责, 任务
"
member,"n. 成员, 会员
"
couple,"n. 对, 夫妇, 数个
vt. 使成双, 连接, 使成婚, 把...联系起来
vi. 结合, 成婚"
president,"n. 总统, 总裁, 董事长, (学院)院长, (大学)校长, 主管人, 主持人
"
household,"n. 一家人, 家庭, 家族, 王室
a. 家庭的, 家常的, 王室的"
housing,"n. 遮盖, 住房供给, 居留(处), 房屋, 装饰
"
citizen,"n. 市民, 公民
"
native,"n. 本地人, 土产, 当地人
a. 本国的, 与生俱来的, 自然的"
resident,"n. 居民, 常驻程序, 居住者, 留鸟
a. 居留的, 定居的"
passenger,"n. 乘客, 旅客
"
tourist,"n. 观光客, 旅行者
a. 旅游的"
candidate,"n. 候选人, 投考者
"
host,"n. 主人, 旅馆老板, 节目主持人
vt. 当主人招待, 作...节目主持人
"
champion,"n. 冠军, 拥护者, 战士
vt. 保卫, 拥护
a. 优胜的"
racial,"a. 人种的, 种族的
"
applicant,"n. 申请者
"
application,"n. 应用, 申请, 志愿书, 应用程序
"
pupil,"n. 学生, 门生, 未成年人, 瞳孔
"
maker,"n. 制造者, 上帝
"
guest,"n. 客人, 来宾, 旅客
"
entrepreneur,"n. 企业家, 主办人
"
civil,"a. 市民的, 公民的, 有礼貌的
"
civilization,"n. 文明, 教化
"
vice,"n. 恶习, 恶行, 罪恶, 堕落, 缺陷, 恶癖, 老虎钳
vt. 钳住
prep. 代替"
slave,"n. 奴隶, 从动装置, 卑鄙的人
vi. 拼命工作
"
enemy,"n. 敌人, 仇敌, 敌军
a. 敌人的"
minister,"n. 部长, 牧师, 公使
vi. 服侍, 救助, 主持宗教仪式"
traveler,"n. 旅行者, 游客, 旅客, 旅行推销员, 活动起重架, 行车, 临时记帐单"
supervisor,"n. 管理者, 监督者, 指导者, 视导员
"
holder,"n. 持有人, 所有人, 支持物
"
servant,"n. 仆人, 有用物, 公务员, 雇员
"
fan,"n. 风扇, 迷, 狂热者, 爱好者
vt. 煽动, 刺激, 吹拂
vi. 飘动, 成扇形散开"
weight,"n. 重, 重量, 体重, 砝码, 重大, 影响, 力量
vt. 加重量于, 压迫, 使加权, 称重量
"
weigh,"vt. 称...重量, 衡量, 把...压弯, 考虑, 权衡, 起锚
vi. 称分量, 有意义, 重压, 起锚
n. 过秤, 称分量"
list,"n. 目录, 名单, 明细表, 布条, 条纹, 列表, 序列, 数据清单
vt. 列出, 列于表上, 记入名单内, 装布条
vi. 列于表上
"
per,"prep. 每一, 通过, 经, 按照
"
series,"n. 串联, 序列, 连续, 系列, 丛书, 套, 级数, 组
"
speed,"n. 速率, 速度, 迅速
vi. 加速, 超速, 快进
vt. 快速传送, 促进, 使加速
"
quarter,"n. 四分之一, 一刻钟, 季度, 地区
vt. 四等分, 肢解
vi. 驻扎, 住宿"
mile,"n. 英里, 很大距离
"
temperature,"n. 温度, 发烧, 热度
"
pace,"n. 速度, 步调, 步法
vi. 踱步, 缓慢走
vt. 用步测, 踱步于"
dozen,"n. 打, 十二个
a. 一打的"
array,"n. 排列, 衣服, 大批, 军队
vt. 布署, 打扮, 排列
"
pair,"n. 一双, 一对, 一副
v. (使)成对"
volume,"n. 册, 卷, 体积, 容量, 大量, 许多, 份量, 音量
vi. 成团卷起
vt. 把...收集成卷
a. 大量的
"
length,"n. 长度, 长, 期间, 一段
"
load,"n. 负荷, 担子, 重担, 装载量, 负载, 工作量, 加载
vt. 装载, 装填, 使担负
vi. 装货, 上客, 装料
"
pound,"n. 磅, 英镑, 重击, 鱼塘, 拘留所, 兽栏
vt. 强烈打击, 捣烂, 监禁, 关入栏内
vi. 连续重击, 苦干"
pile,"n. 堆, 大堆, 大厦, 建筑群, 电池, 大量, 桥桩, 软毛, 痔疮
vi. 堆起, 堆积, 积累, 挤, 猛烈攻击
vt. 堆于, 累积, 堆叠, 打桩于, 用桩支撑"
handful,"n. 少数, 一把, 棘手事"
calorie,n. 卡路里（热量单位）
ton,"n. 吨
"
acre,n. 英亩
metric,"a. 公尺的, 公制的, 计量的
"
depth,"n. 深度, 深处, 深奥
"
unit,"n. 单位, 分队, 部队, 单元, 部件, 装置
a. 单位的, 单元的
"
dose,"n. 剂量, 服用量
vt. 给药, (用药)医治
vi. 服药"
multitude,"n. 多数, 群众"
officer,"n. 军官, 主管, 官员, 公务员
vt. 指挥"
researcher,n. 研究人员
research,"n. 研究, 调查, 考察
vi. 研究, 调查"
professor,n. 教授
professional,"n. 专业人才
a. 专业的, 职业的"
profession,"n. 职业, 表白, 声明
"
expert,"n. 专家, 行家
a. 老练的, 内行的, 专门的
"
expertise,"n. 专家意见, 专门技术
"
career,"n. 事业, 生涯, 成功
"
employee,"n. 职员, 员工, 受雇人员
"
employment,"n. 雇用, 职业, 工作
"
employ,"n. 雇用
vt. 雇用, 使用, 使从事于"
employer,"n. 雇主, 老板
"
unemployment,"n. 失业, 失业人数
"
unemployed,"a. 失业的, 未被利用的
"
engineer,"n. 工程师, 工兵
vt. 设计, 监造, 精明地处理, 策划"
engineering,"n. 工程学, 工程, 操纵
"
engine,"n. 引擎, 发动机, 机车
vt. 安装发动机于"
workforce,"n. 劳动力；工人总数, 职工总数"
workload,"n. 工作量
"
specialist,"n. 专门医师, 专家
a. 专业的, 专家的"
specialize,"vt. 使特殊化, 列举, 特别指明, 限定...的范围
vi. 成为专家, 专攻"
retailer,"n. 零售商人, 传播的人
"
educator,n. 教育家
educational,"a. 教育的, 教育性的"
sociologist,"n. 社会学家
"
reporter,"n. 记者, 报告者
"
coach,"n. 四轮大马车, 教练
vt. 训练, 指导
vi. 坐马车旅行, 作指导"
secretary,"n. 秘书, 书记, 大臣
"
co-author,"n. （书或文章的）合著者
"
athlete,"n. 运动员, 运动选手
"
architect,"n. 建筑师, 设计者, 缔造者"
nurse,"n. 护士, 保姆, 奶妈
vt. 看护, 照顾, 培养
vi. 喂奶, 看护病人"
neuroscientist, [医]神经科学家：神经科学各分支的专家
program,"n. 节目, 节目单, 程序, 纲要, 大纲, 计划
vt. 规划, 拟...计划
vi. 安排节目, 编程序
"
project,"n. 计划, 设计, 事业
vt. 计划, 设计, 投掷, 发射, 使凸出, 放映
vi. 凸出"
approach,"n. 接近, 入门
vt. 接近, 近似, 找...商量
vi. 靠近"
strategy,"n. 战略, 策略
"
strategic,"a. 战略的, 战略上的
"
method,"n. 方法, 办法, 条理, 秩序
"
topic,"n. 主题, 论题, 话题"
conclusion,"n. 结论, 结尾, 推论
"
conclude,"vt. 结束, 作结论, 推断
vi. 结束, 推断"
theory,"n. 理论, 学说, 原理, 意见, 推测
"
budget,"n. 预算
vi. 编预算
vt. 编入预算, 安排
a. 廉价的"
scheme,"n. 方案, 计划, 组合, 系统, 图解, 诡计, 阴谋
v. 计划, 设计, 图谋, 策划
"
mission,"n. 任务, 代表团, 使命, 传教团
vt. 派遣, 向...传教"
agenda,"pl. 议程, 日常工作事项
"
tactic,"n. 一项战术, 一条策略
a. 战术的, 顺序的, 排列的"
means,"n. 方法, 手段, 工具, 财产, 收入
"
invest,"vt. 投资, 花费, 笼罩, 授予
vi. 投资, 利用"
investment,"n. 投资
"
investor,"n. 投资者
"
price,"n. 价格, 代价, 价值
vt. 定...的价格"
expense,"n. 费用, 代价, 开支, 损失
"
expensive,"a. 贵的, 奢华的, 费用浩大的, 乱化钱的
"
afford,"vt. 买得起, 足以, 给予"
affordable,[计] 普及型
spending,"n. 经费, 开销
"
fund,"n. 基金, 资金, 存款, 财源, 贮藏
vt. 提供资金, 积累"
funding,[经] 债务转期
debt,"n. 债务, 罪过
"
fee,"n. 费用, 小费, 封地, 所有权
vt. 付费给"
loan,"n. 贷款, 借出
v. 借, 供应货款, 借给"
cash,"n. 现金
vt. 兑现"
bill,"n. 帐单, 清单, 钞票, 鸟嘴, 广告, 法案, 票据
vt. 开帐单, (用招贴)宣布"
payment,"n. 付款, 支付的款项(或实物), 偿还, 报应, 惩罚
"
unpaid,"a. 未付款的, 不支薪水的
"
tuition,"n. 学费, 讲授"
costly,"a. 昂贵的, 奢华的, 费用大的"
discount,"n. 折扣, 贴现率
vt. 打折扣
vi. 贴现"
tip,"n. 顶, 尖端, 梢, 末端, 倾斜, 垃圾场, 小费, 轻击, 指点, 秘密消息
vt. 装顶端, 使倾斜, 使翻倒, 泄露, 告诫, 暗示, 给...小费, 轻击
vi. 倾斜, 翻倒, 倾覆, 踮脚走, 给小费
"
luxury,"n. 奢侈, 豪华
a. 奢侈的, 豪华的"
organization,"n. 组织, 结构, 团体, 体制
"
organize,"vt. 组织, 有机化, 给予生机
vi. 组织起来"
college,"n. 学院, 大学, 学会"
nation,"n. 国家, 民族
"
national,"a. 国家的, 国立的, 全国性的, 民族的
"
nationwide,"a. 全国性的
"
agency,"n. 代理机构, 经销商, 中介
"
institution,"n. 机构, 惯例, 制度
"
institute,"n. 学会, 学院, 协会
vt. 创立, 开始, 制定, 任命"
firm,"n. 公司, 商号
a. 坚定的, 坚强的, 牢固的, 结实的, 坚硬的, 坚挺的, 严格的, 确定的
vt. 使牢固, 使坚定
vi. 变稳固, 变坚实
adv. 稳固地"
department,"n. 部门, 系, 机关
"
federal,"a. 联邦的, 联合的, 同盟的
"
union,"n. 联盟, 联合, 结合, 工会
"
authority,"n. 权力, 当权者, 当局, 权威, 专家
"
association,"n. 协会
"
associate,"n. 同伴, 伙伴, 关联的事物
vt. 使联合, 使发生联系
vi. 交往
"
bureau,"n. 局, 办公处
"
corporation,"n. 公司, 合作, 法人团体
"
corporate,"a. 社团的, 合伙的, 公司的
"
incorporate,"a. 合并的, 组成公司的, 一体化的
vt. 吸收, 合并, 使组成公司, 体现
vi. 合并, 混合, 组成公司"
joint,"n. 连接处, 接合, 关节
a. 共同的, 联合的, 连接的, 合办的
vt. 连接, 接合, 使有接头
vi. 贴合, 长节"
coalition,"n. 结合体, 结合, 联合
"
enterprise,"n. 企业, 事业心, 进取心, 干事业
"
academic,"a. 学院的, 学术的, 不切实际的
n. 大学生, 大学教师, 学者, 学会会员"
academy,"n. 学院, 院校, 学会"
culture,"n. 文化, 修养, 耕种
vt. 耕种, 培养"
cultural,"a. 文化的, 教养的, 修养的
"
degree,"n. 程度, 度数, 学位, 度
"
graduate,"n. 毕业生, 量杯
a. 已得学位的, 研究生的, 毕业的
vi. 毕业, 得学位, 逐渐变为
vt. 准予...毕业, 授予...学位, 分等级, 刻刻度"
graduation,"n. 毕业, 得学位, 分划, 刻度, 分等级
"
undergraduate,"n. 大学本科生, 大学肄业生
a. 大学生的"
subject,"n. 科目, 主题, 臣民, 主语, 题目, (事物的)经受者, 学科, 受治疗者, 原因, 理由
a. 服从的, 易患...的, 隶属的, 受支配的
adv. 在...条件下
vt. 使隶属, 使受到
"
lecture,"n. 演讲, 谴责, 讲稿
vt. 演讲, 训诫, 说教
vi. 讲演"
curriculum,"n. 课程
"
literature,"n. 文学, 文艺, 著作
"
literally,"adv. 逐字地, 按照字面上地, 不夸张地"
literacy,"n. 读写能力, 识字, 精通文学"
scholar,"n. 学者, 奖学金获得者, 有文化者, 学习者"
scholarship,"n. 学问, 学术成就, 奖学金"
master,"n. 主人, 硕士, 大师, 母机
a. 主人的, 主要的
vt. 征服, 控制, 精通"
translate,"vt. 翻译, 解释, 转化, 转变为, 调动
vi. 翻译, 被译
"
seminar,"n. 研究班, 专题讨论会
"
freshman,"n. 新手, 生手, 大学一年级学生, (美)中学一年级学生"
rule,"n. 规则, 统治, 控制, 支配, 规律, 标准, 章程, 破折号, 铅线
vt. 规定, 统治, 管理, 控制, 支配, 裁决
vi. 统治, 管辖, 裁定
"
form,"n. 形状, 形体, 类型, 方式, 表格, 形式
v. 形成, 排列, (使)组成
n. 表单
"
format,"n. 开本, 版式, 形式, 格式
vt. 格式化
"
formal,"a. 正式的, 形式的, 礼仪的, 拘于礼节的, 拘谨的
n. 正式的社交活动"
formula,"n. 客套语, 公式, 准则
"
standard,"n. 标准, 规格, 旗, 军旗, 本位
a. 标准的, 合规格的
"
standardized,a. 标准化的；标准的；定型的
official,"n. 官员, 公务员, 职员
a. 公务的, 官方的, 正式的"
structure,"n. 结构, 构造, 建筑物
vt. 构成, 组织"
principle,"n. 原则, 原理, 主义
"
lifestyle,n. 生活方式
norm,"n. 基准, 模范, 标准, 准则, 平均数
"
discipline,"n. 训练, 纪律
vt. 训练, 惩罚"
frame,"n. 框, 结构, 体格
vt. 构成, 设计, 制定, 使适合, 陷害
"
submit,"vt. 使服从, 使受到, 委托, 提交, 认为
vi. 屈服, 服从"
threshold,"n. 门槛, 入口, 开端, 阈
"
conservative,"a. 保守的, 守旧的, 有保存力的
"
mode,"n. 模态, 调式, 样式, 文体, 状态, 方式, 风尚
"
sale,"n. 出售, 卖, 拍卖, 销售额, 廉价出售
"
customer,"n. 消费者
"
purchase,"n. 购买, 购买品, 紧握, 绞辘
vt. 购买, 赢得, 努力取得, 用滑轮起(锚等)"
trade,"n. 贸易, 商业, 交易, 生意, 职业, 顾客, 信风
vi. 进行交易, 做买卖, 经商, 对换, 购物
vt. 用...进行交换"
commercial,"a. 商业的, 商用的, 商品化的
n. 商业广告节目"
commerce,"n. 商业, 商务, 贸易
"
marketing,"n. 行销, 买卖
"
chain,"n. 链, 枷锁, 束缚
vt. 用铁练锁住, 束缚, 囚禁"
consume,"vt. 消耗, 消费, 消灭
vi. 耗尽, 毁灭"
consumer,"n. 消费者
"
consumption,"n. 消费, 消费量, 痨病
"
brand,"n. 商标, 牌子, 烙印
vt. 打烙印于"
import,"n. 进口货, 进口, 输入, 含义, 重要性
vt. 输入, 引入, 进口, 含...的意思, 重要
vi. 有关系
"
export,"n. 输出品, 输出
vt. 输出, 出口
vi. 输出物资
"
client,"n. 客户, 顾客, 委托人
"
rent,"n. 租金, 房租, 出租物, 裂缝, 破裂处, 分裂
vt. 租用, 租出
vi. 出租
a. 分裂的, 破裂的
rend的过去式和过去分词"
compensate,"v. 偿还, 补偿, 付报酬"
compensation,"n. 补偿, 赔偿金, 工资
"
businessman,"n. 商人, 实业家, 工商业家"
digital,"a. 数字显示的, 数字的
n. 数字仪表, 数字式电子表(或时钟)
"
media,"n. 媒体
"
technological,"a. 技术的
"
network,"n. 网络, 广播网, 网状物
"
electronic,"a. 电子的
"
electronics,"n. 电子学
"
software,"n. 软件
"
technique,"n. 技巧, 技术, 方法
"
technical,"a. 技术上的, 专门的, 工业的, 严格根据法律的
"
storage,"n. 存储器, 储藏, 保管, 库存, 仓库
"
navigate,"vi. 航行
vt. 航行于, 驾驶, 操纵, 使通过"
robotic,"a. 自动的；机器人的, 像机器人的"
robotics,"[计] 机器人学, 自动机工程学"
electric,"a. 电的, 导电的, 电动的
"
electricity,"n. 电, 电流, 电学, 热情, 电力供应
"
scan,"n. 审视, 浏览, 扫描, 细查
vt. 细看, 浏览, 扫描, 详细调查, 标出格律
vi. 押韵, 扫描
"
platform,"n. 站台, 月台, 讲台, 论坛, 平台
"
laptop,[计] 膝上型的
default,"n. 违约, 不履行责任, 缺席, 默认值
v. 疏怠职责, 缺席, 拖欠, 默认
"
satellite,"n. 人造卫星
"
sensor,"n. 传感器
"
automatic,"n. 自动手枪, 自动机械
a. 自动的, 机械的, 必然的, 无意识的"
automatically,"adv. 自动地, 机械地"
wealth,"n. 财富, 资源, 财产, 丰富, 富裕, 大量
"
wealthy,"a. 富有的, 丰裕的, 充分的"
income,"n. 收入, 收益, 流入
"
value,"n. 价值, 价格, 购买力, 评价, 估价, 计算结果
vt. 评价, 估价, 重视
"
valuable,"a. 有价值的, 贵重的, 宝贵的, 可估价的
"
earn,"vt. 赚得, 获得, 博得
"
revenue,"n. 收入, 岁入, 税收, 税务局
"
wage,"n. 工资, 报应, 报偿
vt. 开展, 进行
vi. 进行"
salary,"n. 薪水
vt. 给...加薪"
property,"n. 财产, 所有权, 性质, 属性
"
saving,"n. 存款, 挽救, 节约
a. 搭救的, 节约的, 保留的, 补偿的
prep. 除...之外"
deposit,"n. 存款, 定金, 堆积物
vt. 存放, 堆积
vi. 沉淀"
subsidy,"n. 补助金, 津贴
"
mortgage,"n. 抵押, 约束性义务, 抵押借款
vt. 抵押, 以...作担保, 把...许给"
prize,"n. 奖赏, 奖金, 奖品, 战利品, 捕获
a. 得奖的
vt. 珍视, 估价, 捕获, 撬, 撬动"
fortune,"n. 财富, 运气, 兴隆, 大量财产, 好运, 命运
"
financial,"a. 财政的, 金融的
"
finance,"n. 财政, 财务
vt. 供给...经费, 负担经费
vi. 筹措资金"
economic,"a. 经济上的, 实用的, 节省的
"
economy,"n. 经济, 理财, 节约
"
economist,"n. 经济学者, 经济家
"
economics,"n. 经济学
"
account,"n. 报告, 解释, 估价, 理由, 利润, 算账, 帐目
vi. 报帐, 解释, 导致, 报偿, 占, 杀死
vt. 认为
"
tax,"n. 税, 税款, 重负, 会费
vt. 课以税, 使负重荷, 斥责"
capital,"n. 首都, 大写字母, 资本
a. 首都的, 重要的"
stock,"n. 树干, 祖先, 血统, 原料, 备料, 库存, 牲畜, 股票, 股份, 保留剧目
a. 存货的, 常备的, 平凡的, 普通的, 股票的, 保留剧目的, 繁殖用的
vt. 装把手于, 进货, 备有, 放牧
vi. 出新芽, 备货, 囤积"
deficit,"n. 赤字, 不足额
"
venture,"n. 冒险, 风险
vt. 敢于, 冒...的危险
vi. 冒险"
inflation,"n. 胀大, 夸张, 通货膨胀
"
sponsor,"n. 保证人, 赞助者, 发起者, 倡议者, 教父
vt. 发起, 赞助, 倡议"
currency,"n. 货币, 通货, 流通, 通用
"
asset,"n. 资产, 有益的东西"
monetary,"a. 货币的, 金钱的
"
bankruptcy,"n. 破产者
"
level,"n. 水平, 水准, 平地
a. 同高的, 平坦的, 齐平的, 水平的
vt. 弄平, 夷平, 使同等, 瞄准, 对准
vi. 变平, 拉平
"
rate,"n. 比率, 率, 速度, 价格, 费用, 等级
vt. 估价, 认为, 鉴定等级, 责骂
vi. 被评价, 责骂"
score,"n. 得分, 抓痕, 二十个, 刻痕, 帐目, 乐谱, 起跑线, 终点线, 大量
vt. 刻划, 划线, 获得, 评价, 把...记下
vi. 刻痕, 记分, 得分
"
status,"n. 状态, 情形, 地位, 要人身份
"
scale,"n. 刻度, 衡量, 比例, 比例尺, 数值范围, 等级, 规模, 天平, 秤, 鳞, 积垢
vt. 依比例决定, 攀登, 测量, 绘制, 刮鳞, 使生垢, 过秤
vi. 剥落, 生水垢, 重量为, 攀登, 衡量
"
rank,"n. 等级, 排, 横列, 队伍, 阶级
a. 茂密丛生的, 恶臭的, 十足的, 粗俗的
vt. 排列, 归类于, 把...分等
vi. 列为, 列队
n. 秩
"
dominate,"v. 支配, 占优势"
extent,"n. 范围, 程度, 区域
"
political,"a. 政治的, 政治上的, 政党的, 从事政治的
"
politician,"n. 政客, 政治家, 从事党派政治的人
"
politics,"n. 政治, 政治学, 政见, 政治活动
"
policy,"n. 政策, 方针, 策略, 保险单
"
revolution,"n. 革命, 大变革, 旋转, 转数, 循环
"
revolutionary,"n. 革命者, 革命党人
a. 革命的, 革命性的"
revolutionize,"vt. 向...鼓吹革命, 使发生革命性剧变"
vote,"n. 投票, 选举, 选票, 表决, 选举权, 得票数
vi. 投票, 选举
vt. 投票选举, 投票决定, 公认, 使投票"
voter,"n. 选民, 投票人
"
strike,"n. 罢工, 打击, 殴打
vt. 打, 撞击, 冲击, 侵袭, 取消, 结算, 打掉, 罢工, 刺透, 使生根, 遇见
vi. 打, 打击, 抓, 罢工, 搏动, 触礁, 敲, 响, 穿透, 打动"
election,"n. 选举, 当选, 选择权
"
elect,"n. 当选人, 被选的人
a. 被选的, 选出的
vt. 选举, 选择
vi. 作选择"
conference,"n. 会议
"
reform,"n. 改革, 改正, 改造
vt. 改革, 改过, 革新, 重整
vi. 革新, 改过"
fiscal,"a. 财政的, 国库的
"
Congress,"n. 国会, 会议, 讨论会
"
summit,"n. 顶点, 最高阶层, 最高级会议
a. 政府首脑的, 最高级的"
poll,"n. 投票, 民意测验, 选举投票, 投票数, 一组人中的一个, 头颈和后脑部, 鹦鹉
vt. 对...进行民意测验, 获得...票, 剪树枝, 轮询
vi. 投票
a. 剪过毛的, 修过枝的
"
council,"n. 会议, 委员会
"
legal,"a. 法律的, 法定的, 合法的
"
illegal,"a. 违法的, 不合规定的
"
charge,"n. 指控, 费用, 冲锋, 电荷, 炸药, 主管, 被托管人, 命令
vt. 控诉, 加罪于, 使充满, 使充电, 使承担
vi. 冲锋, 要价, 收费"
fair,"n. 展览会, 市集, 美好的事物
a. 公平的, 按规则进行的, 不好不坏的, 晴朗的, 美丽的
adv. 公平地, 正面地, 有教养地, 清楚地
vi. 转晴"
justify,"vt. 替...辩护, 证明
vi. 证明合法
"
justice,"n. 正义, 公平, 公正, 正确, 司法, 审判"
court,"n. 法院, 庭院, 奉承
vt. 献殷勤, 追求, 招致
vi. 求爱"
crime,"n. 犯罪, 罪行, 罪恶
"
criminal,"n. 罪犯, 犯人, 刑事
a. 犯了罪的, 刑事的, 有罪的"
legislation,"n. 立法, 法律
"
penalty,"n. 处罚, 刑罚, 罚款, 罚球, 报应, 不利结果, 妨碍
"
accuse,"vt. 指责, 控告, 归咎于
vi. 指责, 控告"
testify,"v. 证明, 作证, 声明, 表明"
patent,"n. 专利权, 许可证, 执照, 专利品, 素质
a. 专利的, 特许的, 显著的, 新奇的
vt. 取得...的专利权, 请准专利"
guilty,"a. 犯罪的, 有过失的, 自觉有错的, 心虚的
"
crowd,"n. 群众, 一伙人
vt. 拥挤, 挤满, 挤进"
crowded,"a. 拥挤的, 塞满的"
population,"n. 人口, 人口数
"
staff,"n. 全体人员, 工作班子, 棍棒, 杆, 拐杖, 支柱, 权杖
a. 职员的, 雇员的, 参谋的
vt. 为...配备人员"
faculty,"n. 才能, 能力, 全体教员, (大学的)系
"
elite,"n. 精华, 精锐, 中坚分子"
audience,"n. 听众, 观众, 读者
"
minority,"n. 少数, 未成年, 少数民族
a. 少数的, 属于少数派的"
middle-class,"中产阶级
"
committee,"n. 委员会
"
military,"n. 军队
a. 军事的, 军人的, 适于战争的"
commission,"n. 委任状, 任官令, 所委职责, 佣金, 犯, 委托, 所托之事
vt. 委任, 委托制作, 使服役"
folk,"n. 人们, 家人, 亲属, 民族
a. 民间的"
manage,"vi. 处理
vt. 管理, 控制, 维持, 达成, 经营, 运用"
management,"n. 经营, 支配, 管理
"
order,"n. 次序, 规则, 命令
vi. 命令, 定货
vt. 整理, 命令, 定购
n. 顺序, 阶数
"
executive,"n. 执行部门, 执行委员会, 执行者, 经理主管人员
a. 执行的, 善于执行的, 善于经营的
"
administration,"n. 行政, 管理, 政府机关
"
monitor,"n. 监督器, 级长, 监听员, 班长, 监视器, 告诫物
v. 监视, 监听, 监督
"
regulation,"n. 规则, 管理, 调整
"
regulate,"vt. 管理, 控制, 调节, 调整, 校准
"
arrange,"v. 安排, 排列, 达成协议
"
arrangement,"n. 排列, 整齐, 安排
"
industry,"n. 勤劳, 工业, 企业, 产业, 有组织的劳动
"
industrial,"a. 工业的, 供工业用的, 工业高度发展的, 产业的
n. 工业工人, 工业股票"
service,"n. 服务, 贡献, 雇佣, 公职, 服役, 功劳, 仪式, 送达, 行政部门
vt. 保养, 维修
a. 武装部队的, 服务性的, 仆人的, 耐用的
"
sector,"n. 扇形, 部门, 部分, 函数尺, 象限仪, 段, 区段
vt. 把...分成扇形
"
agriculture,"n. 农业
"
agricultural,"a. 农业的
"
craft,"n. 技艺, 手艺, 诡计
vt. 精心制作"
profit,"n. 利润, 赢利, 利益
vi. 有益, 获利, 赚钱
vt. 有益于"
profitable,"a. 有利润的, 有利益的, 赚钱的
"
nonprofit,"a. 非赢利的, 无利可图的
"
benefit,"n. 利益
vt. 有益于
vi. 受益"
beneficial,"a. 有益的, 受益的
"
welfare,"n. 福利, 安宁, 幸福, 福利事业
a. 福利的"
reward,"n. 报酬, 酬谢, 赏金
vt. 奖赏, 酬谢, 给...应有报应"
mathematics,"n. 数学
"
scientific,"a. 科学的, 系统的, 符合科学规律的
"
philosophy,"n. 哲学, 人生观, 哲学思想, 哲理, 基本原理, 见解, 达观, 沉着"
mechanism,"n. 机械, 机构, 结构, 机理, 技巧
"
mechanics,"n. 机械学, 结构, 力学
"
geological,"a. 地质学的, 地质的"
physics,"n. 物理学, 物理过程, 物理现象
"
physical,"a. 身体的, 物质的, 自然的, 物理学的, 好色的
n. 体格检查"
physicist,"n. 物理学家, 机械唯物论者, 自然科学家
"
biology,"n. 生物学
"
biologist,"n. 生物学家
"
chemistry,"n. 化学, 化学过程
"
chemical,"n. 化学药品
a. 化学的, 化学上用的"
peer,"n. 同等的人, 匹敌, 贵族
vi. 凝视, 窥视, 费力地看, 隐现
vt. 与...同等, 封为贵族"
colleague,"n. 同事, 同僚"
fellow,"n. 男人, 朋友, 同事
a. 同伴的, 同事的, 同道的"
partner,"n. 合伙人, 股东, 伙伴, 伴侣
vt. 与...合伙, 组成一对
vi. 做伙伴, 当助手"
guy,"n. 家伙, 支索
vt. 用支索撑住, 取笑, 嘲弄
vi. 逃跑"
accompany,"vt. 陪伴, 伴随, 补充, 为...伴奏
vi. 伴奏, 伴唱"
failure,"n. 失败, 失败者, 不足, 缺乏, 破产
"
fail,"vi. 失败, 缺乏, 中断, 衰退, 失灵
vt. 忘记, 使...失望, 缺乏, 不及格
n. 不及格"
issue,"n. 发行, 问题, 后果, 流出, 出口, 争端
vi. 发行, 流出, 造成...结果, 传下
vt. 使流出, 放出, 发行, 发布, 发给"
risk,"n. 冒险, 危险, 保险额
vt. 冒...的危险, 冒险干"
risky,a. 危险的
loss,"n. 损失, 遗失, 失败, 输, 错过, 伤亡
"
crisis,"n. 危机, 危险期, 紧要关头
"
poverty,"n. 贫穷, 贫困, 缺乏
"
burden,"n. 负担, 重载, 担子, 责任
vt. 装货于, 烦扰, 使负担"
unfortunately,"adv. 恐怕, 不幸的是"
capture,"n. 抓取, 战利品, 捕获之物
vt. 抓取, 获得, 迷住
"
extinction,"n. 消失, 消灭, 废止
"
extinct,"a. 熄灭的, 灭绝的, 耗尽的
"
hazard,"n. 冒险, 危险, 机会
vt. 冒...的危险, 赌运气, 使冒危险
"
trap,"n. 圈套, 陷阱, 诡计, 存水弯
vi. 设圈套, 设陷阱
vt. 诱捕, 诱骗, 抓住, 使受限制
"
victim,"n. 受害人, 牺牲者, 牺牲品
"
fatigue,"n. 疲乏, 疲劳
vt. 使疲劳, 使心智衰弱
vi. 疲劳
a. 疲劳的"
trick,"n. 诡计, 欺诈, 谋略, 恶作剧, 习惯, 决窍
vt. 愚弄, 欺骗, 装饰
vi. 哄骗, 戏弄
a. 有决窍的, 特技的, 欺诈的, 漂亮的, 靠不住的"
worsen,"vt. 使更坏, 使恶化
vi. 变得更坏, 恶化"
disaster,"n. 灾祸, 不幸, 彻底失败"
disorder,"n. 杂乱, 混乱
vt. 扰乱, 使失调"
adverse,"a. 不利的, 敌对的, 相反的, 逆的
"
deadly,"a. 致命的, 致死的
adv. 非常, 如死一般地"
needy,"a. 贫穷的, 贫困的, 生活艰苦的"
endangered,a. 有生命危险的；濒临灭绝的
painful,"a. 痛苦的, 困难的, 令人烦恼的
"
embarrass,"vt. 使困窘, 使局促不安, 阻碍"
shadow,"n. 阴影, 荫, 影子, 影像, 阴暗, 幽灵, 少许, 隐蔽处, 庇护
vt. 遮蔽, 使朦胧, 预示, 尾随
vi. 渐变, 变阴暗
"
period,"n. 时期, 节段, 节, 句点, 学时, 周期
a. 当时特有的, 过去某段时期的
interj. 就是这话, 就是这么回事"
decade,"n. 十年, 十"
term,"n. 术语, 专有名词, 期限, 学期, 任期, 条件, 价钱, 关系, 地位, 项, 界石
vt. 称, 呼
"
long-term, 长期的
generation,"n. 一代, 一世, 产生
"
century,"n. 世纪, 百年"
stage,"n. 阶段, 舞台, 场所, 戏剧, 站, 驿站, 级, 层, 脚手架
vt. 上演, 表演, 筹划
vi. 适于上演, 乘驿车旅行"
vacation,"n. 假期, 休假
"
era,"n. 时代, 纪元, 时期"
transition,"n. 转变, 转换, 变迁, 过渡时期, 临时转调
"
semester,n. 学期
lifetime,"n. 一生, 终生
a. 一生的, 终生的"
lifelong,"a. 终身的, 毕生的"
part-time,n. 兼任，部分时间
temporary,"a. 暂时的, 临时的
n. 临时工, 临时雇员
"
temporarily,"adv. 暂时, 一时, 临时"
phase,"n. 时期, 局面, 方面, 位相, 相, 阶段
vt. 使调整相位, 使定相, 使一致, 逐步执行, 实行
"
within,"n. 内部, 里头
adv. 在内部, 在内心里
prep. 在...之内"
further,"a. 更远的, 此外的, 更多的
vt. 促进, 增进, 助长
adv. 更进一步地, 更远地, 此外"
closely,adv. 接近地
ahead,"a. 领先的, 预先的, 向前的
adv. 领先, 预先, 向前, 胜于, 在前面, 在将来"
aside,"n. 小声说的话, 旁白
adv. 在一边, 离开, 另外"
forward,"a. 向前的, 早的, 迅速的, 在前的, 进步的
vt. 促进...的生长, 转寄, 运送
adv. 向前地
"
opposite,"a. 相对的, 相反的, 对面的
prep. 对面
n. 对立面"
front,"n. 前面, 开头, 前线, 阵线, 态度
vt. 面对, 朝向, 对抗
vi. 朝向"
central,"a. 中央的, 重要的
"
bottom,"n. 底部
a. 底部的
vt. 给...装底, 查明真相
vi. 到达底部, 建立基础"
internal,"a. 内在的, 国内的
"
external,"n. 外部, 外面
a. 外部的, 客观的, 表面的"
reverse,"n. 相反, 背面, 倒退, 挫折, 失败
a. 反面的, 相反的, 反向的, 颠倒的
vt. 使颠倒, 使逆转, 使倒退, 使反向
vi. 倒退, 反向, 倒转, 反转
"
amid,"prep. 在其间, 在其中
"
underground,"n. 地下, 地铁, 地道, 秘密活动
a. 地下的, 秘密的
adv. 在地下, 秘密地"
surface,"n. 面, 表面, 水面, 外表, 平面
a. 表面的, 外观的, 肤浅的, 水面上的
vt. 使成平面, 使浮出水面
vi. 浮出水面, 呈现, 在地面上工作"
upward,"a. 向上的
adv. 以上"
downward,a. 向下的
cross,"n. 十字架, 十字架形物件, 交叉, 十字标, 交叉路, 磨难, 杂交
a. 生气的, 交叉的, 相反的
v. 交叉, 横过, 越过
"
beneath,"prep. 在...下方
adv. 在...下方"
situation,"n. 情形, 境遇, 位置
"
condition,"n. 情况, 条件
vt. 使健康, 以...为条件, 决定, 使适应
"
environmental,"a. 周围的, 环境的
"
environmentalist,n. 环保人士
position,"n. 位置, 地位, 身分, 形势, 姿势, 立场, 职位, 状态, 阵地
vt. 安置, 决定...的位置
"
instance,"n. 建议, 情况, 例子, 场合
vt. 引以为例, 举例说明"
background,"n. 背景, 背景资料
"
circumstance,"n. 环境, 状况, 事件"
setting,"n. 环境, 背景, 布景, 镶嵌, 调整, 沉落, 一副餐具
"
atmosphere,"n. 大气, 空气, 气氛
"
symptom,"n. 症状, 征候, 征兆
"
phenomenon,"n. 现象, 迹象, 表现, 奇迹, 奇才
"
result,"n. 结果, 成绩, 答案
vi. 产生, 结果, 致使
"
effect,"n. 结果, 影响, 效果, 印象
vt. 实行, 引起, 完成
"
impact,"n. 冲击, 冲突, 影响, 效果
vt. 挤入, 撞击, 压紧, 对...发生影响"
eventually,"adv. 最后, 终于"
consequence,"n. 结果, 重要性
"
outcome,"n. 结果, 出口"
constitute,"vt. 构成, 组成, 任命
"
ultimately,"adv. 最后, 最终
"
ultimate,"n. 终极, 根本, 顶点, 基本原则
a. 终极的, 根本的, 极限的, 最远的, 最后的, 最大的"
while,"n. 一会儿, (一段)时间
conj. 当...的时候, 虽然
vt. 消磨"
meanwhile,"n. 其时, 其间
adv. 同时, 于此时"
due,"n. 应得的东西, 应付款
a. 到期的, 应得的, 应付的, 约定的"
previous,"a. 早先的, 前面的, 过急的
"
former,"a. 从前的, 前者的
n. 起形成作用的人(或物), 模型, 样板"
outdated,"a. 旧式的, 落伍的, 过时的"
prior,"a. 更重要的, 较早的, 在先的
n. 小隐修院院长, 大隐修院副院长"
deadline,"n. 最后期限, 截止期限
"
old-fashioned, 古典鸡尾酒
update,"vt. 更新, 使现代化
n. 更新
"
latter,"a. 后者的, 较后的, 近来的"
meantime,"n. 间隔时间, 其时
adv. 其间"
suffer,"vt. 遭受, 经历, 忍受
vi. 受痛苦, 受损害"
suffering,"n. 苦难, 受苦"
affect,"vt. 影响, 感动, 假装, 模仿, 爱好, 倾向于
n. 自觉感情"
bear,"n. 熊
vt. 忍受, 支承, 产生, 怀有, 通过卖空使跌价
vi. 忍受, 结果实, 压挤, 行进, 转向"
weather,"n. 天气, 气象, 处境
a. 迎风的
vt. 使受风吹雨打, 侵蚀, 使风化, 经受住
vi. 风化, 受侵蚀, 经受风雨"
exhaust,"n. 排气, 排气装置, 废气
vt. 抽完, 用尽, 耗尽, 使精疲力尽
vi. 排气"
encounter,"n. 相会, 相遇, 遭遇
vt. 遇见, 邂逅, 会战
vi. 偶然相遇"
bother,"vt. 烦扰, 迷惑
vi. 烦恼, 操心
n. 麻烦, 纠纷, 讨厌的人"
undergo,"vt. 遭受, 经历, 忍受
"
endure,"vt. 忍受, 忍耐, 容忍, 耐
vi. (正式)持久, 持续
"
tolerate,"vt. 宽容, 容许, 有耐力"
event,"n. 事件, 结果, 事情的进程, 竞赛项目
"
challenge,"n. 挑战, 盘问
vt. 向...挑战, 要求, 怀疑
vi. 挑战, 对(证据等)表示异议"
challenging,"a. 挑战的, 引起争论的"
case,"n. 情形, 情况, 箱, 容器, 事实, 病例, 案例, 框子
vt. 装箱, 包盖"
matter,"n. 事件, 物质, 原因, 素材, 实体, 重要
vi. 有关系"
accident,"n. 意外事件, 机遇, 事故, 次要方面
"
affair,"n. 事件, 事务, 恋爱事件"
incident,"n. 事件, 事变, 小事
a. 附带的, 易于发生的, 外来的, 入射的"
adventure,"n. 冒险, 冒险经历
v. 冒险"
cause,"n. 原因, 目标
vt. 引起, 使产生, 使遭受"
reason,"n. 理由, 原因, 理智, 道理, 前提, 理性
vt. 说服, 推论, 辩论
vi. 推论, 劝说, 思考"
thus,"adv. 如此, 因此, 到如此程度
"
therefore,"adv. 因此, 所以"
thereby,adv. 因此
sake,"n. 目的, 缘故, 理由"
hence,"adv. 因此, 从此"
exist,"vi. 存在, 生存, 发生"
existing,"a. 存在的, 目前的, 现存的, 现有的
"
existence,"n. 存在, 生存
"
present,"n. 现在, 礼品, 瞄准
a. 现在的, 出席的
vt. 介绍, 引见, 赠送, 提出, 呈现, 上演
vi. 举枪瞄准"
presence,"n. 出席, 面前, 存在, 仪态, 风度
"
presentation,"n. 赠与, 描述, 介绍
"
available,"a. 可利用的, 可获得的, 有效的
"
attend,"vt. 参加, 照料, 伴随
vi. 专心于, 照顾, 服侍, 出席"
survive,"vt. 比...活得长, 生存, 生还, 幸免于
vi. 活下来, 幸存"
survival,"n. 生存, 残存, 幸存者
a. 赖以生存的"
absence,"n. 缺席, 缺乏, 没有
"
damage,"n. 损害, 伤害
v. 损害"
destroy,"vt. 破坏, 毁坏, 消灭"
harm,"n. 伤害, 害处
vt. 伤害, 损害"
steal,vt. 剽窃；偷偷地做；偷窃；vi. 窃取；偷偷地行动；[棒球]偷垒；n. [口]偷窃；便宜货；偷垒；[篮球]断球
ruin,"n. 毁灭, 推翻, 废墟
vi. 毁灭, 衰败, 破坏, 破产, 堕落
vt. 使毁灭, 毁坏, 使破产"
burn,"vt. 烧, 烧毁, 烧伤
vi. 燃烧, 发热, 烧毁
n. 烧伤, 烙印"
disrupt,"a. 分裂的, 中断的
vt. 使分裂, 使瓦解"
disruption,"n. 分裂, 崩溃, 瓦解"
deteriorate,v. (使)恶化
deterioration,"n. 恶化, 衰退, 退化
"
destructive,"a. 毁灭性的, 破坏的, 有害的
"
undermine,"vt. 在...下面挖, 渐渐破坏, 暗地里破坏
"
toll,"n. 通行费, 代价, 钟声
vt. 征收, 敲钟, 鸣钟, 勾引, 引诱
vi. 征税, 鸣钟"
theft,"n. 盗窃, 失窃, 盗窃罪, 赃物
"
violation,"n. 违反, 违背, 妨碍
"
devastating,"a. 毁灭性的, (非正式)很好的, 引人注目的"
process,"n. 程序, 进行, 过程
vt. 加工, 使...接受处理, 对...处置, 对...起诉
a. 经加工的, 有特殊光效的
"
proceed,"vi. 继续进行, 进行, 开始, 发出, 起诉
"
course,"n. 课程, 路线, 过程, 一道菜, 道路
v. 追, (使)跑"
progress,"n. 进步, 发展, 前进
vi. 进步, 进行"
gradually,adv. 逐渐地
evolve,"vi. 进展, 进化, 展开
vt. 使发展, 使推断出, 使进化"
evolution,"n. 进化, 发展, 进展, (气体)放出, 开方
"
evolutionary,"a. 展开的, 进化论的, 进化的, 发展的
"
procedure,"n. 程序, 过程, 手续
"
childhood,"n. 孩童时期
"
adulthood,"n. 成年
"
senior,"n. 年长者, 资深者, 毕业班学生
a. 年长的, 高级的, 资深的"
junior,"n. 年少者, 地位较低者, 大学三年级学生
a. 年少的, 下级的, 后进的"
historical,"a. 历史的, 史实的, 历史上的
"
ancient,"a. 古代的, 古老的, 年老的, 旧的"
teen,"n. 愤怒, 悲哀"
retire,"n. 隐居
vi. 引退, 退役, 退休, 退去, 撤退, 退却
vt. 使...撤退, 辞退"
retirement,"n. 退休, 隐居, 撤退
"
adolescent,"a. 青春期的, 青少年的
n. 青少年"
youth,"n. 年轻, 青年时代, 青年们, 青春
"
youngster,"n. 小孩, 年轻人, 少年
"
elderly,"a. 过了中年的, 稍老的"
mature,"a. 成熟的, 到期的, 充分考虑的
vt. 使成熟
vi. 成熟, 到期"
aim,"n. 目标, 瞄准, 击中目标的能力
vi. 对准目标, 致力, 打算
vt. 瞄准
"
goal,"n. 目标, 终点, 得分, 球门, 守门员
vi. 攻门, 射门得分"
purpose,"n. 目的, 意向, 决心, 用途, 效果, 论题
vt. 意欲, 企图, 计划"
task,"n. 工作, 任务, 作业, 困难的工作
vt. 派给...工作, 使辛劳
"
target,"n. 目标, 靶子, 指标
vt. 对准, 订指标"
nowadays,"n. 现在, 现时, 当今
adv. 时下, 现今"
recent,"a. 最近的, 近代的, 最新的
"
recently,adv. 最近
current,"n. 涌流, 趋势, 流
a. 流通的, 现在的, 当前的, 流行的
"
currently,"adv. 现在, 当前, 一般, 普通
"
ongoing,"a. 前进的, 进行的, 不间断的
n. 前进, 发展"
up-to-date,"最近的, 最新的
"
contemporary,"n. 同时代的人
a. 同时代的, 属于同一时期的"
record,"n. 记录, 履历, 档案, 审判记录, 最高纪录, 唱片
vt. 记录, 记载, 标明, 将...录音
vi. 记录, 录音, 可被录音
a. 创纪录的
"
schedule,"n. 时间表, 一览表, 计划表, 议事日程
vt. 预定, 编制目录, 制...表, 安排"
mark,"n. 标志, 分数, 马克, 痕迹, 斑点, 靶子, 刻度, 记号, 符号, 戳记, 标准, 起跑线
vt. 做标记于, 留意, 打分数, 表明, 标志, 记录
vi. 作记号, 记得分
"
annual,"n. 年刊, 年报
a. 每年的, 一年一次的, 全年的, 一年生的"
version,"n. 一种描述, 版本, 译文
"
register,"n. 寄存器, 记录, 登记簿, 注册
vt. 记录, 注册, 提示, 表达, 把...挂号
vi. 登记, 注册, 挂号
"
monthly,"n. 月刊
a. 每月的, 每月一次的"
edition,"n. 版本, 版, 翻版"
remain,"vi. 保持, 逗留, 剩余
"
preserve,"vt. 保护, 保持, 保存, 维持, 腌, 禁猎
vi. 加工食品, 禁猎
n. 加工成的食品, 禁猎地, 保护区, 防护物"
reserve,"n. 储备品, 贮量, 后备军, 自然保护区, 保留, 拘谨, 节制, 储备金
vt. 保留, 保存, 预订, 延期, 推迟"
maintain,"vt. 维持, 维修, 保持, 坚持, 供养, 主张
"
maintenance,"n. 维护, 保持, 维修, 生活费用, 坚持, 扶养
"
retain,"vt. 保持, 保有, 留住, 记得, 付定金聘请
"
sustain,"vt. 承受, 支持, 供养, 继续, 忍受, 蒙受, 证实, 准许
"
sustainable,"a. 足可支撑的, 养得起的, 可以忍受的"
unsustainable,"a. 无法支撑的, 不能忍受的, 不可证实的
"
individual,"n. 人, 个人, 个体
a. 个别的, 个人的, 独特的"
single,"a. 单身的, 单程的, 单一的, 个别的, 孤独的, 专一的
n. 一个, 单打, 单程票
vt. 选出
vi. 击出一垒打
"
private,"a. 私人的, 秘密的, 私立的, 隐蔽的
n. 士兵, 隐士, 阴部
"
privacy,"n. 隐私, 隐居, 秘密
"
base,"n. 底部, 垒, 基础, 基地
vt. 以...作基础
a. 卑鄙的, 低劣的
"
basis,"n. 基础, 主要成分
"
ground,"n. 土地, 战场, 场地, 地面, 范围
a. 土地的, 地面上的
vt. 放在地上, 使搁浅, 打基础, 给...以训练
vi. 搁浅, 落地, 根据, 基于
a. 磨过的
grind的过去式和过去分词"
foundation,"n. 基础, 根据, 建立
"
attack,"n. 攻击, 抨击
vt. 攻击, 抨击, 动手干
vi. 攻击"
conflict,"n. 战斗, 冲突, 矛盾, 争执
vi. 争执, 战斗, 冲突, 抵触
"
resist,"v. 抵抗, 耐得住, 抵制, 反抗
n. 防染材料"
resistance,"n. 抵抗力, 反抗, 耐力, 阻力, 电阻
"
controversy,"n. 论争, 辩论, 论战, 争论
"
confront,"vt. 使面对, 对抗, 遭遇, 使对质, 比较
"
dispute,"n. 争论
v. 争论"
invade,"vt. 侵入, 拥入, 侵略, 侵袭
"
defend,"vt. 防护, 辩护, 防卫
"
defense,"n. 防卫, 防卫物
"
mean,"a. 低劣的, 卑贱的, 简陋的, 吝啬的, 惭愧的, 平均的, 中间的, 普通的
vt. 意谓, 想要, 意欲, 预定
vi. 用意, 有意义
n. 平均数, 中间, 中庸"
meaningful,a. 意味深长的
indicate,"vt. 显示, 象征, 指示, 指出
"
indicator,"n. 指示器, 指示剂, 指标
"
indication,"n. 指示, 象征, 暗示
"
imply,"vt. 暗示, 意味
"
implication,"n. 牵连, 含义, 暗示
"
appear,"vi. 出现, 显得, 来到
"
appearance,"n. 出现, 露面, 外观, 外表, 出版
"
occur,"vi. 发生, 被想到, 存在"
emerge,"vi. 浮现, 形成, 出现, (事实)显露"
weakness,"n. 虚弱, 薄弱, 弱点
"
weaken,"vt. 削弱, 减弱, 使虚弱
vi. 变弱, 变软弱"
recession,"n. 后退, 凹处, 衰退, 归还
"
shortage,"n. 不足, 缺乏
"
vulnerable,"a. 易受伤害的, 有弱点的, 易受影响的, 脆弱的, 成局的
"
lag,"n. 落后, 囚犯, 迟延, 桶板, 防护套
a. 最后的
vi. 落后, 蹒跚, 缓缓而行, 滞后
vt. 落后于, 押往监狱, 加上外套
"
inferior,"a. 次等的, 较差的, 下方的, 下级的
n. 部下, 次品, 下标(符号)"
disadvantage,"n. 缺点, 不利, 坏处"
advantage,"n. 优点, 便利, 好处, 优势
vt. 有助于"
downside,n. 底侧；下降趋势
launch,"n. 下水, 汽艇, 发射
vt. 使下水, 发射, 发动
vi. 起飞, 下水, 投入, 开始"
pioneer,"n. 先锋, 拓荒者, 创始人
vt. 提倡, 开辟, 开创, 倡导
vi. 作先驱, 开路
a. 最早的, 开拓的, 先驱的, 有开拓者特点的"
initial,"n. 字首, 首字母
a. 开始的, 最初的, 字首的
vt. 用姓名的首字母签名"
initiative,"n. 主动行动, 首创精神, 主动权
a. 自发的, 起始的"
arise,"vi. 站立, 出现, 起来"
frequent,"a. 时常发生的, 频繁的, 快速的
vt. 时常来访, 常常聚集, 常与...交往"
regular,"a. 规则的, 常例的, 有秩序的, 整齐的, 等边的, 定期的, 经常的, 合格的, 常备军的
n. 正规军, 正式队员
adv. 经常地
n. 正常体
"
occasion,"n. 场合, 时机, 机会, 诱因, 理由
vt. 惹起, 引起"
occasionally,"adv. 有时候, 偶而"
immediate,"a. 立即的, 直接的, 接近的
"
instant,"n. 立即, 瞬间
a. 紧急的, 立即的, 即时的"
instantly,"adv. 立即地, 即刻地"
vary,"vt. 改变, 使多样化
vi. 变化, 有不同, 违反"
various,"a. 不同的, 各种的, 多方面的, 许多的, 个别的, 杂色的
"
variable,"n. 易变的事物, 变数, 可变物, 变量
a. 可变的, 不定的, 易变的, 变量的
"
transform,"vt. 使转换, 改变, 改造, 使...变形
vi. 改变, 转化, 变换
"
switch,"n. 开关, 电闸, 转换, 软枝, 鞭子, 道岔
vt. 转变, 切换, 摆动, 转换, 使转轨
vi. 转换, 变换, 摆动
"
alter,v. 改变
convert,"n. 皈依者, 改变宗教信仰者
vt. 使改变信仰, 转换, 兑换, 倒置
vi. 皈依
"
sight,"n. 景观, 视力, 眼界, 阅读, 见解, 意见
vt. 看见, 瞄准
vi. 瞄准, 观看
a. 即席的, 见票即付的"
image,"n. 影像, 肖像, 想象, 图像, 形象, 翻版
vt. 作...的像, 反映, 想象, 象征
n. 图像
"
scene,"n. 场, 情景, 镜头, 发生地点, 道具, 布景, 景色
"
visual,"a. 视觉的
"
vision,"n. 视觉, 眼光, 视力, 幻想
vt. 梦见, 想象, 显示"
moreover,"adv. 而且, 此外"
addition,"n. 加法, 增加的人(或物)
"
additional,"a. 附加的, 另外的, 额外的
"
altogether,"adv. 完全地, 总而言之"
furthermore,"adv. 此外, 而且"
besides,"prep. 除...之外
adv. 而且, 此外"
source,"n. 来源, 水源, 根源, 原始资料, 源
"
root,"n. 根, 根本, 根源, 基础, 底部
vt. 使扎根, 使固定, 根除, 肃清, 搜出, 用鼻拱
vi. 生根, 固定, 源于, 用鼻拱土, 寻找, 捧场, 支持"
derive,"vt. 得自
vi. 起源"
origin,"n. 起源, 起因, 出身, 开端
"
original,"a. 最初的, 原始的, 有创意的
n. 原物, 原作"
routine,"n. 常规, 日常工作, 惯例, 例行公事
a. 日常的, 常规的
"
tradition,"n. 传说, 传统, 交付
"
accustomed,"a. 惯常的, 习惯了的"
addiction,"n. 入迷, 瘾
"
addict,"vt. 使沉溺, 使上瘾
n. 入迷的人, 上瘾者"
area,"n. 区域, 面积, 范围, 空地
"
global,"a. 通用的, 全球的, 球形的, 综合的, 普遍的
"
globalization,"[计] 全球化, 普及到世界范围"
local,"a. 地方性的, 当地的, 局部的, 乡土的, 本地的
n. 当地居民, 本地新闻, 局部
"
cover,"n. 盖子, 封面, 藉口
vt. 覆盖, 掩饰, 保护, 掩护, 包括
vi. 覆盖"
community,"n. 社区, 公众, 共有, 共同体
"
range,"n. 排, 行, 山脉, 范围, 行列, 射程
vt. 排列, 归类于, 使并列, 放牧
vi. 平行, 延伸, 漫游
"
region,"n. 区域, 地带, 地区, 领域, 范围, 区
"
regional,"a. 地方的, 地域性的
"
worldwide,a. 全世界的
foreign,"a. 外国的, 外交的, 外省的, 外来的, 不相关的
"
domestic,"a. 家庭的, 国内的, 驯养的
"
overseas,"a. 海外的, 国外的
adv. 在海外, 在国外"
urban,"a. 都市的, 住在都市的, 习惯于都市的
"
rural,"a. 乡下的, 田园的, 乡村风味的
"
surround,"vt. 包围, 环绕, 围绕
n. 围绕物"
pool,"n. 池, 水塘, 石油层, 联营
vt. 合伙经营, 共享, 采掘, 汇聚成
vi. 汇合成塘, 淤积, 联营"
tropical,"a. 热带的, 热情的
"
distance,"n. 距离, 远方, 遥远
"
abroad,"adv. 往国外, 到室外, 到处
a. 往国外的, 在室外的, 广泛四散的"
polar,"a. 两极的, 极地的, 正好相反的, 极性的
n. 极线, 极面"
village,"n. 村庄
a. 乡村的, 村庄的"
boundary,"n. 边界, 分界线
"
zone,"n. 地带, 带, 地区
vt. 环绕, 使分成地带
vi. 分成区
"
nowhere,"adv. 无处, 到处都无"
neighborhood,"n. 附近, 邻近"
colony,"n. 殖民地, 移民队
"
countryside,"n. 乡下地方, 乡下居民"
district,"n. 区域, 地方
"
restaurant,"n. 餐馆, 饭店"
store,"n. 商店, 贮藏, 仓库, 备用品, 存储器
vt. 储存, 贮藏, 供给
vi. 贮藏
a. 贮藏的, 现成的
"
plant,"n. 植物, 作物, 工厂, 树枝, 生长, 设施, 成套设备
vt. 种植, 栽培, 播种, 培养, 安置, 殖民于, 使位于
vi. 种植"
campus,"n. 校园, 大学生活"
station,"n. 车站, 站, 局, 驻地, 位置, 身分, 地位
vt. 安置, 配置, 驻扎
"
lab,"n. 实验室, 研究室
"
grocery,"n. 食品杂货店, 食品杂货业"
hall,"n. 门厅, 走廊, 会堂"
apartment,"n. 房间, 公寓"
hill,"n. 小山, 丘陵, 小土堆
vt. 作成土堆, 堆成小丘"
flat,"a. 平坦的, 单调的, 无力的, 浅的, 萧条的, 干脆的, 无聊的
adv. 平直地, 断然地
n. 扁平物, 平面, 平地, 平原, 平板车
v. (使)变平"
lake,"n. 湖, 池, 色淀
v. (使)血球溶解"
bar,"n. 条, 棒, 酒吧, 栅, 障碍物
vt. 禁止, 阻挡, 妨碍
"
shelter,"n. 庇护所, 避难所, 庇护, 隐蔽处, 掩蔽
vt. 庇护, 保护, 隐匿
vi. 躲避"
laboratory,"n. 实验室, 研究室, 化工厂
"
church,"n. 教堂, 礼拜, 教会
vt. 使人接受宗教仪式
a. 教堂的"
factory,"n. 工厂, 产生地, 代理店
"
infrastructure,"n. 基础结构, 基础设施
"
checkout,"n. 结帐台
"
roof,"n. 屋顶, 室顶
vt. 给...盖屋顶, 遮蔽"
camp,"n. 露营, 帐篷
vi. 露营, 扎营
vt. 使扎营"
farmland,n. 农田
plastic,"n. 塑料, 可塑体, 可塑性物质
a. 塑料的, 塑造的, 有可塑性的, 造型的, 易受影响的, 有创造力的"
board,"n. 木板, 甲板, 膳食, 会议桌
vt. 乘船, 供膳食, 用板覆盖
vi. 搭伙
"
fuel,"n. 燃料, 木炭
vt. 加燃料, 供燃料
vi. 得到燃料"
gas,"n. 气体, 汽油, 瓦斯
"
smartphone,n. 智能手机
tap,"n. 轻打, 水龙头
vt. 轻打, 轻敲, 敲打出, 选择, 装上嘴子, 使流出, 开发, 分接, 向...乞讨
vi. 轻叩, 轻拍, 啪塔啪塔地走
"
package,"n. 包裹, 套装软件, 包, 包装用物, 程序包
vt. 包装, 打包
a. 一揽子的
"
pack,"n. 包裹, 一伙, 一副, 背包, 包装
vt. 包装, 捆扎, 塞满, 压紧, 挑选
vi. 包装货物, 挤, 群集, 被包装
"
counter,"n. 计算器, 计算者, 柜台, 筹码
a. 反方向的, 相反的
adv. 反方向地, 相反地
"
screen,"n. 幕, 银幕, 屏风, 掩蔽物, 屏蔽, 筛子
vt. 掩蔽, 放映, 拍摄, 掩护, 筛, 甄别
vi. 拍电影
"
clothing,n. 衣服
ladder,"n. 梯, 梯状物, 发迹的途径
vi. 袜子抽丝, 成名"
tag,"n. 标签, 附属物, 碎片, 结束语, 口头禅, 附加语, 浑名, 标记, 标记符
vt. 附以签条, 尾随, 添饰, 起浑名, 连接
vi. 紧紧跟随
"
motor,"n. 马达, 发动机, 原动力, 汽车
a. 马达的, 发动机的, 汽车的, 发动的
vt. 推动, 以汽车载运
vi. 乘汽车, 驾车"
shelf,"n. 架子, 搁板
"
concrete,"n. 凝结物, 混凝土
a. 具体的, 实在的, 混凝土的
v. (使)凝结, 用混凝土浇筑"
battery,"n. 电池, 殴打
"
bulb,"n. 球茎, 电灯泡
"
pill,"n. 药丸, 弹丸, 屈辱, 胡说
v. 做成药丸, 形成丸状, 服药丸, 挫败, 抢劫"
instrument,"n. 工具, 手段, 仪器
"
junk,"n. 垃圾, 乌七八糟的东西, 舢板
"
pocket,"n. 口袋, 钱袋, 钱, 容器
vt. 装...在口袋里, 隐藏, 抑制, 私吞, 搁置, 击...入袋
a. 袖珍的, 小型的, 压缩的, 金钱上的"
dish,"n. 盘子, 碟, 菜肴
"
article,"n. 文章, 冠词, 物品, 物件, 条款, 契约
"
paragraph,"n. 段落, 短评
vt. 将...分段, 分段落
vi. 写短讯
"
journal,"n. 日记, 杂志, 日报
"
journalist,"n. 新闻记者, 从事新闻杂志业的人"
print,"n. 打印, 版, 印刷物, 痕迹, 印刷业, 印刷字体, 图片, 印花布, 印章
v. 打印, 印刷, 铭记, 留印记于, 用印刷体写
"
printing,"n. 印刷, 印刷术, 印花
"
content,"n. 内容, 满足, 意义, 要旨
a. 满足的, 满意的
vt. 使...满足, 使...安心
"
novel,"n. 小说, 长篇故事
a. 新奇的, 异常的"
context,"n. 上下文, 背景, 来龙去脉
n. 上下文
"
document,"n. 文件, 公文, 文档
vt. 证明, 为...引证
"
headline,"n. 大标题, 新闻摘要
vt. 为...做标题, 写标题"
essay,"n. 随笔, 短文, 评论, 企图
vt. 试图"
chart,"n. 图表, 海图
vt. 制成图表
"
plot,"n. 小块土地, 地区图, 图, 阴谋, 情节
vt. 划分, 绘图, 密谋
vi. 密谋, 策划
"
fiction,"n. 小说, 虚构故事
"
poem,"n. 诗, 诗般美的事物"
file,"n. 档案, 公文箱, 文件夹, 文件, 卷宗, 锉刀
vi. 列队行进, 用锉刀做
vt. 归档, 申请, 锉, 琢磨
"
composition,"n. 作文, 创作, 组成
"
thesis,"n. 论题, 论文"
round,"n. 圆, 圆形物, 巡回, 循环, 一轮, 一回合, 一局, 范围, 轮唱
a. 圆的, 球形的, 丰满的, 肥胖的, 完全的, 大概的, 完美的, 圆润的
prep. 围着, 附近, 绕过, 在...周围
adv. 围绕着, 在周围, 迂回地, 挨个, 朝反方向
vt. 弄圆, 使成圆形, 绕行, 完成, 围捕, 把...四舍五入
vi. 变圆, 发胖, 环行, 拐弯, 进展"
shape,"n. 形状, 形态, 外形, 形式, 身材
vt. 定形, 使成形, 塑造, 计划, 使符合
vi. 成形, 形成, 成长
"
pattern,"n. 模范, 典型, 式样, 样品, 图案, 格调, 模式
vt. 模仿, 仿造, 以图案装饰
vi. 形成图案
"
shrink,"n. 收缩, 萎缩, 回避
vi. 收缩, 退缩, 萎缩, 缩小, 回避
vt. 使收缩, 使缩小"
circle,"n. 圆周, 社交圈, 循环, 范围
vt. 围着, 环绕
vi. 盘旋, 循环"
peak,"n. 山峰, 巅, 山顶, 顶点, 尖峰, 帽舌
a. 最高的, 最大值的
vi. 到达最高点, 消瘦, 变憔悴, 逐渐缩小
vt. 使竖起, 使达到最高点"
cycle,"n. 周期, 循环, 自行车, 一段时间, 整套
vi. 循环, 轮转, 骑自行车
vt. 使循环, 使轮转
"
net,"n. 网, 网状物, 罗网, 净利, 净价
a. 净的, 最终的
vt. 用网捕, 撒网, 净赚, 得到
vi. 编网
"
edge,"n. 边缘, 尖锐, 刀刃, 优势
vt. 使锐利, 挤进, 镶边
vi. 缓缓移动"
thick,"a. 厚的, 粗壮的, 浓的, 迟钝的, 浑浊的, 多雾的, 过分的, 口齿不清的
adv. 厚地, 密地, 浓浓地
n. 最浓处, 最厚处, 最密集处
"
sharp,"n. 半升音调, 利刃, 骗子
a. 锋利的, 明显的, 敏锐的, 急剧的, 尖刻的, 严厉的, 刺耳的, 精明的
adv. 锐利地, 急速地"
straight,"n. 直线, 直
a. 直的, 笔直的, 正直的, 直接的, 连续的, 整齐的
adv. 直接地, 立即, 不断地"
texture,"n. (织物的)密度, (材料等的)结构, 纹理
"
margin,"n. 页边的空白, 边缘, 界限, 余裕, 差数, 差额, 保证金
vt. 加边于, 加旁注于
"
material,"n. 材料, 物资, 素材, 布料, 资料
a. 物质的, 肉体的, 重要的"
resource,"n. 资源, 财力, 办法, 策略, 急智, 消遣
"
device,"n. 装置, 设计, 策略, 发明物, 设备
"
facility,"n. 容易, 灵巧, 设备
"
object,"n. 物体, 目标, 目的, 对象, 宾语, 客体
vi. 反对, 抱反感
vt. 提出...来反对
"
equipment,"n. 装备, 设备, 才能
"
equip,"vt. 装备, 配备
"
stuff,"n. 原料, 要素, 东西, 材料, 素质, 织品, 废物, 废话
vt. 装填
vi. 狼吞虎咽"
gadget,"n. 小配件, 小玩意, 诡计"
cell,"n. 单元, 细胞, 电池
"
female,"n. 女性, 女人, 雌性动物
a. 女性的, 女子的"
male,"n. 男人, 雄性动物
a. 男性的, 雄性的, 有力的"
ecosystem,"n. 生态系统
"
cancer,"n. 癌, 恶性肿瘤
"
stem,"n. 茎, 干, 柄, 船首, 血统, 堵塞物
vt. 摘掉茎, 装柄于, 阻止, 堵住, 逆行
vi. 堵住, 逆行"
gender,"n. 性
vt. 产生"
organic,"a. 器官的, 有机的, 组织的, 根本的
"
mankind,"n. 人类, 男性"
gene,"n. 基因
"
genetic,"a. 创始的, 遗传的, 起源的, 遗传学的
"
wildlife,n. 野生动植物
cattle,"n. 牛, 家畜
"
insect,"n. 昆虫, 卑鄙的人
"
muscle,"n. 肌肉, 臂力
"
location,"n. 位置, 场所, 特定区域
"
locate,"vt. 找出, 设于, 位于
vi. 定居"
relocate,"vt. 重新安置, 再配置, 放在新地方
"
field,"n. 领域, 田地, 场地, 战场, 场, 域
vt. 使...晒在场上, 使上场
a. 田间的, 野生的, 野外的, 田赛的
"
site,"n. 位置, 场所, 地点
vt. 给...择址"
spot,"n. 污点, 地点, 斑点, 点, 娱乐场所, 处境, 少量
a. 当场的, 现场的, 现货买卖的, 现金交易的, 抽样的
vt. 点缀, 玷污, 认出, 准确定...的位, 用灯光照射
vi. 玷污, (从空中)侦察敌方目标"
workplace,"n. 工作场所, 工厂, 车间"
elsewhere,adv. 在别处
habitat,"n. 栖息地, 居留地, 自生地, 聚集处
"
corner,"n. 角落, 转角, 窘境
vt. 迫至一隅, 垄断, 使陷入绝境
vi. 相交成角, 垄断
"
destination,"n. 目的地, 目标, 目的
"
soil,"n. 土壤, 土地, 国家, 国土, 温床, 污物, 粪便, 水池
vt. 弄脏, 污辱
vi. 变脏"
planet,"n. 行星, 命运星辰, 杰出的人, 重大影响的事"
carbon,"n. 碳, 副本, 复写纸
"
fossil,"n. 化石, 古物
a. 化石的, 陈腐的, 守旧的"
silicon,"n. 硅
"
coal,"n. 煤, 木炭
v. 加煤"
solar,"a. 太阳的, 日光的, 源自太阳的
"
metal,"n. 金属, 金属制品, 合金, 本质, 质料
a. 金属制的
vt. 以金属覆盖"
liquid,"n. 液体, 流体, 流音
a. 液体的, 透明的, 明亮的, 流动的, 易变的"
dioxide,"n. 二氧化物
"
mine,"n. 矿, 矿藏, 地雷
vt. 挖掘, 开采, 在...布雷, 破坏
vi. 开矿, 埋设地雷
pron. 我的"
mineral,"n. 矿物, 无机物, 苏打水
a. 矿物的, 似矿物的"
grass,"n. 草, 草原, 牧场
"
crude,"a. 天然的, 未成熟的, 粗糙的, 粗鲁的
n. 天然的物质"
treatment,"n. 治疗, 待遇, 处理
"
medical,"n. 医生, 体格检查
a. 医学的, 内科的, 药的"
medicine,"n. 药, 医学, 内科
vt. 给...用药"
drug,"n. 药, 麻药, 麻醉药
vi. 吸毒
vt. 使服麻醉药, 使麻木"
diet,"n. 日常饮食, 议会
vt. 照规定饮食
vi. 忌食"
cure,"n. 治疗, 治愈, 治疗法
vt. 治疗, 治愈, 改正, 腌制, 加工处理, 使硫化
vi. 受治疗, 被加工处理, 被硫化"
surgery,"n. 外科, 手术, 手术室, 换球术"
flood,"n. 洪水, 大量之水, 涨潮
vt. 淹没, 使泛滥, 注满
vi. 被淹, 溢出, 涌进"
climate,"n. 气候, 社会趋势, 气候区
"
greenhouse,n. 温室
naturally,"adv. 自然地, 以自然力, 天生地"
circulation,"n. 流通, 循环, 发行量
"
circulate,"v. (使)流通, (使)循环, (使)传播"
heat,"n. 热, 热度, 体温, 高潮
vi. 加热, 激昂, 加剧
vt. 把...加热, 使激动"
drought,"n. 干旱, 缺乏"
path,"n. 路径, 小路, 道路, 途径, 路线, 轨道
"
access,"n. 通路, 入口, 接近, 进入, 使用权, 发作
vt. 访问, 存取, 接近, 使用
"
accessible,"a. 易接近的, 可进入的, 可使用的, 易受影响的, 可理解的"
channel,"n. 海峡, 航道, 频道
vt. 引导, 在...上挖沟, 形成河道
"
route,"n. 路径, 途径, 路线
vt. 确定路线, 按规定路线发送
"
via,"prep. 经由, 经过, 通过
"
disease,"n. 疾病, 弊病
"
patient,"n. 病人, 承受者
a. 忍耐的, 容忍的, 有耐性的, 坚忍的"
sick,"n. 病人
a. 不舒服, 有病的, 恶心的, 厌恶的, 渴望的, 病态的
vt. 呕吐, 追击, 使(狗)去攻击"
injury,"n. 伤害, 侮辱
"
injure,"vt. 伤害, 损害, 使受冤屈
"
obesity,"n. 肥胖
"
sign,"n. 符号, 招牌, 征兆, 正负号, 手势
vt. 签名, 打手势表达
vi. 签名
"
signal,"n. 信号, 暗号, 近因, 导火线
vt. 向...作信号, 标志, 用信号通知
vi. 发信号
a. 作为信号的, 显著的
"
signify,"vt. 象征, 预示
vi. 要紧, 重要"
label,"n. 标签, 称号, 商标, 标志
vt. 贴标签于, 标注
"
code,"n. 代码, 密码, 法规, 法典
vt. 把...编码
"
index,"n. 索引, 指针, 指数, 指标
vt. 编入索引中, 指出
vi. 做索引
"
symbol,"n. 符号, 象征, 代号, 信条
"
snack,"n. 小吃, 点心, 快餐
vi. 吃零食, 吃快餐"
crop,"n. 农作物, 产量, 平头
vt. 收割, 修剪, 种植
vi. 收获
"
seed,"n. 种子, 籽, 萌芽, 子孙, 精液
vt. 在...播种, 催...发育, 脱...籽
vi. 结实, 播种"
raw,"n. 擦伤处, 半成品
a. 生的, 未加工的, 生疏的, 不成熟的, 阴冷的, 刺痛的, 擦掉皮的
vt. 擦伤
"
alcohol,"n. 酒精, 酒
"
corn,"n. 玉蜀黍, 谷类, 谷粒, 鸡眼
vt. 使成颗粒, 腌"
grain,"n. 谷粒, 颗粒, 谷类, 纹理, 本质
v. (使)成谷粒"
valley,"n. 山谷, 溪谷, 流域, 凹地
"
coast,"n. 海岸, 滑坡
v. 沿海岸而行"
wild,"n. 荒野, 荒地
a. 野性的, 野蛮的, 野生的, 失控的, 任性的, 杂乱的, 轻率的, 狂热的, 疯狂的
adv. 狂暴地, 失控地"
continent,"n. 大陆, 洲
a. 自制的"
plain,"n. 平原, 草原, 朴实无华的东西, 无格式
a. 简单的, 明白的, 平常的, 不好看的, 朴素的, 清晰的, 普通的, 平坦的, 十足的
adv. 清楚地, 显然地
"
marine,"n. 舰队, 水兵, 海景画
a. 海的, 海产的, 海底的, 船舶的, 海运的"
stream,"n. 水流, 小河, 流出, 趋势, 人潮
vt. 流出, 流动, 展开
vi. 流, 涌, 飘扬
"
shore,"n. 海岸, 海滨, 斜撑柱
vt. 把...送上岸, 支撑, 支持"
vehicle,"n. 交通工具, 车辆, 传播媒介
"
ship,"n. 船, 舰
vt. 以船运送, 装船, 运送
vi. 上船, 乘船"
flight,"n. 飞行, 射程, 逃走, 飞跃, 飞机航程, 班机, 迁徙, 飞逝
vi. 迁徙
vt. 射击(飞禽), 为(箭)装上羽毛, 使惊飞"
truck,"n. 卡车, 货车, 对...进行交易, 来往, 实物工资, (供应市场的)蔬菜, 废物, 废话
vt. 对...进行交易, 交往, 以卡车运输
vi. 驾驶卡车, 以物易物"
threat,"n. 恐吓, 恶兆, 威胁
"
threaten,"vt. 恐吓, 威胁, 预示...的凶兆
vi. 威胁, 恫吓, 可能来临"
force,"n. 力量, 武力, 势力, 影响力, 军队, 力, 效力
vt. 强迫, 强夺, 推动, 提高
"
suspect,"n. 被怀疑者, 嫌疑犯
a. 令人怀疑的, 不可信的, 可疑的
v. 怀疑, 猜想"
discrimination,"n. 差别, 岐视, 辨别力
"
rival,"n. 对手, 竞争者
a. 竞争的"
prejudice,"n. 偏见, 成见, 侵害
vt. 使存偏见, 使有成见, 侵害"
fierce,"a. 凶猛的, 猛烈的, 热烈的, 暴躁的"
compel,"vt. 强迫, 迫使"
aggressive,"a. 侵略的, 挑畔的, 进取的
"
skeptical,"a. 怀疑论的, 怀疑的, 不可知论的
"
hostile,"a. 敌人的, 怀敌意的, 敌对的
n. 敌对分子"
violent,"a. 暴力的, 猛烈的, 激烈的, 极端的, 凶暴的"
anxious,"a. 忧虑的, 发愁的, 渴望的"
anxiety,"n. 焦虑, 忧虑, 令人焦虑的事
"
concern,"n. 关心, 忧虑
vt. 与...有关, 使担心, 使挂念"
pressure,"n. 压, 榨, 按, 强制, 压力, 压迫, 压强
vt. 迫使, 使增压, 密封"
stress,"n. 压力, 紧迫, 强调, 重音, 重点, 应力
vt. 加压力于, 着重, 重读"
nervous,"a. 神经紧张的, 不安的, 神经的
"
hesitant,"a. 迟疑的, 踌躇的, 犹豫不定的"
opinion,"n. 意见, 评价, 主张
"
regard,"n. 关心, 注意, 尊敬, 关系, 问候
vt. 视为, 注意, 考虑, 和...有关, 看待
vi. 注视, 注意"
attitude,"n. 态度, 看法, 姿势
"
perspective,"n. 远景, 透视感, (观察问题的)视角, 透视法, 看法, 透视图
a. 透视的, 透视法的
"
comment,"n. 注解, 批评, 评论, 备注
vi. 评论, 注解
"
remark,"n. 评论, 注意
vt. 评论, 注意
vi. 评论, 谈论
"
remarkable,"a. 不平常的, 值得注意的, 显著的"
deem,"v. 认为, 相信"
approve,"vt. 赞同, 核准, 为...提供证据
vi. 赞许"
adopt,"vt. 采用, 正式通过, 收养, 接受
"
accept,"vt. 接受, 承认, 同意, 相信, 赞成, 承担, 承兑, 采纳, 接纳, 容忍
vi. 同意"
admit,"vt. 承认, 接受, 允许进入, 容许
vi. 开向, 容许, 承认"
recognize,"vt. 认出, 认可, 承认, 公认, 识别, 赏识
vi. 承认, 具结"
recognition,"n. 赞誉, 认得, 识别, 承认, 认可, 认识
"
acknowledge,"vt. 承认, 告知收悉, 答谢, 报偿
"
grant,"n. 授予, 授予物, 允许
vt. 允许, 承认, 授与
"
positive,"a. 肯定的, 积极的, 有把握的
"
negative,"n. 否定, 否定语, 负数, 底片
a. 否定的, 消极的, 负的, 阴性的
n. 负数, 负值
"
conventional,"a. 传统的, 习惯的, 约定的
"
bright,"a. 明亮的, 聪明的, 鲜明的, 欢快的
adv. 明亮地, 欢快地"
objective,"n. 目的, 目标, 宗旨, 宾格, 实物
a. 客观的, 如实的, 无偏见的, 宾格的"
optimistic,"a. 乐观的, 乐观主义的, 乐天的"
proud,"a. 骄傲的, 自大的, 自豪的, 辉煌的, 壮丽的"
pride,"n. 骄傲, 自尊心, 自豪, 精华, 勇气
vt. 以...自豪"
sympathetic,"a. 有同情心的, 合意的, 赞成的
n. 交感神经, 容易感受的人"
inspire,"vt. 使感动, 激发, 启示, 吸入, 鼓舞, 产生, 使生灵感
vi. 吸入, 赋予灵感"
motivate,"vt. 给与动机, 刺激, 提高...的学习欲望, 促动
"
motivation,"n. 动机, 刺激, 推动
"
motivated,"a. 有动机的, 目的明确的"
incentive,"n. 动机
a. 激励的"
prompt,"n. 激励, 提示, 提醒物, 提词, 付款期限
a. 迅速的, 敏捷的, 立刻的, 提词员的
vt. 激励, 鼓动, 提示
adv. 准时地
"
stimulate,"vt. 刺激, 激励, 鼓舞
vi. 起刺激作用"
stimulus,"n. 刺激, 激励, 刺激品
"
trigger,"n. 触发器, 扳机
vt. 触发, 发射, 引起
vi. 松开扳柄
"
activate,"vt. 使活动, 使激活, 正式建成
vi. 有活力"
spur,"n. 马刺, 刺激物, 鼓舞
vt. 刺激, 激励, 用马刺策(马)前进
vi. 用马刺驱马, 疾驰"
arouse,"vt. 唤醒, 鼓励, 引起
vi. 醒来"
spark,"n. 火花, 火星, 闪光, 无线电报务员, 瞬间放电, 活力, 朝气, 花花公子, 情郎
vi. 闪光, 发火花, 求婚
vt. 发动, 鼓舞, 使有朝气, 求婚"
favor,"n. 好意, 喜爱
vt. 赐予, 支持, 喜欢, 证实"
favorable,"a. 有利的, 赞许的, 良好的"
attractive,"a. 吸引人的, 有魅力的
"
attraction,"n. 吸引, 吸引人的事物, 吸引力
"
preference,"n. 偏爱, 优先, 喜爱物
"
appreciate,"vt. 赏识, 鉴别, 为...而感激, 领会, 欣赏
vi. 增值, 涨价"
passion,"n. 激情, 酷爱, 热爱, 强烈感情, 耶稣受难(故事)"
intimate,"a. 亲密的, 私人的, 秘密的
vt. 暗示, 通知, 告诉
n. 至交"
enthusiasm,"n. 巨大的热情, 热心"
enthusiastic,"a. 狂热的, 热心的, 热烈的"
keen,"a. 锋利的, 敏锐的, 强烈的, 敏捷的, 热心的, 渴望的
n. 挽歌, 痛哭
v. 唱挽歌, 痛哭"
indulge,"vt. 纵情于, 使高兴, 放任, 迁就
vi. 沉溺"
obsess,"vt. 迷住, 使困扰"
admire,"vt. 赞美, 钦佩, 爱慕
vi. 称赞, 惊奇"
mental,"a. 心智的, 精神病的, 心理的, 颏的
n. 精神病患者"
mind,"n. 思想, 愿望, 智力, 记忆, 心理, 情绪, 理智, 主意, 心意
vi. 介意, 注意, 留心
vt. 注意, 留意, 专心于, 照看, 介意"
psychological,"a. 心理学的, 精神上的, 心灵的
"
psychology,"n. 心理学, 心理状态
"
psychologist,"n. 心理学家
"
emotional,"a. 情绪的, 情感的
"
emotion,"n. 情绪, 激动, 强烈的情感
"
mood,"n. 心情, 气氛, 生气, 基调
"
expect,"vt. 预期, 盼望, 期待"
expectation,"n. 期待, 指望, 展望
"
unexpected,"a. 料想不到的, 突然的, 意外的
"
predict,"v. 预知, 预言, 预报"
unpredictable,a. 不可预知的
prediction,"n. 预言, 预报
"
anticipate,"vt. 预期, 占先, 加速, 提前使用
"
prospect,"n. 景色, 展望
vt. 勘探, 勘察
vi. 勘探, 有前途"
prospective,"a. 预期的, 将来的
"
desire,"n. 欲望, 要求
vt. 想要, 请求
vi. 渴望"
undesirable,"a. 不受欢迎的, 不合乎社会道德标准的
"
pursue,"vt. 追赶, 追踪, 追随, 追求, 实行, 继续, 从事
vi. 追赶, 继续"
pursuit,"n. 追踪, 追求, 追赶, 娱乐, 职业
"
attempt,"n. 尝试, 企图
vt. 尝试, 企图"
eager,"a. 热心的, 渴望的, 热望的"
ambitious,"a. 有野心的, 抱负不凡的, 雄心勃勃的"
ambition,"n. 野心, 志向"
aspiration,"n. 热望, 志向, 渴望
"
desperate,"a. 不顾一切的, 危急的, 令人绝望的, 极渴望的"
cautious,"a. 谨慎的, 小心的"
caution,"n. 小心, 慎重, 警示
vt. 警告
"
warn,"vt. 警告, 提醒, 通知
vi. 发出警告"
warning,"n. 警告, 预告, 预兆, 通知
"
notice,"n. 注意, 布告, 通知, 预告, 短评
vt. 注意, 通知, 评论, 提及, 关注
vi. 注意"
preparation,"n. 准备, 预备, 预习
"
alert,"a. 警觉的, 灵敏的, 留心的
n. 警报
vt. 使警觉, 通知, 使意识到"
oppose,"vt. 反对, 以...对抗, 抗争
vi. 反对"
opposition,"n. 反对, 敌对, 相反, 在野党
"
reluctant,"a. 不情愿的, 勉强的
"
reject,"n. 被拒之人, 被弃之物, 不合格品, 次品
vt. 拒绝, 抵制, 否决, 驳回, 丢弃, 呕出"
refuse,"vt. 拒绝, 谢绝
vi. 拒绝
n. 废物
a. 扔掉的, 无用的"
deny,"v. 否认, 拒绝"
willing,"a. 乐意的, 自愿的, 甘愿的"
unwilling,"a. 不愿意的, 勉强的
"
willingness,"n. 乐意, 心甘情愿, 愿意"
belief,"n. 信念, 相信, 信仰"
intend,"vt. 计划, 打算, 意思是
"
intention,"n. 意图, 目的, 含义
"
fear,"n. 恐怖, 害怕, 担心
v. 害怕, 恐惧, 为...担心, 敬畏"
shock,"n. 震动, 冲突, 震惊, 冲击, 突击, 禾束堆, 休克, 长毛狗
vt. 使震动, 使休克, 使受电击, 震惊得
vi. 震动, 吓人
a. 蓬乱浓密的"
scary,"a. 容易受惊的, 胆小的, 提心吊胆的"
panic,"n. 恐慌, 惊慌
a. 惊慌的, 没有理由的, 恐慌的
vt. 使惊慌, 使狂热
vi. 惊慌"
horrible,"a. 可怕的, 遭透的, 极讨厌的"
confidence,"n. 信心
"
indifferent,"a. 漠不关心的, 无重要性的, 中立的
"
calm,"n. 平稳, 风平浪静
a. 平静的, 冷静的
vi. 平静下来, 镇静
vt. 使平静"
patience,"n. 耐性, 忍耐"
pleasant,"a. 愉快的, 可爱的, 活泼的, 亲切的"
enjoyable,"a. 可从中得到乐趣的, 令人愉快的"
pleasure,"n. 快乐, 愉快, 令人高兴的事, 娱乐, 希望
v. (使)高兴"
glad,"a. 高兴的, 喜欢的, 情愿的"
satisfaction,"n. 满足, 满意, 快事, 赔偿, 赎罪, 报仇的机会
"
satisfy,"vt. 使满意, 满足, 符合, 使确信, 赔偿
vi. 令人满意, 替人赎罪"
upset,"a. 弄翻的, 混乱的, 心烦的
vt. 弄翻, 颠覆, 推翻, 打乱, 使不适, 使心烦
vi. 翻倒"
depression,"n. 不景气, 消沉, 沮丧, 洼地
"
frustration,"n. 挫折, 顿挫
"
bitter,"a. 苦的, 痛苦的, 怀恨的
adv. 刺骨
v. (使)变苦"
puzzle,"n. 难题, 迷惑
vt. 使困惑, 使为难
vi. 迷惑, 苦思"
confuse,"vt. 使混乱, 使狼狈, 使困惑
"
confusion,"n. 混乱, 混淆, 无秩序
"
confused,"a. 困惑的, 混乱的"
curiosity,"n. 好奇心, 新奇的事物, 珍品"
curious,"a. 好奇的, 求知的, 古怪的"
