a collection of,"一批,一组"
a couple of,"一对..., 三两个..."
a range of, 一系列; 一些; 一套
a series of,"一系列..., 一批..."
a variety of,"各种各样的..., 种种..."
above all,"尤其是, 首先"
access to,有权使用
accuse sb. of sth.,"un. 控告
"
adapt to sth.,适应…;适合…
add to,"na. 增加
"
after all,毕竟
agree with,"同意…,与…意见一致;适应…"
aim at,"v. 目的在于
"
aim to do sth.,[网络] 打算做某事；指望做某事；意欲
allow for sth.,"虑及, 体谅"
along with,"与…一道,与…一起,连同…"
apart from,除了...之外
appeal to sb. to do sth.,无
apply to do sth.,无
approve of,"赞成,批准…"
arise from,"从…中产生,由…而引起"
as a result of,作为结果
as for,至于
as to,"根据,按照,依照;关于,至于,就…而言"
as if,"na. 彷佛；活像
"
as though,"好像, 仿佛"
as opposed to,"完全不同, 截然相反, 反对, 对照"
as well as,"也, 又"
as long as,只要...
so long as,只要
ask for,"na. 要(价)；来找
"
at all,[网络] 高的
at first,起先
at least,"至少
"
at present,"现在, 目前"
at risk,"un. 担风险
"
at stake,"危如累卵, 在危险中"
at the rear of,无
at will,"随意, 任意"
attach importance to,重视
be absorbed in,"全神贯注于, 专心于"
be accessible to,"可以进入,拿得到,对…开放,易受…影响"
be addicted to,沉迷于…
be amazed at, 对…感到惊讶；对…感到害怕
be applicable to,(适)用于
based on,[计] 基准样式
be based on,"以…为基础,以…为根据"
be beneficial to,有益于
be biased against,"na. 对…抱有偏见
"
be bound to,"肯定,必然,注定;保证做某事,有义务做某事"
cautious about,谨慎于…
be cautious about,无
be composed of,由...组成
be concerned with,"涉及..., 与...有关"
be confined to,"限制, 禁闭"
confronted with,[网络] 面对；遭遇到
be confronted with,面临
conscious of, 意识到
be conscious of,意识到...
be considered as,被认为/看作是...
be contented with,无
be dependent on,"依靠, 依赖"
be deprived of,"被剥夺了…,失去…"
be discriminated against,无
be doubtful about,无
be eager to,"盼望,渴望"
eligible for,适宜于；有…的资格的，合格的
be eligible for,"适合…,有资格…"
be equal to,"胜任, 相等, 合适"
be equipped with,"配备有,装备有…"
be essential for,[网络] 对……至关重要；对……很必要；对…很重要
be exposed to,"[计] 曝光, 曝露"
be faced with,"面对,面临着…"
be famous for,"因…而出名,以…着称"
be fed up with,"饱受,厌烦"
be fit to do sth.,无
be good at sth.,擅长
be good at doing sth.,无
be helpful to,"v. 有助于；对…有
"
be hesitant about,无
be impressed with,"na. 深感；为…所感动
"
incorporate into,使成为…的一部分
incorporated into,无
be incorporated into,[网络] 并入；被编织成
be indifferent to,对…漠不关心
be inferior to,"劣于..., 比...差"
be interested in sth.,对…很感兴趣
be interested in doing sth.,无
be involved in, 涉及，专心; 卷入
get involved in, 涉及
be keen on,喜爱
be known as,被认为是
be known for,因...而众所周知
be likely to do sth.,无
be meant to do sth.,照道理[照规矩]应该
be obliged to do sth.,无
be obsessed with,被…困扰
be opposed to sth.,"反对..., 与...相对"
be peculiar to,是...所特有的
be ready to do sth.,[网络] 准备做某事；准备好做某事；为做某事做好了准备
related to,与…有关
be related to,"与...有关, 和...有联系, 和...有亲戚关系"
be related with,[网络] 与…有关系；与…相关
be reluctant to do sth.,无
be resistant to sth.,"抵抗...的, 对...有耐药力的"
be responsible to,[网络] 对某人负责；向……负责；对…负责
be satisfied with,对...感到满意
be dissatisfied with,对…不满意
be short of,"缺乏..., ...不足"
be similar to,与...相似
be skeptical of,无
be skeptical about,无
be strict with sb.,"对...严格, 对...严历"
be subject to,"受支配, 从属于, 可以...的, 常遭受..."
be suitable for,"适合…,适用于…"
be superior to,"优于…,胜过…,比…更优越;不受…影响,不为…所动"
be susceptible to,"易患..., 对...敏感"
be tolerant of,"忍耐,容忍,对…有忍耐力"
be unlikely to do sth.,无
be up to sb.,"胜任,达到,由…负责"
be up to sth.,"胜任,达到,由…负责"
be used to doing sth.,无
be vital to sth.,对...极端重要
be vulnerable to,易受...的伤害
be willing to do sth., 愿意做某事
worth doing sth., 值得做；物有所值
be worth doing sth.,无
be better off doing sth.,无
better off, 比较富裕; 情况好转
break up,"v. 拆散；打碎；剖割(兽体等)；破坏
"
bring about,"na. 造成；带来；【航】(使船)回转
"
bring down,na. 降低；击落；削减；使落下
build up,"树立, 增进, 增大, 堵塞
"
by chance,"偶然, 也许"
by no means,决不
by contrast,"对比起来, 与之相比, 相反地"
in contrast,"比较起来, 相反地, 而"
call for,"叫(某人)来, 要求, 为...叫喊, 为...叫"
calm down,"平静下来, 镇定下来"
care about,担心
carry out,"na. 实行；开展；完成
"
catch up with,赶上
cling to,"依附, 依靠, 坚持"
combine A with B,无
come to terms with ...,"与…达成协议,慢慢习惯"
come up against,突然碰到
come up to,"达到, 等于"
come up with,"赶上, 提出"
compare with,"比较…,跟…相比,比得上…"
compete against,与…竞争
compete with,与…竞争
complain about,抱怨
conform to,"符合, 遵照"
conform with,与…一致
contrary to,与…相反
contribute to sth.,捐献
cope with,"与...竞争, 应付, 处理"
cover for,代替
cover up,"na. 包庇(某人)；为某人打掩护；蒙盖；隐蔽
"
cut down,"na. 砍倒；削减；减价；夺去…活动力
"
deal in,"na. 买卖(货物)；办理；经营
"
depend on,"依靠, 依赖"
depend upon," 依赖, 依靠"
derive from,"得自, 由来, 衍生"
die of,"死于…,因…而死"
die from,"[法] 由于...而死, 死于"
die out,"熄灭, 平息, 消失"
discourage sb. from doing sth.,无
distinguish A from B,把(甲)和(乙)区别开来
do away with,"废除, 弄死"
do harm to, 损害。。。，伤害。。。; 残害
draw a conclusion from,由...得出结论
earn a living,"谋生,挣钱,自食其力"
equip ... with ..., 装备，配备
exert an influence on,对…施加影响
fail to do,"未能(做)..., 没能(做)..."
fall short of,"没有达到标准, 不够, 不足"
find out,"na. 查出；发现；看清…的面目；识破
"
fit into,适合
focus on, 致力于; 使聚焦于; 对（某事或做某事）予以注意; 把…作为兴趣中心
for a while,暂时
for example,例如
for free,免费地
for instance,"例如
"
get along with,"进展, 走开"
get over,"爬过, 克服, 熬过, 恢复, 原谅"
give in,"na. 让步；屈服；投降；上交
"
give up,"na. 放弃；断绝；投降；自首
"
go for,"去找, 努力获取, 被认为, 主张, 拥护"
go into,"进入, 加入, 探究, 变得, 进入...状态
"
go wrong,"走错路, 出毛病, 失败"
have a knowledge of,无
have an influence on,对...有影响
have an impact on,对…有影响
hold on to,坚持
hold up,"举起, 支撑, 继续下去, 阻挡, 拦截
"
impose ... on,"v. 强迫；欺骗
"
in addition,另外
in addition to,"另外, 加之, 除…之外还"
in detail,详细地
in effect,"有效
"
in fact,"事实上
"
in fear of,"害怕,担心,为…提心吊胆"
in general,大多数
in particular,特别
in place of,"代替
"
in public,当众
in pursuit of, 追求，寻求
in return,作为报答
in terms of,"用...的话, 根据, 按照, 在...方面
"
in time,"na. 经过一段时间以后；早晚；在恰好的时候；和…合拍
"
in turn,"na. 挨次
"
in vain,"徒然
"
inform sb. of,"v. 通知关于
"
in fashion,"时髦,流行,合潮流"
out of fashion,"不合时尚,不时兴的,过时"
insist on doing sth.,[网络] 坚持做某事；坚持要做；坚持要做某事
instead of,代替
isolate from ...,使与…隔离；使与…分离；使孤立
keep away from,(使)远离，(使)不接近；(使)不在
keep a promise,"遵守诺言, 履行诺言
"
break a promise,"不守诺言
"
keep up with,"跟上
"
lack of, 缺乏
later on,稍后
lay off,"na. 辞退；停止；暂停
"
lead to,"导致, 通向"
lie in,"在于..., 分娩, 睡懒觉"
live on,"继续生活, 以...为主食, 靠...生活"
live up to,"实践, 做到"
look after,"目送, 照顾, 关心"
look at,"看, 考虑, 着眼于"
look down upon, 蔑视，瞧不起; 鄙夷; 看轻; 掩鼻而过
look for,"寻找, 期待"
look forward to sth.," 期望, 盼望; 瞩望; 属望; 企"
look forward to doing sth.,无
look into,"窥视, 浏览, 观察
"
make a bargain,"达成协议,达成妥协"
make a difference,"有区别,有很大关系"
make a fuss,大惊小怪
make an effort to do sth.,努力(做)...
make for,"走向, 有利于, 倾向于"
make up,"na. 弥补；起草；定；签订
"
make up one's mind,"下决心, 接受, 承认"
make use of,使用
mark down,"记下, 标低价格
"
mistake ... for ...,错认
mix up,"na. 调匀；混淆；使结交坏朋友；【拳击】猛烈互击
"
no longer,不再
no more than,na. 某乙也不
not any more,"不再, 不比...多"
not only ... but ...,无
not only ... but also ...,[网络] 不仅……而且；不但而且；两个不仅……而且
on average, 平均起来
on the contrary,"正相反
"
on the one hand ...,在一方面
on the other hand ...,另一方面
on time,"准时
"
once in a while,偶尔
only if,只要...就
originate from,发源于
other than,"不同于, 除了"
ought to,应该
owe ... to,"v. 由于；把…归功于
"
pass on,"na. “pass away”的变体；递；传达；通过
"
pay attention to,注意
pay for,付...款
pick up,"v. 拾起；探出；重新开始
"
play a role in ...,在...起作用
point of view,"观点
"
point out,"na. 指出
"
pose a challenge to ...,无
prefer to do sth.,[网络] 更喜欢做某事；宁愿做某事；宁可做某事
prefer A to B,宁要(甲)不要(乙)
prevent sb. from doing sth.,无
protect sb. from ...,保护
protect sb. against ..., 保护，保卫
protect sth. from ...,保护
protect sth. against ..., 保护，保卫
provide sb. with sth.,"v. 供给；供应
"
provide sth. for ...,"v. 为…作准备
"
put on,"na. 假话
"
put up with,"忍受, 容忍
"
put emphasis on,强调；着重于；强调；着重在，重视
place emphasis on,"强调,重视,着重于…"
lay emphasis on,"强调,重视,着重于…"
rather than,与其...不如...
refer to,"v. 查阅；提到
"
reflect on,"深思, 反省, 导致, 招致非议"
refrain from doing sth.,无
regard ... as,把...认作
regardless of,"不注意, 不关心"
rely on,"依赖, 依靠"
remind sb. of,"v. 提醒
"
resort to,"诉诸于, 采取
"
result from ...,"由...产生
"
run into,"跑进, 撞上, 遭遇, 陷入, 达到"
run out,"na. 耗尽；用光；过有效期；失效
"
run through,"跑着穿过, 刺, 戳, 排练, 挥霍, 贯穿"
see ... as,[网络] 视…为；看作；看作为
see through,"na. 看穿；看透；识破；办好某事
"
serve as,"被用作..., 充当..., 起...的作用"
set up,"na. 建立；创立；发起；开办
"
show up,"na. 显眼；揭发；嘲笑；露面
"
slow down,(使)慢下来
so far,迄今为止
so that,所以
sooner or later,迟早
speed up,"加速
"
square ... with ...,"v. 与…相符合
"
stick to,粘住
stress sb. out,[网络] 压力过大；经历极大压力；压力大
struggle with,"向…作斗争,同…搏斗"
such as,"例如..., 像这种的"
suffer from,"忍受, 遭受
"
take ... apart,"na. 分解；拆分；剖析
"
take part, [体]参加比赛
take advantage of,"v. 利用
 欺骗, 占…的便宜"
take care of,"照顾
"
take on,"na. 担任(工作等)；较量；装(某种样子)；呈现(形势)
"
take over,"na. 接管；继承
"
take place,"na. 发生；举行
"
tend to do sth., 倾向于做某事
tend to sb.,"注意, 趋向"
tend to sth.,"注意, 趋向"
the same as ...,"与...相同, 与...一致"
think about,"考虑, 回想"
think of sb.,"考虑, 关心, 想起, 记起, 想像, 有...的看法"
think of sth.,"考虑, 关心, 想起, 记起, 想像, 有...的看法"
think about sb.,"考虑, 回想"
think about sth.,"考虑, 回想"
throw away,"na. 抛弃；浪费；拒绝(劝告)；失去(机会)
"
tidy up,整理
try out,"na. (采用前)严密试验；筛矿；量(金属的)纯度
"
turn around,"na. 转身；〈美〉使向好的方向转变
"
turn down,"na. 翻下(衣领等)；扭小(灯火等)拒绝考虑；拒绝(某人)
"
turn into,[网络] 了解
turn off,"v. 关掉
"
turn on,"na. 转向；对…进行突击
"
turn out,"v. 证明；原来；到场
"
turn over,"na. ￡ 500 a week 每星期卖得五百镑
"
turn to sth.,"转向, 变成, 求助于, 起劲地开始行动"
turn to sb.,"转向, 变成, 求助于, 起劲地开始行动"
turn to sth.,"转向, 变成, 求助于, 起劲地开始行动"
turn up,"v. 朝上翻；出现
"
under no circumstances,"在任何情况下都不,决不"
up to date,"最近的, 最新的
"
use up,"na. 用完；耗尽
"
view ... as,"把...看作..., 认为...是..."
warn sb. about,v. 就…提出警告
warn sb. of,"na. 警告(某人)有危险
"
warn against doing sth.,无
watch out for,"戒备, 提防, 密切注意"
wipe out,"na. 擦去；【无线】遮蔽；遮蔽地域；【信】封闭
"
work on,"继续工作, 设法说服, 影响"
work out,"v. 作出；拟定；制定；计划一下
"
wrap ... up,"na. 包起来；包好；穿暖和些；〈非正式〉完成
"
Mid-Autumn Festival,中秋节
Mid-Autumn Day,无
mooncake,n. 月饼
lunar month," 朔望月, 太阴月"
to worship the moon,无
family reunion,"合家欢聚,家族团聚"
family gathering,无
harvest,"n. 收获, 成果, 收获物, 收获期
v. 收割, 收获"
celebrate,"v. 庆祝, 祝贺, 举行"
custom,"n. 习惯, 风俗, 海关, 自定义
a. 定制的
"
Chinese cultural heritage,无
Tang Dynasty,"n. 唐朝
"
Song Dynasty,[网络] 宋朝；宋代；南宋末年
Han Dynasty,汉朝
Ming Dynasty,[网络] 明朝；明代；明王朝
Chinese character,[计] 汉字
calligraphy,"n. 笔迹, 书法"
precious artwork,无
the Four Great Classic Novels in Chinese literature,无
the Four Great Inventions of ancient China,无
papermaking,"n. 造纸, 造纸业, 造纸学"
gunpowder,"n. 火药
"
compass,"n. 指南针, 范围, 音域
vt. 包围, 达到, 图谋, 理解"
printing,"n. 印刷, 印刷术, 印花
"
movable type printing,[网络] 活字印刷术；活版印刷
handicraft industry,[经] 手工业
porcelain,"n. 瓷器, 瓷
a. 瓷制的"
water clock,"n. 水钟, 滴漏; 漏壶; 漏刻"
sundial,"n. 日规, 日晷"
an instrument used to detect earthquakes,无
longevity,"n. 长命, 长寿, 寿命
"
blessing,n. 祝福
harmony,"n. 协调, 和睦, 调和
"
landlord,"n. 房东, 地主
"
tenant,"n. 承租人, 房客, 居住者
vt. 租借
"
Chinese civilization,[网络] 中国文明；中华文明；华夏文明
Confucianism,"n. 孔子思想, 儒家思想"
Taoism,n. 道教
Daoism,n. 道教
scholar,"n. 学者, 奖学金获得者, 有文化者, 学习者"
to chant poems,无
to collect medicinal herbs,无
to gather medicinal herbs,无
to weave or sew clothes,无
to cut firewood,无
to play chess,无
to farm and harvest,无
rural life, 农村生活
the traditional hospitality,无
cold dishes, 冷菜；冷菜类
hot dishes, 热菜类
western specialties,无
traditional Chinese dishes,无
feast,"n. 宴会, 酒席, 享受, 节日
vt. 款待, 享乐, 请客
vi. 参加宴会, 尽情地吃, 享受"
banquet,n. 宴会
Manchu ethnic group,无
national costume, 民族服装
cultural exchanges, 文化交流
patriotic poets,无
dragon boat racing,无
dragon boat race, [体]赛龙舟
the State of Chu,无
Silk Road,丝绸之路
to meet Chinese market demands,无
to satisfy Chinese market demands,无
export,"n. 输出品, 输出
vt. 输出, 出口
vi. 输出物资
"
import,"n. 进口货, 进口, 输入, 含义, 重要性
vt. 输入, 引入, 进口, 含...的意思, 重要
vi. 有关系
"
commodity,"n. 农产品, 商品, 有用的物品
"
merchandise,"n. 商品, 货物
v. 交易, 买卖"
product,"n. 产品, 结果, 乘积
"
the reform and opening-up policy,无
planned economy,"计划经济
"
market-based economy,无
socialist market economy, 社会主义市场经济
an average GDP growth rate of 10% per year,无
to lift ... out of poverty,无
to eliminate extreme poverty,无
the UN Millennium Development Goals,无
annual economic growth target,无
health care, 卫生保健
social security,"n. 社会保障, 社会保险; <美>政府的公共福利计划"
invest,"vt. 投资, 花费, 笼罩, 授予
vi. 投资, 利用"
investment,"n. 投资
"
urban population,[法] 城市人口
urbanization process,无
historical moments,无
be both a challenge and an opportunity,无
people-oriented developing concepts,无
resource-saving and environment-friendly society,无
international communities,无
newly-developed,[网络] 新发展的；新近发展起来的
special economic zone,"[经] 特别经济区, 经济特区"
change,"n. 变化, 找回的零钱, 找头, 更换
vt. 改变, 更换, 兑换"
comprehensive economic strength,无
entrepreneurs at home and abroad,无
domestic and foreign entrepreneurs,无
with the improvement of living standards,无
to make a living,无
economic boom,经济繁荣
outbound tourism,出国观光；出国旅游
tourism consumption,无
expenditure,"n. 开支, 费用, 用光, 消费额
"
food security,"n. 粮食安全；粮食保障
"
public health,[医] 公共卫生
output,"n. 输出, 产品, 产量
"
to upgrade industry,无
high speed train,[网络] 高速列车；高铁；高速火车
ocean vessel,[经] 海船
high speed rail,[网络] 高速铁路；高铁；高速铁路计划
to sign a contract,无
to facilitate market economy and urbanization,无
municipal government, 市政; 市政府
migrant workers,"un. 农业季节工人
"
rural and underdeveloped,无
less developed areas,无
service industry,n. 服务行业
commercialize,"vt. 使商业化, 使商品化, 使能营利, 在...发展商业
"
consumer market,[经] 消费者市场
to promote the development of organic farming,无
to promote the development of organic agriculture,无
sustainable development strategy,无
blueprint,"n. 蓝图, 设计图, (周详的)计划
vt. 制成蓝图, 计划"
well-off middle class,无
international rank,无
metropolis,"n. 大都市, 重要中心, 首府
"
border,"n. 边缘, 边境, 边界, 花坛
vt. 在...上镶边, 接近
vi. 接界, 近似
"
orderly government,无
social stability,[法] 社会稳定
foreign trade,[经] 对外贸易
to start businesses,无
to issue paper money,无
environmental and social imbalances,无
to reduce pollution,无
to tackle pollution,无
to improve energy efficiency,无
urban transport,内交通
motor vehicles,"n. 机动车辆,汽车"
private cars,[网络] 私家车；私人汽车；私人小汽车
safe,"n. 保险箱, 冷藏室
a. 安全的, 可靠的, 平安的, 稳健的, 有把握的"
clean and economical traffic system,无
PM2.5 emissions,无
pollution sources,污染源
exhaust emissions, 排放物
coal,"n. 煤, 木炭
v. 加煤"
sandstorm and construction dust,无
treatment of urban garbage and sewage,无
forestation,"n. 造林, 植林, 护林"
water recycling factory,无
unauthorized buildings,无
illegal buildings,无
to violate the regulations of emission limitation,无
with population increasing rapidly,无
sign sb. up,"签约参加工作, 签约雇用"
extracurricular classes,无
to increase the odds of being enrolled,无
key schools,无
to enter the labor market,无
to acquire a college diploma,无
to increase the student enrollments,无
vocational colleges, 职业院校
the Ministry of Education, 教育部
to study abroad, 留学；出国留学
overseas students,[网络] 留学生；海外留学生；外国留学生
classical Chinese garden,无
landscape,"n. 风景, 山水, 风景画
vi. 从事景观美化
vt. 美化...景观
"
scenery,"n. 风景, 景色, 舞台布景"
view,"n. 视野, 风景, 见解, 视力, 观看, 视图, 指望, 意图, 印象
vt. 看, 考虑, 视察, 查看, 估量
"
miniature landscape,盆景
winding paths and corridors,无
landscape painting scroll,无
freshwater lake,淡水湖
productive fishery,无
be located in ...,"坐落于..., 位于..."
be situated at ...,无
the provincial capital,无
... above sea level,[化] 海拔高度
salt lake," 盐湖, 盐池"
saltwater lake,咸水湖
square kilometers,[网络] 平方公里；平方千米；我国面积五十万平里
intermediate stop,无
many species of,无
seasonal,"a. 季节的, 依照季节的, 周期性的
"
total river flow,无
migration route, 回游路线
flood basin,洪泛平原;洪泛区;泛洪区
the original place,无
beautiful scenery, 远山近水；美景；烟景
picturesque,"a. 生动的, 如画的, 独特的, 别致的, 栩栩如生的"
exquisite,"a. 精致的, 细腻的, 敏锐的"
to cover a large area,无
to occupy a large area,无
hot areas,无
hot fields,无
applied science,[医] 应用科学
three-D printing,无
artificial organ research,无
to remove structural barriers,无
to promote energy conservation and emission reduction,无
to facilitate energy conservation and emission reduction,无
Chinese Academy of Sciences,中国科学院
research institute, 研究所，研究机构
research and development funds,无
innovation,"n. 改革, 创新
"
innovate,"vi. 改革, 创新"
be similar to ...,与...相似
similarly,"adv. 相像地, 类似于"
likewise,"adv. 同样地, 也"
to gain popularity,无
to ride on a wave of popularity,无
to enjoy an unstoppable rise in popularity,无
to become increasingly popular,无
indispensable,"n. 不可缺少之物
a. 不可缺少的, 责无旁贷的, 绝对必要的"
essential,"n. 要素, 要点, 本质
a. 必要的, 重要的, 本质的
"
traditional,"a. 传统的, 惯例的
"
conventional,"a. 传统的, 习惯的, 约定的
"
designate,"vt. 指定, 指明, 称呼
a. 已选出而未上任的"
convey,"vt. 传达, 运输, 转让
"
reveal,"vt. 露出, 显示, 透露, 揭露, 泄露, (神)启示
n. 窗侧, 门侧"
display,"n. 显示, 陈列, 炫耀, 显示器
vt. 陈列, 显示, 表现, 夸示
"
present,"n. 现在, 礼品, 瞄准
a. 现在的, 出席的
vt. 介绍, 引见, 赠送, 提出, 呈现, 上演
vi. 举枪瞄准"
reflect,"vt. 反射, 反映, 招致, 深思
vi. 被反射, 映出, 深思, 考虑, 指责"
show,"n. 显示, 表现, 展览, 卖弄, 炫耀, 外观, 演出, 洋相
vt. 表示, 显示, 展现, 陈列, 演出, 表明, 指出, 带领
vi. 露面, 显现, 演出
"
reveal,"vt. 露出, 显示, 透露, 揭露, 泄露, (神)启示
n. 窗侧, 门侧"
unique,"a. 独一无二的, 独特的, 稀罕的"
peculiar,"a. 奇特的, 罕见的, 特殊的, 特别的
n. 特有财产, 特权"
get rid of,"摆脱, 除去"
constitute,"vt. 构成, 组成, 任命
"
form,"n. 形状, 形体, 类型, 方式, 表格, 形式
v. 形成, 排列, (使)组成
n. 表单
"
be aimed at doing sth.,无
to aim to do sth.,无
to aim for sth.,无
typical,"a. 典型的, 象征性的
"
surround,"vt. 包围, 环绕, 围绕
n. 围绕物"
ramble,"n. 漫步, 随笔
vi. 漫步, 漫谈, 漫游, 蔓延
vt. 闲逛于"
wander,"vi. 游荡, 漫步, 徘徊, 迷路, 离题, 蜿蜒
vt. 在...漫游"
stroll,"n. 闲逛, 漫步
v. 闲逛, 漫步"
elaborately designed,无
world-known,[网络] 洋名天下
world-renowned,adj. 世界著名的; 名满天下
be renowned for,"因...而著名, 以...著称"
be famous for,"因…而出名,以…着称"
a series of,"一系列..., 一批..."
a range of, 一系列; 一些; 一套
extend,"v. 扩充, 延伸, 伸展, 扩大
"
derive from,"得自, 由来, 衍生"
originate from,发源于
stem from,"起源于,出自,出身于…"
to name after,无
play an important role, 起重要作用
play an important role in,在…中起重要作用
play an important part,[网络] 起重要作用；扮演重要角色；国家中起着重要作用
play an important part in,[网络] 在…方面起重要作用；在……中起重要作用；在……起重要作用
to spread to the whole world,无
release,"n. 释放, 发泄, 豁免, 发行, 释放证书
vt. 释放, 解除, 放松, 豁免, 免除, 发布, 放弃, 让与
n. 发布
"
issue,"n. 发行, 问题, 后果, 流出, 出口, 争端
vi. 发行, 流出, 造成...结果, 传下
vt. 使流出, 放出, 发行, 发布, 发给"
facility,"n. 容易, 灵巧, 设备
"
in addition,另外
besides,"prep. 除...之外
adv. 而且, 此外"
moreover,"adv. 而且, 此外"
used to do, 过去常常做某事
that is to say,"就是, 即, 换句话说"
have no taste,无
so far,迄今为止
consist of,由...组成
include,"vt. 包括, 把...算入, 包住
"
contain,"vt. 包含, 容纳, 控制
vi. 自制"
the coming year,无
the year to come,无
highlight,"n. 加亮区, 精彩场面
vt. 加亮, 使显著, 以强光照射, 突出
"
put much emphasis on,无
lay particular stress on,无
pay more attention to,[网络] 更加注意；注重；更注重
attach great importance to,无
enhance,"vt. 提高, 加强, 增加"
improve,"vt. 改良, 提高...的价值, 改善, 利用
vi. 变得更好, 增加"
strengthen,"vt. 加强, 变坚固
vi. 变强, 股票上涨"
reinforce,"vt. 加强, 增援, 补充
vi. 求援, 得到增援
n. 加固材料"
boost,"n. 推进, 吹捧
vt. 推进, 提高, 宣扬, 促进"
for instance,"例如
"
for example,例如
such as,"例如..., 像这种的"
arise from,"从…中产生,由…而引起"
apart from,除了...之外
aside from,除...以外
focus on, 致力于; 使聚焦于; 对（某事或做某事）予以注意; 把…作为兴趣中心
to seek new breakthroughs,无
endeavor to do,无
make an effort to do,努力(做)...
attempt to do,v. 尝试去做
in an attempt to do,试图(做)...
make the best use of,"v. 充分利用
"
take full advantage of,充分利用
to provide equal opportunities,无
be largely attributed to,无
be most preferred,无
depict,"vt. 描述, 描写"
describe,"vt. 描述, 描绘, 画"
recreation,"n. 娱乐, 消遣, 休息, 再创造
"
leisure,"n. 空闲, 闲暇, 悠闲
a. 空闲的, 有闲的"
represent,"vt. 表现, 表示, 描绘, 讲述, 代表, 象征, 回忆, 再赠送, 再上演
vi. 提出异议"
stand for,"代表, 代替, 象征, 支持, 担任...的候选人
"
launch,"n. 下水, 汽艇, 发射
vt. 使下水, 发射, 发动
vi. 起飞, 下水, 投入, 开始"
at present,"现在, 目前"
currently,"adv. 现在, 当前, 一般, 普通
"
nowadays,"n. 现在, 现时, 当今
adv. 时下, 现今"
at the present time,目前
presently,"adv. 目前, 不久"
to set goals,无
demonstrate,"vt. 示范, 证明
vi. 示威"
show,"n. 显示, 表现, 展览, 卖弄, 炫耀, 外观, 演出, 洋相
vt. 表示, 显示, 展现, 陈列, 演出, 表明, 指出, 带领
vi. 露面, 显现, 演出
"
display,"n. 显示, 陈列, 炫耀, 显示器
vt. 陈列, 显示, 表现, 夸示
"
indicate,"vt. 显示, 象征, 指示, 指出
"
manifest,"n. 载货单, 运货单, 旅客名单
a. 显然的, 明白的
vi. 显示, 出现
vt. 表明, 表现, 证明"
value,"n. 价值, 价格, 购买力, 评价, 估价, 计算结果
vt. 评价, 估价, 重视
"
consider ... important,无
treasure,"n. 宝物, 财富
vt. 珍爱, 重视, 秘藏"
cherish,"vt. 珍爱, 怀有, 爱护"
think much of,认为...很不错
surpass,"vt. 超越, 凌驾, 胜过"
transcend,"vt. 超越, 胜过"
to catch up at a fast pace,无
it is estimated that ..., 估计，有人据计，据估计
advocate,"n. 提倡者, 拥护者
vt. 主张, 提倡"
call for,"叫(某人)来, 要求, 为...叫喊, 为...叫"
with this specific goal,无
convert ... to,[计] 转换至
remarkable achievement,无
reign,"v. 为王，为君；当政；统治
n. 为王，为君；当政；统治"
prosperous,"a. 成功的, 繁盛的, 幸运的
"
thrive,"vi. 繁荣, 兴旺, 茁壮成长
"
flourish,"vi. 繁荣, 茂盛, 活跃, 手舞足蹈
vt. 挥舞, 夸耀
n. 挥舞, 炫耀, 茂盛, 兴旺, 华丽词藻"
spring up,出现
consequently,adv. 所以
hence,"adv. 因此, 从此"
as a result,结果
therefore,"adv. 因此, 所以"
thus,"adv. 如此, 因此, 到如此程度
"
due to,"由于, 应归于"
owing to,"由于..., 因为..."
as a result of,作为结果
thanks to,由于
as a consequence of,"由于..., 因为..."
it is not surprising that ...,无
it is not uncommon to see ...,无
it is not rare to see ...,无
in spite of the fact that ..., 饶
it's worth mentioning that ...,无
take no account of,"不考虑, 不重视"
in one's interests,无
be subject to one's will,无
to bend to one's will,无
tend to,"注意, 趋向"
insist on doing,[网络] 坚持做某事；坚持要做；坚持要做某事
persist in doing,无
it is commendable that ...,无
to strike a balance,"结帐, 作出被认为公平的处理/调整"
when it comes to ...,当提到…
to offer assistance to,无
with regard to,关于
with respect to,"关于..., 至于...
"
concerning,"prep. 关于
"
regarding,prep. 关于
relating to,与...有关
as regards,"关于, 至于"
dramatically,"adv. 戏剧地, 引人注目地, 突然地"
conspicuously,"adv. 显著地, 超群地"
conspicuous improvements,无
to tackle the challenges,无
be involved in doing ...,无
obtain,"vt. 获得, 达到
vi. 流行, 得到公认"
gain,"n. 增益, 获得, 利润, 收获, 增加
vt. 得到, 增进, 赚到
vi. 获利, 增加
"
get,"vt. 得到, 获得, 变成, 使得, 收获, 接通, 抓住, 染上
vi. 到达, 成为, 变得
n. (网球等)救球, 生殖, 幼兽
"
acquire,"vt. 获得, 学到
"
achieve,"vt. 完成, 达到
vi. 如愿以偿"
realize,"vt. 了解, 实现, 使显得逼真, 变卖
vi. 变卖"
accomplish,"vt. 完成, 达到, 实现, 使完美"
attain,"vt. 达到, 获得
vi. 达到"
have faith in,"na. 相信
"
have every confidence in,无
place a great deal of faith in,无
rely on,"依赖, 依靠"
pay a price,为所得付出代价
at the cost of,以...为代价
at the expense of,"归...付费, 在损害...的情况下
"
contribute to,捐献
unprecedented,"a. 空前的
"
a variety of,"各种各样的..., 种种..."
all kinds of,各种各样的
range from ... to ...,"从...到...(不等), 范围从...到..."
cooperate with ...,与...合作
big data,[网络] 大数据；海量资料；海量数据
to adapt to the ever-changing and growing needs,无
to adapt oneself to the ever-changing and growing needs,无
in terms of,"用...的话, 根据, 按照, 在...方面
"
in this regard,在这点上
to go through some changes,无
meanwhile,"n. 其时, 其间
adv. 同时, 于此时"
simultaneously,"adv. 同时发生, 一齐, 同时, 同时存在"
in the meanwhile,[网络] 但是；丹麦是我们的耻辱
merely,adv. 只
simply,"adv. 简单地, 只是, 简直, 简朴地, 坦白地"
solely,"adv. 仅仅, 单独地"
nothing but,只
establish ... as ...,确立，被确认为:
experimental field,试验地
implement,"n. 工具, 器具, 手段
vt. 实现, 使生效, 执行"
undergo,"vt. 遭受, 经历, 忍受
"
with a population of,无
be equivalent to,"[计] 等价的, 等效的, 等值的"
unique status,无
prevalent,"a. 普遍的, 流行的"
popular,"a. 通俗的, 流行的, 受欢迎的, 大众的, 人民的, 普及的
"
destination,"n. 目的地, 目标, 目的
"
swarm into,涌入
approximately,"adv. 大约, 大致, 近于
"
almost,"adv. 几乎, 差不多"
about,"prep. 在...周围, 大约, 有关, 关于
adv. 大约, 四处, 在附近, 周围"
nearly,"adv. 几乎, 密切地"
close to,"接近于, 靠近于"
roughly,"adv. 概略地, 粗糙地, 粗暴地"
be confined to ...,"限制, 禁闭"
to occupy a dominant position,无
engage in,"使从事于, 参加"
to rank the first,无
account for ...,对…负有责任；对…做出解释；说明……的原因；导致；（比例）占
serve diverse purposes,无
serve multiple purposes,无
serve various purposes,无
diligent,"a. 勤勉的, 用功的"
industrious,"a. 勤勉的, 刻苦的"
hard-working,辛勤工作的
to adopt various approaches,无
era,"n. 时代, 纪元, 时期"
age,"n. 年龄, 老年, 成年, 寿命, 时代, 时期
v. 变老, 成熟"
period,"n. 时期, 节段, 节, 句点, 学时, 周期
a. 当时特有的, 过去某段时期的
interj. 就是这话, 就是这么回事"
epoch,"n. 新纪元, 时代, 时期"
advanced,"a. 在前的, 高级的, 先进的, 年老的
"
sophisticated,"a. 复杂的, 久经世故的
"
busy entertainment venue,无
competitive examination,答辩考试
vibrant,"a. 振动的, 战栗的, 响亮的, 活跃的"
gather to do ...,无
a large amount of,大量的
a great deal of,很多的
quantities of,"大量的,许多…"
plenty of,许多的
consecutively,adv. 连续地
successively,adv. 接连着地；相继地
contribute significantly to,无
be vitally important to ...,无
be of great importance to ...,无
be of great significance to ...,无
abstract,"a. 抽象的, 深奥的
n. 摘要, 抽象概念
vt. 摘要, 提炼, 使抽象化
"
acceptance,"n. 接受, 接纳, 承认, 同意, 赞同, 容忍, 相信
"
access,"n. 通路, 入口, 接近, 进入, 使用权, 发作
vt. 访问, 存取, 接近, 使用
"
accidentally,"adv. 偶然地, 意外地"
accountable,"a. 负有责任的, 可说明的, 可解释的
"
accurately,"adv. 正确地, 精确地"
accustom,vt. 使习惯于
acquire,"vt. 获得, 学到
"
additional,"a. 附加的, 另外的, 额外的
"
advantage,"n. 优点, 便利, 好处, 优势
vt. 有助于"
advocate,"n. 提倡者, 拥护者
vt. 主张, 提倡"
affect,"vt. 影响, 感动, 假装, 模仿, 爱好, 倾向于
n. 自觉感情"
affiliate,"vt. 使紧密联系, 使附属, 接纳, 收养
vi. 发生联系, 参加"
age,"n. 年龄, 老年, 成年, 寿命, 时代, 时期
v. 变老, 成熟"
allocate,"vt. 分派, 分配
"
alternatively,adv. 非此即彼
apparently,"adv. 表面上, 清楚地, 显然地"
aptly,"adv. 适当地, 适宜地"
arena,"n. 角斗场, 舞台, 场地
"
arise,"vi. 站立, 出现, 起来"
arrogance,"n. 傲慢态度, 自大"
ascend,"vi. 上升, 追溯, 登高
vt. 攀登"
assess,"vt. 估定, 对...征税, 评定
"
asset,"n. 资产, 有益的东西"
assimilate,"vt. 使同化, 吸收, 使相拟, 把...比作
vi. 被吸收, 被同化"
assume,"vt. 假定, 承担, 呈现
vi. 装腔作势, 僭越"
assumption,"n. 假定, 自负, 担任, 假装
"
attach,"vt. 附上, 使依附, 使附属, 使喜爱, 系, 缚
vi. 附属, 归属, 联系在一起
"
automatically,"adv. 自动地, 机械地"
avoid,"vt. 避免, 防止, 撤消
"
benefit,"n. 利益
vt. 有益于
vi. 受益"
beneficial,"a. 有益的, 受益的
"
bias,"n. 偏见, 斜纹
a. 偏斜的
adv. 偏斜
vt. 使有偏见
"
bother,"vt. 烦扰, 迷惑
vi. 烦恼, 操心
n. 麻烦, 纠纷, 讨厌的人"
bound,"n. 跃, 回跳, 范围, 边界
a. 受约束的, 装有封面的, 有义务的, 关联的, 被束缚的, 准备去...的, 便秘的
vi. 跳跃, 弹起
vt. 使跳, 限制, 形成...的疆界
bind过去式和过去分词
"
breath,"n. 呼吸, 气息, 瞬间
"
brilliance,"n. 卓越, 光辉
"
capacity,"n. 容量, 能力, 才能, 资格
"
capture,"n. 抓取, 战利品, 捕获之物
vt. 抓取, 获得, 迷住
"
carefully,"adv. 小心地, 谨慎地"
cater,"v. 提供饮食及服务, 投合, 迎合"
cautiously,adv. 慎重地
celebrity,"n. 名声, 名人"
chronically,"adv. 慢性地, 长期地, 习惯性地"
circulation,"n. 流通, 循环, 发行量
"
claim,"n. 要求, 要求权, 断言, 权利
vt. 要求, 认领, 主张
vi. 提出要求, 主张, 断言"
classified,"a. 分类的, 被归入某类的, 被指定为机密的
"
climatic,a. 气候的
closely,adv. 接近地
combination,"n. 组合, 合并, 联合
"
commercial,"a. 商业的, 商用的, 商品化的
n. 商业广告节目"
community,"n. 社区, 公众, 共有, 共同体
"
compact,"a. 紧凑的, 紧密的, 简洁的
vt. 使紧密结合, 压缩
vi. 变坚实"
completely,"adv. 完全地, 十分地, 圆满地"
concrete,"n. 凝结物, 混凝土
a. 具体的, 实在的, 混凝土的
v. (使)凝结, 用混凝土浇筑"
confidential,"a. 机密的, 获他人信赖的, 易于信任他人的
"
confirm,"vt. 证实, 确定, 批准, 使巩固
"
conform,"vt. 使一致, 使遵守, 使符合
vi. 一致, 符合, 适应"
confuse,"vt. 使混乱, 使狼狈, 使困惑
"
consciously,adv. 自觉地；有意识地
conserve,"n. 蜜饯, 果酱
vt. 保存, 使(能量等)守恒"
consistent,"a. 一致的, 坚持的, 并立的, 坚固的"
constrain,"vt. 强迫, 限制, 关押"
contact,"n. 联系, 交际, 熟人, 接触
vi. 接触, 联系
vt. 使接触"
contain,"vt. 包含, 容纳, 控制
vi. 自制"
contend,"vi. 奋斗, 斗争, 竞争
vt. 为...斗争"
contextual,"a. 上下文的, 前后关系的"
continuous,"a. 连续的, 继续的, 连续不断的
"
control,"n. 控制, 管理, 克制, 控制器, 操纵装置
vt. 控制, 操纵, 抑制
"
convenience,"n. 方便, 便利的事物, 方便的时候"
convince,"vt. 说服, 使相信
"
correlation,"n. 相互关系, 相关, 关联
"
credibility,"n. 可信用, 确实性, 可靠
"
currently,"adv. 现在, 当前, 一般, 普通
"
debate,"n. 辩论, 讨论
v. 争论, 辩论"
decay,"n. 衰退, 腐败
v. (使)衰退, (使)腐败"
dedicate,"vt. 献出, 贡献"
deduction,"n. 减除, 扣除, 减除额, 推论
"
definite,"a. 明确的, 一定的
"
delay,"n. 耽搁, 迟滞
v. 耽搁, 延迟
"
demand,"n. 要求, 需求, 需要
v. 要求, 查询"
dependent,"n. 依赖他人者
a. 依赖的, 从属的"
deprivation,"n. 剥夺, 剥夺官职, 免职
"
desert,"n. 沙漠, 应得的赏罚, 功劳
a. 沙漠的, 不毛的
vt. 放弃, 遗弃, 擅离
vi. 逃掉"
desire,"n. 欲望, 要求
vt. 想要, 请求
vi. 渴望"
desperate,"a. 不顾一切的, 危急的, 令人绝望的, 极渴望的"
destined,"a. 预定的, 注定的, 命定的"
deterioration,"n. 恶化, 衰退, 退化
"
deviate,"vi. 脱离, 偏离
vt. 使偏离
a. 脱离常规的
n. 脱离常规的人"
devote,"vt. 投入于, 献身"
digit,"n. 数字, 位数, 指头
"
dimension,"n. 尺寸, 次元, 面积, 维数
vt. 标出尺寸"
diminish,"v. (使)减少, (使)变小"
disagree,"vi. 不一致, 不适宜
"
discount,"n. 折扣, 贴现率
vt. 打折扣
vi. 贴现"
displace,"vt. 移置, 替换, 转移"
disrupt,"a. 分裂的, 中断的
vt. 使分裂, 使瓦解"
doubtful,"a. 可疑的, 疑心的, 不明确的
"
dramatically,"adv. 戏剧地, 引人注目地, 突然地"
drastically,"adv. 激烈地, 彻底地"
duplication,"n. 副本, 复制
"
eccentric,"n. 怪人, 偏心圆
a. 古怪的, 反常的, 不同圆心的"
eligible,"a. 有资格当选的, 合格的
n. 有资格者, 合格者, 适任者"
eliminate,"vt. 除去, 排除, 剔除, 消除"
elsewhere,adv. 在别处
embark,"vi. 乘船, 着手, 从事, 上飞机
vt. 使上船, 使上飞机, 使从事"
embarrass,"vt. 使困窘, 使局促不安, 阻碍"
emergency,"n. 紧急状况, 紧急事件, 紧急需要
"
emphasize,"vt. 强调, 加强语气, 着重"
employ,"n. 雇用
vt. 雇用, 使用, 使从事于"
endurance,"n. 忍耐, 忍耐力, 耐性
"
entail,"vt. 使成为必需, 需要, 使承担, 遗传给
n. 限定继承"
enthusiasm,"n. 巨大的热情, 热心"
entrance,"n. 入口, 进入点, 入场, 入学, 进入, 开始(阶段), 就任
vt. 使出神, 使入迷
"
environmentalist,n. 环保人士
equivalent,"n. 同等物, 等价物, 相等物
a. 相等的, 相当的, 同意义的
"
essential,"n. 要素, 要点, 本质
a. 必要的, 重要的, 本质的
"
eventually,"adv. 最后, 终于"
everything,"pron. 每件事物, 所有事物"
exception,"n. 例外, 除外, 异议
"
excited,"a. 兴奋的, 已励磁的, 已激发的, 激昂的, 激动的"
exclude,"vt. 除外, 排除, 排斥
"
exclusive,"a. 排外的, 独占的, 唯一的
"
exclusively,"adv. 排他地, 仅仅, 专门, 只, 仅, 唯一地, 专有地"
exercise,"n. 行使, 执行, 运动, 练习, 作业
vt. 运用, 练习, 运动
vi. 练习, 锻炼"
exertion,"n. 努力, 发挥, 运用
"
exhaust,"n. 排气, 排气装置, 废气
vt. 抽完, 用尽, 耗尽, 使精疲力尽
vi. 排气"
existence,"n. 存在, 生存
"
exotic,"a. 异国的, 外来的
n. 外来人, 外来物, 舶来品"
expand,"vt. 使膨胀, 详述, 扩张
vi. 张开, 发展
vt. 展开
vi. 展开
"
expedition,"n. 远征, 探险队, 迅速"
explore,"v. 探险, 探测, 探究"
exploration,"n. 探险, 踏勘, 探测
"
expose,"vt. 使暴露, 使曝光, 揭穿, 陈列
"
facility,"n. 容易, 灵巧, 设备
"
fault,"n. 过错, 故障, 毛病
vt. 挑剔
vi. 产生断层, 弄错
"
feature,"n. 面孔的一部分(如眼、口等), 特征, 容貌, 特色, 特写
vt. 是...的特色, 特写, 放映
vi. 起重要作用
"
feed,"n. 饲料, 一餐, 饲养
vt. 喂, 饲养, 放牧, 靠...为生
vi. 吃东西, 用餐, 流入
"
fluctuate,"vi. 变动, 起伏, 动摇
vt. 使波动, 使动摇"
focus,"n. 焦点, 焦距
vi. 聚焦, 注视
vt. 使聚焦, 调焦, 集中
"
forever,adv. 永远
forge,"n. 熔炉, 铁工厂
vt. 打制, 锻造, 伪造
vi. 锻造, 伪造"
formula,"n. 客套语, 公式, 准则
"
forthcoming,"a. 即将来临的
n. 来临"
foster,"a. 收养的, 养育的
vt. 养育, 抚育, 培养, 鼓励, 抱(希望)"
fruitful,"a. 结果实的, 多实的, 产量多的"
futile,"a. 无用的, 琐细的, 不重要的"
graze,"n. 吃草, 放牧, 擦伤, 轻擦
v. (使)吃草, 放牧, 轻擦, 擦伤"
habitat,"n. 栖息地, 居留地, 自生地, 聚集处
"
halt,"n. 停止, 立定, 休息
vt. 使停止, 使立定
vi. 立定, 停止, 蹒跚, 踌躇, 有缺点
"
handful,"n. 少数, 一把, 棘手事"
hasten,"vt. 催促, 加紧
vi. 赶快, 急忙"
hazardous,"a. 危险的, 冒险的, 碰运气的
"
highlight,"n. 加亮区, 精彩场面
vt. 加亮, 使显著, 以强光照射, 突出
"
hopeful,"n. 有希望之人, 有前途之人
a. 有希望的, 怀抱希望的, 保持乐观的"
hypothesis,"n. 假设
"
ideal,"n. 理想, 典范, 观念, 思想, 最后目标
a. 理想的, 完美的, 空想的, 观念的, 唯心论的"
identical,"a. 同一的, 恒等的, 完全相同的
"
identify,"vt. 识别, 认为...等同于, 确定, 使参与
vi. 一致, 认同"
ignite,"vt. 点燃, 使灼热, 使兴奋"
illustrate,"vt. 举例说明, 作图解, 阐明
vi. 举例说明"
impact,"n. 冲击, 冲突, 影响, 效果
vt. 挤入, 撞击, 压紧, 对...发生影响"
impair,"vt. 损害, 减少, 削弱
"
impart,"vt. 给予, 传授, 告知"
implement,"n. 工具, 器具, 手段
vt. 实现, 使生效, 执行"
impression,"n. 印象, 意念, 盖印, 印记, 印数, 底色, 效果
"
improve,"vt. 改良, 提高...的价值, 改善, 利用
vi. 变得更好, 增加"
improvement,"n. 进步, 改善, 利用
"
incentive,"n. 动机
a. 激励的"
incidentally,"adv. 伴随地, 偶然, 顺便"
incorporate,"a. 合并的, 组成公司的, 一体化的
vt. 吸收, 合并, 使组成公司, 体现
vi. 合并, 混合, 组成公司"
increasingly,"adv. 逐渐地, 渐增地"
incur,"vt. 招致, 蒙受, 遭遇
"
indefinite,"a. 模糊的, 不确定的, 无限的
"
independent,"n. 独立自主者, 无党派者
a. 独立的, 有主见的, 不须依赖的, 不受约束的"
indication,"n. 指示, 象征, 暗示
"
indulge,"vt. 纵情于, 使高兴, 放任, 迁就
vi. 沉溺"
industrialize,"vt. 使工业化
vi. 实现工业化"
inertia,"n. 惯性, 惰性, 迟钝
"
influence,"n. 影响力, 权力, 势力
vt. 影响, 改变"
inherent,"a. 固有的, 与生俱来的
"
inquire,"v. 询问, 问明, 查究"
install,"vt. 安装, 安置, 使就职
"
instantaneous,"a. 即时的, 瞬间的, 猝发的
"
instruct,"vt. 教, 教育, 命令, 通知
"
insure,"vt. 保险, 确保
vi. 投保"
intention,"n. 意图, 目的, 含义
"
interact,"vi. 互相影响, 交互作用
n. 幕间剧, 幕间休息"
interaction,"n. 交互作用, 交感
"
interfere,"vi. 妨碍, 冲突, 干涉, 抵触
"
interpretation,"n. 解释, 演出, 翻译
"
intolerant,"a. 不容忍的, 不容异说的, 偏执的, 偏狭的, 不宽容的, 不耐的, 不耐性的"
intrinsic,"a. 本质的, 原有的, 真正的
"
invade,"vt. 侵入, 拥入, 侵略, 侵袭
"
investigate,"v. 调查, 审查"
jobless,"a. 失职的, 无职业的
"
justify,"vt. 替...辩护, 证明
vi. 证明合法
"
legacy,"n. 祖先传下来之物, 遗赠物
"
magnify,"vt. 放大, 扩大, 赞美, 夸大
vi. 有放大能力"
major,"n. 主修课, 成年人, 陆军少校
a. 主要的, 较多的, 大部分的, 成年的, 严重的
vi. 主修
"
manifest,"n. 载货单, 运货单, 旅客名单
a. 显然的, 明白的
vi. 显示, 出现
vt. 表明, 表现, 证明"
marine,"n. 舰队, 水兵, 海景画
a. 海的, 海产的, 海底的, 船舶的, 海运的"
miniature,"n. 缩图, 小画像
a. 小规模的, 纤小的"
mirror,"n. 镜子, 写真, 典范
vt. 反映, 映出"
monopolize,"vt. 独占, 垄断
"
multitude,"n. 多数, 群众"
mysteriously,adv. 神秘地; 不可思议地; 诡秘地; 故弄玄虚地
naturally,"adv. 自然地, 以自然力, 天生地"
necessarily,"adv. 必然地, 必须地, 必要地"
negotiate,"vi. 商议, 谈判, 交涉
vt. 谈妥, 转让, 处理"
notably,"adv. 显著地, 著名地, 尤其, 特别"
nothing,"n. 无, 不关紧要之事, 零
adv. 毫不, 决不
interj. 什么也没有, 无"
noticeable,"a. 显而易见的, 显著的, 值得注意的"
notion,"n. 概念, 观念, 想法, 打算, 别致的小东西
"
novel,"n. 小说, 长篇故事
a. 新奇的, 异常的"
object,"n. 物体, 目标, 目的, 对象, 宾语, 客体
vi. 反对, 抱反感
vt. 提出...来反对
"
obscurely,"adv. 费解地, 晦涩地；隐匿地"
observe,"vt. 觉察到, 遵守, 注意到, 庆祝
vi. 注意, 评论"
occasion,"n. 场合, 时机, 机会, 诱因, 理由
vt. 惹起, 引起"
occasionally,"adv. 有时候, 偶而"
occupation,"n. 职业, 占有, 占有期, 占领, 占领军
"
offspring,"n. 子孙, 后代, 产物
"
optimistic,"a. 乐观的, 乐观主义的, 乐天的"
ordinary,"a. 平常的, 普通的, 平凡的
n. 平常的人(或事)"
organic,"a. 器官的, 有机的, 组织的, 根本的
"
originally,"adv. 本来, 原来, 最初, 就起源而论, 独创地"
originate,"vt. 创始, 发明, 发起
vi. 发源, 发生, 起航
"
outcome,"n. 结果, 出口"
overstate,"vt. 夸大的叙述, 夸张, 过分强调
"
overturn,"n. 倾覆, 破灭, 革命
vt. 推翻, 颠倒
vi. 翻倒"
overwhelm,"vt. 淹没, 受打击, 制服, 压倒, 使不知所措
"
package,"n. 包裹, 套装软件, 包, 包装用物, 程序包
vt. 包装, 打包
a. 一揽子的
"
particle,"n. 颗粒, 粒子, 质点, 极小量
"
passion,"n. 激情, 酷爱, 热爱, 强烈感情, 耶稣受难(故事)"
penalty,"n. 处罚, 刑罚, 罚款, 罚球, 报应, 不利结果, 妨碍
"
perceive,"v. 感觉; 认识, 理解; 察觉到, 意识到, 注意到"
perfectly,"adv. 完全地, 无瑕疵地, 完整地"
permanent,"a. 永久的, 不变的, 固定的, 持久的
n. 烫发
"
permit,"n. 许可证, 许可, 执照, 通行证
vt. 允许, 容许, 可能, 使放手做
vi. 容许, 给以机会, 提供可能"
persist,"vi. 坚持, 固执, 持续, 坚称
"
pessimistic,"a. 悲观的, 厌世的, 悲观主义的"
philosophy,"n. 哲学, 人生观, 哲学思想, 哲理, 基本原理, 见解, 达观, 沉着"
pierce,"vt. 刺穿, 穿透, 打眼于, 洞悉, (声音)响彻, (亮光)照进, 深深地打动
vi. 刺入, 穿入, 透入, 进入"
positive,"a. 肯定的, 积极的, 有把握的
"
potential,"n. 潜在性, 可能性, 潜力, 潜能, 势, 位
a. 有潜力的, 可能的, 潜在的"
power,"n. 力, 体力, 力量, 势力, 动力, 权力, 强国, 乘方, 强度, 幂, 功率
vt. 使...有力量, 供以动力, 激励
"
practice,"n. 实践, 练习, 实行, 惯例, 习惯, 开业
v. 实践, 实行, 练习, 实习, 业务"
predator,"n. 食肉动物, 掠夺者
"
predominance,"n. 主导地位, 优势"
preserve,"vt. 保护, 保持, 保存, 维持, 腌, 禁猎
vi. 加工食品, 禁猎
n. 加工成的食品, 禁猎地, 保护区, 防护物"
presume,"vt. 假定, 推测, 擅自, 意味着
vi. 擅自行动, 相信"
presumption,"n. 专横, 放肆, 假定, 推测
"
prevail,"vi. 获胜, 流行, 盛行
"
prevalent,"a. 普遍的, 流行的"
previous,"a. 早先的, 前面的, 过急的
"
pride,"n. 骄傲, 自尊心, 自豪, 精华, 勇气
vt. 以...自豪"
primarily,"adv. 主要地, 首先地"
process,"n. 程序, 进行, 过程
vt. 加工, 使...接受处理, 对...处置, 对...起诉
a. 经加工的, 有特殊光效的
"
productive,"a. 能生产的, 有生产价值的, 多产的
"
professional,"n. 专业人才
a. 专业的, 职业的"
program,"n. 节目, 节目单, 程序, 纲要, 大纲, 计划
vt. 规划, 拟...计划
vi. 安排节目, 编程序
"
progress,"n. 进步, 发展, 前进
vi. 进步, 进行"
promise,"n. 诺言, 约定的事情, 有指望
vt. 允诺, 约定, 预示
vi. 允诺, 有前途, 有指望"
prompt,"n. 激励, 提示, 提醒物, 提词, 付款期限
a. 迅速的, 敏捷的, 立刻的, 提词员的
vt. 激励, 鼓动, 提示
adv. 准时地
"
prosperity,"n. 繁荣, 茂盛, 成功
"
provoke,"vt. 激怒, 惹起, 诱导
"
proximately,adv. 近似地
radically,"adv. 根本地, 完全地"
ready,"n. 预备好的状态, 现款
a. 准备好的, 备用的, 可以使用的
adv. 预先, 迅速
vt. 使准备好"
reality,"n. 实在, 事实, 实体, 逼真
"
reap,"vt. 收割, 收获, 获得
vi. 收割, 得到报应"
recession,"n. 后退, 凹处, 衰退, 归还
"
recognition,"n. 赞誉, 认得, 识别, 承认, 认可, 认识
"
recommend,"vt. 推荐, 介绍, 劝告, 使受欢迎, 托付
"
reduction,"n. 减少, 缩影, 变化
"
refer,"vt. 提交, 归诸于, 把...提交, 使求助于
vi. 提到, 涉及, 查阅, 查询, 咨询"
relatively,"adv. 相对地, 比较地, 相当地, 相关地
"
relay,"n. 驿马, 替班, 中继, 接力
vt. 分程传递, 转播, 使接替
vi. 接力传送, 转播"
replant,"vt. 改种, 在...再植, 使移居"
reproduce,"v. 繁殖, 再生, 复制, 生殖
"
reputation,"n. 名誉, 名声, 声望
"
respective,"a. 分别的, 各自的"
respond,"vt. 以...回答
vi. 回答, 响应, 回报, 有反应, 承担责任"
responsive,"a. 回答的, 应答的, 易感应的"
restoration,"n. 恢复, 归还, 复位
"
restrict,"vt. 限制, 限定, 约束
"
reward,"n. 报酬, 酬谢, 赏金
vt. 奖赏, 酬谢, 给...应有报应"
rhythm,"n. 旋律, 节奏, 韵律, 匀称, 张弛节律
"
seal,"n. 印章, 封条, 海豹, 海豹皮, 火漆, 封蜡, 玺, 保证, 批准, 象征, 标志
vt. 封闭, 盖印, 盖章
vi. 猎海豹"
secure,"a. 无虑的, 安心的, 安全的, 可靠的, 保险的
vt. 固定, 获得, 保证, 使安全, 掩护, 招致
vi. 停止操作, 船抛锚"
security,"n. 安全, 安全性, 防护物, 保安, 可靠性, 担保人, 抵押品, 保证金
"
sensitivity,"n. 敏感, 灵敏度
"
sentiment,"n. 感情, 感伤, 情操, 情绪, 感想, 意见
"
separate,"n. 独立件, 抽印本
a. 分开的, 各别的, 单独的, 分隔的
vi. 分开, 隔开, 分居
vt. 使分离, 使分开, 区分, 使分居"
separately,adv. 
shift,"n. 变化, 移动, 轮班, 手段, 应急办法, 移位
vt. 替换, 转移, 改变, 推卸, 变速
vi. 转换, 移动, 转变, 推托, 变速
"
shrink,"n. 收缩, 萎缩, 回避
vi. 收缩, 退缩, 萎缩, 缩小, 回避
vt. 使收缩, 使缩小"
significant,"a. 重要的, 有效的, 有含义的, 暗示的, 值得注意的"
signify,"vt. 象征, 预示
vi. 要紧, 重要"
similarly,"adv. 相像地, 类似于"
simplify,"vt. 单一化, 简单化"
simulate,"vt. 模拟, 假装, 模仿
"
simultaneously,"adv. 同时发生, 一齐, 同时, 同时存在"
skeptical,"a. 怀疑论的, 怀疑的, 不可知论的
"
slash,"v. 猛砍, 乱砍
n. 猛砍, 乱砍, 删减
"
slightly,"adv. 些微地, 苗条地"
sneak,"vi. 鬼鬼祟祟做事
vt. 偷偷地做
n. 鬼鬼祟祟的人, 偷偷摸摸的行为, 帆布胶底运动鞋
a. 暗中进行的"
solitary,"n. 独居者
a. 孤独的, 独居的"
spark,"n. 火花, 火星, 闪光, 无线电报务员, 瞬间放电, 活力, 朝气, 花花公子, 情郎
vi. 闪光, 发火花, 求婚
vt. 发动, 鼓舞, 使有朝气, 求婚"
specialize,"vt. 使特殊化, 列举, 特别指明, 限定...的范围
vi. 成为专家, 专攻"
species,"n. 种, 类, 外形
"
specifically,"adv. 特定地, 明确地, 按特性"
specification,"n. 规格, 详述, 详细说明书
"
spectacle,"n. 引人羡慕的东西, 景象, 眼镜, 场面, 公开展示"
spectator,"n. 观众, 目击者, 旁观者"
spoil,"n. 战利品, 赃物, 奖品, 变质, 次品
vt. 损坏, 破坏, 溺爱
vi. 腐坏, 掠夺"
sponsor,"n. 保证人, 赞助者, 发起者, 倡议者, 教父
vt. 发起, 赞助, 倡议"
standardize,"vt. 使标准化, 使合于标准, 用标准检验
"
statistical,"a. 统计的, 统计上的, 统计学的
"
stem,"n. 茎, 干, 柄, 船首, 血统, 堵塞物
vt. 摘掉茎, 装柄于, 阻止, 堵住, 逆行
vi. 堵住, 逆行"
stick,"n. 棍, 棒, 刺, 枯枝, 茎, 条状物
vt. 插进, 刺入, 钉住, 伸出, 粘贴, 停止
vi. 粘住, 停留, 坚持, 陷住, 伸出"
stock,"n. 树干, 祖先, 血统, 原料, 备料, 库存, 牲畜, 股票, 股份, 保留剧目
a. 存货的, 常备的, 平凡的, 普通的, 股票的, 保留剧目的, 繁殖用的
vt. 装把手于, 进货, 备有, 放牧
vi. 出新芽, 备货, 囤积"
strap,"n. 带, 皮带
vt. (用皮带)捆扎"
subordinate,"n. 属下, 附属物
a. 下级的, 次要的, 附属的
vt. 使居下位, 使服从"
subsequently,"adv. 后来, 随后"
subtle,"a. 敏锐的, 精细的, 狡猾的, 稀薄的, 灵巧的, 微妙的
"
successively,adv. 接连着地；相继地
suppress,"vt. 镇压, 使止住, 禁止, 抑制, 查禁
"
surpass,"vt. 超越, 凌驾, 胜过"
surroundings,"n. 环境, 周围的事物
"
survive,"vt. 比...活得长, 生存, 生还, 幸免于
vi. 活下来, 幸存"
suspend,"vt. 悬, 吊, 使悬浮, 暂停, 中止, 推迟
vi. 暂停, 中止, 悬浮, 停止偿付债务
"
sweep,"n. 扫除, 打扫, 肃清, 视野, 范围, 全胜
vt. 扫除, 掸去, 猛拉, 扫荡, 肃清, 冲走, 刮起, 环视, 掠过, 扫射
vi. 扫, 打扫, 袭击, 席卷, 扫视, 掠过"
systematically,"adv. 有系统地, 有组织地, 有条理地"
target,"n. 目标, 靶子, 指标
vt. 对准, 订指标"
tempt,"vt. 诱惑, 引诱, 引起...的兴趣, 吸引, 冒...风险"
terminal,"n. 终端机, 终点, 末端, 极限, 终点站
a. 终点的, 定期的, 致死的, 结尾的, 末端的, 晚期的
"
territory,"n. 领土, 领地, 版图, 地区, 活动范围
"
terror,"n. 恐怖, 可怕的人
"
throne,"n. 王座, 君主"
tighten,"vt. 勒紧, 使变紧
vi. 变紧, 绷紧"
translate,"vt. 翻译, 解释, 转化, 转变为, 调动
vi. 翻译, 被译
"
transmit,"vt. 传输, 传染, 传达, 遗传, 发射, 传播
vi. 发射信号, 留传下来
"
trigger,"n. 触发器, 扳机
vt. 触发, 发射, 引起
vi. 松开扳柄
"
typical,"a. 典型的, 象征性的
"
unchecked,"a. 未加抑制的, 未经检查的
"
underestimate,"n. 低估
vt. 低估, 看轻"
undergo,"vt. 遭受, 经历, 忍受
"
underlying,"a. 在下面的
"
undermine,"vt. 在...下面挖, 渐渐破坏, 暗地里破坏
"
undertake,"vt. 试图, 从事, 保证, 承担, 同意, 接受
"
unfortunately,"adv. 恐怕, 不幸的是"
universal,"a. 全世界的, 普遍的, 宇宙的, 通用的
n. 一般概念"
unnaturally,adv. 违反习俗地; 不自然地; 勉强地; 不近人情地
untouched,"a. 未触摸过的, 未改变的, 未受影响的"
urge,"n. 冲动, 推动力, 迫切的要求
vt. 驱策, 力劝, 竭力主张, 推动
vi. 强烈要求"
utter,"a. 全然的, 绝对的, 完全的
vt. 发出声音, 做声, 发表, 发射, 流通"
vanish,"vi. 消失, 不见, 成为零"
variety,"n. 多样, 种类, 变种, 杂耍
"
victim,"n. 受害人, 牺牲者, 牺牲品
"
violent,"a. 暴力的, 猛烈的, 激烈的, 极端的, 凶暴的"
visualize,"vt. 使看得见, 使具体化, 想象, 设想
vi. 想象, 显形"
volume,"n. 册, 卷, 体积, 容量, 大量, 许多, 份量, 音量
vi. 成团卷起
vt. 把...收集成卷
a. 大量的
"
volunteer,"n. 志愿者
a. 志愿的
v. 自愿"
vulnerable,"a. 易受伤害的, 有弱点的, 易受影响的, 脆弱的, 成局的
"
warrant,"n. 授权, 正当理由, 根据, 证明, 批准, 凭证, 令状, 委任状
vt. 授权给, 保证, 担保, 批准, 使有正当理由"
widespread,"a. 充分伸展的, 广布的, 普及的, 流传广的"
withdraw,"vt. 撤回, 取回, 撤消, 使撤退, 拉开, 移开
vi. 撤退, 离开"
worldwide,a. 全世界的
abuse,"n. 滥用, 虐待, 恶习, 辱骂
vt. 滥用, 辱骂, 虐待"
accuracy,"n. 精确, 正确
"
accurate,"a. 正确的, 精确的
"
acknowledge,"vt. 承认, 告知收悉, 答谢, 报偿
"
administration,"n. 行政, 管理, 政府机关
"
advantage,"n. 优点, 便利, 好处, 优势
vt. 有助于"
adverse,"a. 不利的, 敌对的, 相反的, 逆的
"
amend,"vt. 修改, 改善, 改良
vi. 改过自新"
anticipate,"vt. 预期, 占先, 加速, 提前使用
"
anxiety,"n. 焦虑, 忧虑, 令人焦虑的事
"
apparent,"a. 清晰可见的, 显然的, 表面上的
"
appearance,"n. 出现, 露面, 外观, 外表, 出版
"
appropriate,"a. 适当的
"
avenue,"n. 大街, 途径, 林荫路"
average,"n. 平均, 平均数, 一般水平, 海损
a. 平均的, 中等的, 平常的
vt. 算出...平均数, 平均做, 均分, 使平衡
vi. 平均为, 呈中间色"
behavior,"n. 行为, 举止
"
characterize,"vt. 描绘...的特性, 刻划...的性格"
charming,"a. 迷人的, 有吸引力的"
clarify,"vi. 澄清, 阐明
vt. 使明晰"
colleague,"n. 同事, 同僚"
combination,"n. 组合, 合并, 联合
"
commerce,"n. 商业, 商务, 贸易
"
commit,"vt. 委托(托付), 犯罪, 指派...作战, 使承担义务
"
communicate,"vt. 显露, 传达, 感染
vi. 通讯"
competence,"n. 胜任, 职称, 能力
"
complicated,"a. 复杂的
"
confused,"a. 困惑的, 混乱的"
constant,"n. 常数, 恒量
a. 不变的, 一定的, 时常的
"
contend,"vi. 奋斗, 斗争, 竞争
vt. 为...斗争"
controversy,"n. 论争, 辩论, 论战, 争论
"
convenient,"a. 方便的, 合宜的
"
creature,"n. 人, 动物, 创造物, 生物"
decade,"n. 十年, 十"
decline,"n. 衰退, 跌落, 下降
vt. 使降低, 婉谢
vi. 下降, 衰落, 偏斜"
define,"vt. 定义, 规定, 使明确
"
delicate,"a. 细致优雅的, 微妙的, 美味的
"
destructive,"a. 毁灭性的, 破坏的, 有害的
"
detect,"vt. 发现, 察觉, 探测
"
disadvantaged,"a. 社会地位低下的, 生活条件差的, 被剥夺了基本权利的
"
discipline,"n. 训练, 纪律
vt. 训练, 惩罚"
discrimination,"n. 差别, 岐视, 辨别力
"
dissatisfaction,"n. 不满, 不平"
distinguish,"v. 区别, 辨别"
diverse,"a. 不同的, 变化多的"
dizzy,"a. 晕眩的, 眼花缭乱的
vt. 使晕眩"
dramatically,"adv. 戏剧地, 引人注目地, 突然地"
dropout,"n. 退学学生, 中途退学
"
dutifully,adv. 忠实地；忠贞地
efficient,"a. 有效率的, 能干的"
encounter,"n. 相会, 相遇, 遭遇
vt. 遇见, 邂逅, 会战
vi. 偶然相遇"
experienced,"a. 富有经验的, 老练的, 熟练的"
export,"n. 输出品, 输出
vt. 输出, 出口
vi. 输出物资
"
extinguish,"vt. 熄灭, 使消亡, 压制, 使减色
"
extreme,"n. 极端, 末端
a. 极端的, 尽头的, 极度的, 偏激的"
fatigue,"n. 疲乏, 疲劳
vt. 使疲劳, 使心智衰弱
vi. 疲劳
a. 疲劳的"
financial,"a. 财政的, 金融的
"
flame,"n. 火焰, 火舌, 热情, 光辉
vt. 焚烧, 用火焰给...灭菌, 用火焰传送(信号), 点燃, 激动
vi. 燃烧, 爆发, 闪耀
"
flavor,"n. 滋味, 调味品
vt. 加味于"
float,"n. 漂流物, 浮舟, 漂浮, 浮萍, 彩车
vi. 浮动, 飘动, 散播, 摇摆, 动摇, 浮动
vt. 使漂浮, 容纳, 淹没, 发行, 实行
"
foundation,"n. 基础, 根据, 建立
"
fundamental,"n. 基本原理, 原则, 基波
a. 基本的, 重要的, 原音的"
gasp,"n. 喘气
vi. 喘气, 喘息, 渴望
vt. 气喘吁吁地说"
generation,"n. 一代, 一世, 产生
"
guilt,"n. 罪行, 内疚
"
head,"n. 头, 头脑, 领袖, 脑袋, 最前的部分
vt. 为首, 朝向, 前进, 用头顶
vi. 朝特定方向行进, (作物)结穗
a. 头的, 在顶端的, 主要的
"
hinder,"a. 后面的
v. 阻碍, 打扰"
humorous,"a. 富幽默感的, 滑稽的, 诙谐的"
identify,"vt. 识别, 认为...等同于, 确定, 使参与
vi. 一致, 认同"
illustrate,"vt. 举例说明, 作图解, 阐明
vi. 举例说明"
imitate,"vt. 模仿, 效法, 冒充, 仿造"
immense,"a. 极广大的, 无边的, 非常好的"
impact,"n. 冲击, 冲突, 影响, 效果
vt. 挤入, 撞击, 压紧, 对...发生影响"
imperfect,"a. 不完美的, 不完整的, 减弱的, 未完成过去时的
n. 未完成体"
impose,"vt. 征(税), 把...强加于, 以...欺骗
vi. 利用, 欺骗, 施加影响"
incur,"vt. 招致, 蒙受, 遭遇
"
industrial,"a. 工业的, 供工业用的, 工业高度发展的, 产业的
n. 工业工人, 工业股票"
influence,"n. 影响力, 权力, 势力
vt. 影响, 改变"
initiative,"n. 主动行动, 首创精神, 主动权
a. 自发的, 起始的"
insert,"n. 插入物
vt. 插入, 把(人造卫星)射入(轨道), 添写
vi. 附着
"
instinct,"n. 本能, 直觉
a. 充满着的"
instruction,"n. 指令, 教导, 命令
"
intelligent,"a. 聪明的, 智能的, 了解的"
interpret,"vt. 解释, 演出, 翻译, 理解
vi. 翻译, 解释"
investigate,"v. 调查, 审查"
knowledgeable,"a. 聪明的, 有知识的"
largely,"adv. 大量地, 很多地, 大半地"
legislation,"n. 立法, 法律
"
literary,"a. 文学的, 文艺的, 精通文学的
"
manifest,"n. 载货单, 运货单, 旅客名单
a. 显然的, 明白的
vi. 显示, 出现
vt. 表明, 表现, 证明"
migration,"n. 移民, 移往, 移动
"
miss,"n. 失误, 避免, 失败, 小姐
vt. 未得到, 未达到, 未听到, 未觉察, 逃脱, 遗漏, 错过, 思念
vi. 失败, 击不中"
motivate,"vt. 给与动机, 刺激, 提高...的学习欲望, 促动
"
motivation,"n. 动机, 刺激, 推动
"
mystery,"n. 秘密, 神秘, 奥秘"
obstacle,"n. 障碍, 妨害物, 阻碍"
occasionally,"adv. 有时候, 偶而"
offender,"n. 罪犯, 无礼的人, 得罪人的人"
official,"n. 官员, 公务员, 职员
a. 公务的, 官方的, 正式的"
operate,"v. 操作, 运转, 动手术, 活动"
outcome,"n. 结果, 出口"
overwhelm,"vt. 淹没, 受打击, 制服, 压倒, 使不知所措
"
participant,"n. 参加者, 参与者
a. 有份的, 参加的, 参与的"
particularly,"adv. 特别, 格外, 尤其, 详细地, 细致地"
percentage,"n. 百分比, 比率, 部分, 可能性
"
personality,"n. 个性, 人格, (团体、地方、国家)特有特性, 名人
"
plunge,"n. 钻进, 跳进, 跳水, 跳水池, 猛跌, 落下, 投入, 开始从事, 盲目投资
vi. 投入, 投身于, 跳进, 陷入, 下降
vt. 使投入, 使插入, 使陷入, 使遭受"
potentially,"adv. 可能地, 潜在地"
poverty,"n. 贫穷, 贫困, 缺乏
"
precaution,"n. 预防, 留心, 警戒
vt. 预先警告"
preview,"n. 事先查看, 预览
vt. 事先查看, 预演
"
primary,"n. 最主要者, 原色
a. 主要的, 初期的, 根本的, 原始的, 首要的, 基本的
"
primitive,"n. 原始人, 早期艺术家
a. 原始的, 上古的
"
principal,"n. 校长, 首长, 本金, 主犯, 资本, 委托人
a. 主要的, 最重要的, 首要的"
profound,"a. 极深的, 深厚的, 深刻的, 渊博的"
puzzle,"n. 难题, 迷惑
vt. 使困惑, 使为难
vi. 迷惑, 苦思"
quality,"n. 品质, 特性, 才能, 质量
a. 优质的
"
recall,"n. 回忆, 召回, 撤消
vt. 回想, 回忆, 召回, 撤消, 使恢复
"
reflect,"vt. 反射, 反映, 招致, 深思
vi. 被反射, 映出, 深思, 考虑, 指责"
relaxed,"a. 松懈的, 不严密的, 不严格的, 放松的, 得到休息的, 随意的, 不拘束的, 自在的"
reluctant,"a. 不情愿的, 勉强的
"
restore,"vt. 回复, 恢复, 归还, 修补, 修复
vt. 还原
vi. 还原
"
reveal,"vt. 露出, 显示, 透露, 揭露, 泄露, (神)启示
n. 窗侧, 门侧"
revolution,"n. 革命, 大变革, 旋转, 转数, 循环
"
romantic,"a. 浪漫的, 风流的, 传奇性的, 夸大的, 空想的, 浪漫派的"
ruin,"n. 毁灭, 推翻, 废墟
vi. 毁灭, 衰败, 破坏, 破产, 堕落
vt. 使毁灭, 毁坏, 使破产"
scale,"n. 刻度, 衡量, 比例, 比例尺, 数值范围, 等级, 规模, 天平, 秤, 鳞, 积垢
vt. 依比例决定, 攀登, 测量, 绘制, 刮鳞, 使生垢, 过秤
vi. 剥落, 生水垢, 重量为, 攀登, 衡量
"
schooling,"n. 学校教育, 学费"
senior,"n. 年长者, 资深者, 毕业班学生
a. 年长的, 高级的, 资深的"
serve,"vt. 可作...用, 服务, 经历, 招待, 供应, 送交, 对待
vi. 服务, 服役, 侍应, 适合, 有用, 开球
n. 发球, 轮到发球"
shrink,"n. 收缩, 萎缩, 回避
vi. 收缩, 退缩, 萎缩, 缩小, 回避
vt. 使收缩, 使缩小"
slight,"n. 轻蔑, 怠慢
a. 轻微的, 纤细的, 脆弱的, 苗条的
vt. 轻视, 忽略, 怠慢"
spark,"n. 火花, 火星, 闪光, 无线电报务员, 瞬间放电, 活力, 朝气, 花花公子, 情郎
vi. 闪光, 发火花, 求婚
vt. 发动, 鼓舞, 使有朝气, 求婚"
spread,"n. 传播, 散布, 伸展
a. 双唇展开的, 伸展的
vt. 展开, 铺开, 传播, 推广, 伸出, 涂, 敷, 延伸
vi. 展开, 扩大, 传开, 延伸
"
squarely,"adv. 干脆地, 正好, 直角地"
strategy,"n. 战略, 策略
"
sufficiently,"adv. 足够, 充分"
suicide,"n. 自杀, 自杀者
v. 自杀
a. 自杀的"
survive,"vt. 比...活得长, 生存, 生还, 幸免于
vi. 活下来, 幸存"
symbol,"n. 符号, 象征, 代号, 信条
"
tension,"n. 紧张, 不安, 拉紧, 张力, 压力, 电压
vt. 拉紧, 使紧张"
texture,"n. (织物的)密度, (材料等的)结构, 纹理
"
tongue,"n. 舌, 语言能力, 讲话方式, 语言
vt. 舔, 斥责, 发...的音
vi. 使用舌头, 吹管乐器"
toxic,"a. 有毒的, 中毒的
"
tragic,"a. 悲惨的, 悲剧的"
transition,"n. 转变, 转换, 变迁, 过渡时期, 临时转调
"
uniform,"n. 制服
a. 统一的, 一律的, 始终如一的"
uninformed,"a. 没有得到通知的, 未被告知的, 无知的, 不学无术的, 未受教育的, 蒙昧的
"
unpredictable,a. 不可预知的
violation,"n. 违反, 违背, 妨碍
"
vulnerable,"a. 易受伤害的, 有弱点的, 易受影响的, 脆弱的, 成局的
"
well-being,n. 健康; 幸福; 保持良好状态
whereby,"adv. 靠什么, 如何, 为何, 靠那个, 因此, 由此
"
witty,"a. 富于机智的, 诙谐的"
a body of, 一群，一队。后加单数谓语动词
a multitude of,"大批的,大量的,许许多多的…"
a variety of,"各种各样的..., 种种..."
apartment building, <美>公寓大楼
as ... as ...,[网络] 砷；用法；和……一样
at sb.'s disposal,无
deprive ... of,"un. 剥夺
"
be concerned with,"涉及..., 与...有关"
be entitled to,[法] 有资格或权利...
be linked to,与...连接
be supposed to,"应该, 被期望"
be capable of sth.,能够
be capable of doing sth.,无
blood vessel,"血管
"
compare ... to ..., 把…比作， 喻为; 与…相比
conform to,"符合, 遵照"
date back, 回溯至
date back to,"始于,可以追溯到…"
derive from,"得自, 由来, 衍生"
draw out,"na. 抽出；拔出；掏出；提出
"
end up,"竖着, 结束, 死"
for instance,"例如
"
go out of one's way to do,无
be in favor of,有利于； 支持
in short,"简而言之
"
in the wake of sth.,"尾随, 紧跟, 仿效"
be inferior to,"劣于..., 比...差"
interfere with,"干涉,干扰,妨碍"
scores of,大量的
seek out,"搜出, 挑出"
set ... apart,"使分离, 留出"
set the stage,[网络] 为舞台布景；设置；设置舞台
take sth. into consideration,"v. 顾及
"
tear ... apart,"v. 弄乱；撕破
"
turn out,"v. 证明；原来；到场
"
ache,"n. 疼痛
vi. 痛, 哀怜, 渴望"
acid,"n. 酸, 酸类物质, 尖刻, 迷幻药
a. 酸的, 酸性的, 尖刻的, 敏锐的
"
acre,n. 英亩
adjective,"n. 形容词
a. 形容词的, 从属的"
adverb,n. 副词
advisory,"a. 顾问的, 咨询的, 劝告的
"
AIDS,"n. 爱滋病(获得性免疫缺陷综合征)
"
ale,"n. 麦芽酒
"
algebra,n. 代数学
alphabet,"n. 字母
"
alphabetical,"a. 依字母顺序的, 字母的"
amiable,"a. 亲切的, 和蔼可亲的
"
anew,"adv. 重新, 再"
ankle,"n. 踝
"
anonymity,"n. 匿名, 姓氏不明
"
anonymous,"a. 姓氏不详的, 无名的, 无特色的
"
ant,n. 蚂蚁
antagonism,"n. 对立, 敌对, 敌意
"
antagonist,"n. 敌手, 对手
"
antagonistic,"a. 对抗的, 敌对的
"
antagonistically,"adv. 敌对地, 对抗性地"
antenna,"n. 天线, 触须, 触角
"
anti,"n. 反对者, 反对论者
a. 反对的"
antibiotic,"n. 抗生素
a. 抗生的"
antonym,n. 反义词
ape,"n. 无尾猿
"
apologetic,"a. 道歉的, 急于认错的, 辩护的
"
apologize,"vi. 道歉, 辩解"
apology,"n. 道歉, 辩护
"
appall,"vt. 使丧胆, 使惊骇"
appalling,"a. 骇人的, 令人震惊的"
apron,"n. 围裙
"
arbitrarily,"adv. 任意地, 武断地, 专横地, 反复无常地"
arbitrary,"a. 任意的, 武断的, 专治的, 霸道的"
arbitrate,"vt. 仲裁, 公断
vi. 进行仲裁"
arbitration,"n. 仲裁, 公断
"
archive,"vt. 把...存档
n. 档案馆, 档案文件
"
arithmetic,"n. 算术, 算术知识
"
armament,"n. 军备, 军队, 武器
"
armor,"n. 盔甲, 潜水服, 装甲
vt. 为...装甲"
artillery,"n. 火炮, 炮兵, 炮术
"
atlas,"n. 地图集, 图表集
"
attorney,"n. 代理人, 律师
"
auxiliary,"n. 辅助者, 辅助物, 附属机构, 助动词
a. 辅助的, 备用的"
bacon,"n. 熏猪肉
"
badminton,n. 羽毛球运动
balcony,"n. 阳台, 戏院楼厅"
banquet,n. 宴会
barbecue,"n. 烤肉
vt. 烤肉, 烧烤"
barber,n. 理发师
barbershop,n. 理发店
barometer,"n. 气压计
"
barracks,"n. 兵营, 营房；简陋的房子；警察所（barrack的复数）"
baseball,"n. 棒球
"
bass,"n. 低沉的声音, 男低音, 椴树
a. 低音的"
bath,"n. 沐浴, 浴室
"
bathe,"vt. 沐浴, 用水洗
vi. 洗澡"
battalion,"n. 营, 军队, 集团"
batter,"v. 连续猛打（尤其指妇女），猛击
n. 面糊（食物），击球员，打击手"
beetle,"n. 甲虫, 大槌
vi. 快速移动
vt. 捶"
beg,"v. 乞求, 乞讨, 请求"
beggar,"n. 乞丐
vt. 使贫穷, 使成乞丐"
belly,"n. 腹部, 食欲
vt. 使鼓起
vi. 鼓起, 匍匐前进"
biscuit,"n. 饼干
"
bite,"n. 咬, 一口
v. 咬, 刺痛, 穿透"
blonde,"a. (头发)亚麻色的, 淡色的, 白肤金发碧眼的, 白里透红的, 白皙的, 淡黄色的
n. 肤色白皙的金发女人"
blouse,n. 宽松的上衣
bluff,"n. 断崖, 绝壁, 吓唬
a. 直率的
v. 吓唬, 欺骗"
blunder,"n. 大错, 大失策
vi. 失策, 跌跌撞撞地走, 犯错
vt. 做错"
blunt,"a. 钝的, 坦率的, 麻痹的"
bomb,"n. 炸弹
vt. 轰炸, 投弹于
vi. 失败"
bonus,"n. 奖金, 红利
"
bony,"a. 如骨的, 多骨的, 瘦骨嶙峋的"
botanical,"a. 植物学的
n. 植物性药材"
botany,"n. 植物学
"
bouquet,"n. 花束
"
bowel,"n. 肠, 内脏, 内部
vt. 挖...的内脏"
brandy,"n. 白兰地酒
"
brass,"n. 黄铜, 黄铜制品
a. 黄铜的, 铜管乐器的
v. 镀以黄铜, 支付"
bridge,"n. 桥, 舰桥, 桥梁, 桥牌
vt. 架桥于, 跨越
"
brigade,"n. 旅, 队
"
brochure,"n. 小册子, 小册"
broom,"n. 扫帚, 金雀花
vt. 扫除"
buck,"n. 元, 雄鹿, 纨绔子弟, 鞍马, 培克(赌博时的庄家标志), 碱水, 自夸, 谈话
vi. 马背突然拱起, 反对, 吹牛, 闲聊
vt. 马背突然拱起将骑手摔下, 反对, 用碱水洗
a. 雄的"
bucket,"n. 桶
"
Buddhism,n. 佛教
buffalo,"n. 水牛
"
buffer,"n. 缓冲器, 缓冲区
vt. 缓冲
"
buffet,"n. 自助餐, 小卖部, 碗橱, 殴打, 冲击
vt. 连续打, 冲击, 搏斗
vi. 奋斗"
bulb,"n. 球茎, 电灯泡
"
bull,"n. 公牛
"
butt,"n. 粗大的一头, 烟头, 靶, 笑柄
"
button,"n. 钮扣, 按钮
vi. 扣住
vt. 钉钮扣于, 扣紧
"
cabbage,"n. 卷心菜
"
café,无
cafeteria,"n. 自助餐厅
"
calcium,"n. 钙
"
calf,"n. 小牛, 小牛皮, 腓肠
"
calorie,n. 卡路里（热量单位）
camel,"n. 骆驼, 打捞浮筒"
can,"vt. 装罐
n. 罐头, 容器
aux. 能, 可以
"
candle,"n. 蜡烛
vt. 对着光检查"
cane,"n. 手杖, 细长的茎, 藤条
vt. 以杖击, 以藤编制"
cannon,"n. 大炮, 加农炮
v. 炮轰"
canteen,"n. 水壶, 军中俱乐部, 临时流动餐馆, 小卖部"
canvas,"n. 帆布, 画布, 油画
"
cap,"n. 盖子, 帽子
vt. 戴帽子, 覆盖, 胜过
vi. 脱帽致意
"
cape,"n. 岬, 海角, 披肩, 斗蓬"
caravan,"n. 旅行队, 有篷顶的大车
"
carrot,"n. 胡萝卜
"
cartoon,"n. 卡通画, 漫画
v. 画漫画"
cartoonist,n. 漫画家
casino,"n. 卡西诺赌场, 卡西诺牌戏"
cathedral,n. 大教堂
Catholic,"n. 天主教徒
a. 天主教的, 普遍的, 广泛的, 宽宏大量的"
centigrade,"a. 百分度的, 摄氏的
"
centimeter,"n. 厘米
"
century,"n. 世纪, 百年"
chancellor,"n. 大臣, 总理, 首相, 大使馆/领事馆的一等秘书, 司法官, 大学校长"
chapel,"n. 小教堂, 礼拜式"
cheek,"n. 颊, 厚颜, 脸蛋
"
chimney,"n. 烟囱, 灯罩
"
chocolate,"n. 巧克力
a. 巧克力制的"
choir,"n. 唱诗班, 唱诗班的席位
v. 合唱"
cholesterol,"n. 胆固醇
"
chorus,"n. 合唱队, 齐声
v. 齐声说道, 合唱"
Christ,"n. 基督, 救世主"
Christian,"n. 基督徒, 正派人
a. 基督的, 基督教的"
Christianity,"n. 基督教, 基督教精神"
church,"n. 教堂, 礼拜, 教会
vt. 使人接受宗教仪式
a. 教堂的"
cigar,n. 雪茄
cigarette,"n. 香烟, 纸烟"
claw,"n. 爪, 螯, 抓伤
v. 用爪抓, 挖, 搜刮"
cliché,无
clothe,"vt. 给...穿衣, 盖上, 赋予"
cocaine,"n. 可卡因, 古柯碱
"
cockpit,"n. 驾驶员座舱, 战场"
cocktail,"n. 鸡尾酒, 开味品
a. 鸡尾酒会的"
coconut,"n. 椰子
"
colonel,"n. 陆军上校, 长官"
comb,"n. 头梳, 鸡冠
vt. 梳头发, 梳毛
vi. (浪)涌起"
Confucian,"a. 孔子的, 儒家学说的, 儒家的, 孔夫子的, 孔丘的
n. 孔子的门徒, 儒家"
Confucianism,"n. 孔子思想, 儒家思想"
copper,"n. 铜, 警察
"
cord,"n. 绳索, 束缚
"
cork,"n. 软木塞, 软木树, 软木
"
corporal,"n. 下士
a. 肉体的, 身体的, 个人的"
corps,"n. 军, 队, 部队, 兵种
"
corpse,"n. 尸体
"
corridor,"n. 走廊, 回廊, 人口密集地带"
cotton,"n. 棉花
vi. 和谐, 有好感, 理解"
counterfeit,"n. 赝品, 伪造品
a. 假冒的, 假装的
v. 仿造, 伪装, 假装"
countryside,"n. 乡下地方, 乡下居民"
cousin,"n. 堂兄弟姊妹, 表兄弟姊妹
"
cow,"n. 母牛, 母兽
vt. 威胁"
crab,"n. 螃蟹, 偏航, 脾气乖戾的人, 沙果
vi. 捕蟹, 偏航, 发牢骚
vt. 使偏航, 抱怨, 破坏"
cracker,"n. 饼干, 爆竹
"
crane,"n. 鹤, 起重机
vt. 伸颈, 起重机起吊
vi. 伸颈看, 迟疑"
crawl,"n. 爬行, 匍匐而行, 养鱼池
v. 爬行"
crocodile,n. 鳄鱼
cross,"n. 十字架, 十字架形物件, 交叉, 十字标, 交叉路, 磨难, 杂交
a. 生气的, 交叉的, 相反的
v. 交叉, 横过, 越过
"
crow,"n. 啼叫, 乌鸦, 鸡鸣, 撬棍
vi. 啼叫, 报晓"
crystal,"n. 水晶, 水晶装饰品, 结晶
a. 水晶的, 水晶一样的, 透明的"
crystallize,"vt. 使结晶, 使具体化
vi. 结晶, 具体化"
cub,"n. 幼兽, 年轻人"
cucumber,"n. 黄瓜
"
cunning,"a. 狡猾的, 巧妙的, 可爱的
"
dairy,"n. 牛奶公司, 乳品店, 乳牛场"
damn,"n. 一点, 诅咒, 丝毫
interj. 该死, 该死的
vt. 诅咒, 罚...下地狱
vi. 指责, 谴责, 骂...该死, 证明...有罪"
darken,"vt. 弄暗, 使模糊
vi. 暗下来, 颜色变深"
darkness,"n. 黑暗, 暗, 深色, 隐密, 模糊, 无知"
deer,n. 鹿
diabetes,"n. 糖尿病, 多尿症
"
dial,"n. 刻度盘, 钟面, 转盘
v. 拨"
diameter,"n. 直径
"
diamond,"n. 钻石, 菱形
"
diary,"n. 日记
"
dime,n. 10分硬币(美、加)
dinosaur,n. 恐龙
dioxide,"n. 二氧化物
"
disco,"n. 夜总会, 迪斯科, 的士高"
dish,"n. 盘子, 碟, 菜肴
"
disk,"n. 圆盘, 磁盘
"
dodge,"v. 避开, 躲避
n. 诡计, 躲藏"
dole,"n. 救济品, 失业救济金
vt. 发放救济"
doll,"n. 洋娃娃, 无头脑的美丽女人"
dolphin,n. 海豚
donkey,"n. 驴子, 笨蛋, 顽固者, 辅助发动机, 辅助泵"
dragon,"n. 龙, 凶暴的人
"
drawer,"n. 抽屉, 开票人
"
duke,n. 公爵
dwarf,"n. 矮子, 侏儒
v. (使)变矮小"
eagle,"n. 鹰, 鹰状标饰"
eggplant,n. 茄子
embroidery,"n. 刺绣品, 粉饰, 刺绣"
empire,"n. 帝国, 帝权"
etiquette,"n. 礼仪, 礼节, 成规
"
euro,n. 欧元（欧盟的统一货币单位）
fabulous,"a. 传说的, 寓言般的, 难以置信的"
farewell,"n. 辞别, 再见, 再会
interj. 再会"
fasten,"vt. 拴紧, 使固定, 系, 集中于, 强加于
vi. 扣紧"
feather,"n. 羽毛
vi. 长羽毛
vt. 用羽毛装饰"
fever,"n. 发烧, 发热, 热病
"
feverish,"a. 发热的, 极度兴奋的, 不安的"
fisherman,"n. 渔夫, 钓鱼者, 渔船"
flank,"n. 侧面, 侧腹, 胁, 腰窝肉
vt. 攻击侧面, 守侧面
vi. 侧面与...相接"
flare,"n. 闪光, 闪耀
vi. 闪光, 闪耀
vt. 用发光信号发出, 使闪耀, 使张开"
flesh,"n. 肉, 肉体, 肉欲, 人性, 亲属, 人类, 众生, 人体
vt. 以肉喂, 激起...的杀戳情绪, 使肥, 赋以血肉
vi. 长胖"
fluid,"n. 液体, 分泌液, 流体
a. 流动的, 可改变的"
foe,"n. 仇敌, 反对者, 敌人, 对手"
fog,"n. 雾, 迷惑, (割后的)最生草, 苔藓
vi. 被雾笼罩, 变模糊
vt. 使困惑, 以雾笼罩"
foggy,"a. 雾深的, 模糊的"
forfeit,"n. 没收物, 罚金, 丧失
vt. 没收, 丧失
a. 丧失了的"
fork,"n. 叉子, 叉状物, 分岔
vi. 分支, 分歧
vt. 做成叉形, 叉起
"
fox,"n. 狐狸, 狡猾的人
vi. 奸狡地行动, (书页)生斑, 变酸
vt. 欺骗, 使变酸, 为(鞋等)换面, 使生黄斑"
frank,"a. 坦白的, 率直的, 老实的
vt. 免费邮寄
n. 免费邮寄特权"
frog,"n. 青蛙
"
gallon,"n. 加仑
"
garlic,"n. 大蒜
"
gasoline,"n. 汽油
"
gay,"a. 欢快的, 艳丽的, 快乐的, 放荡的"
geometric,"a. 几何学的, 几何学上的, 几何学图形的"
geometrically,"adv. 用几何学, 几何学上"
geometry,"n. 几何学
"
ginger,"n. 姜, 精力, 姜黄色
a. 姜黄色的
vt. 用姜调味, 使活泼, 使有生气"
gland,"n. 腺, 密封套
"
glass,"n. 玻璃, 玻璃杯, 透镜
vt. 装玻璃于, 反射, 反映
vi. 成玻璃状"
glossary,"n. 专业词典, 术语集, 词表
"
glove,"n. 手套
vt. 给...戴手套"
glue,"n. 胶, 粘性物
vt. 粘合, 胶合"
golf,"n. 高尔夫球
vi. 打高尔夫球"
goose,"n. 鹅, 雌鹅, 鹅肉, 弯把熨斗
vt. 与...性交, 突然加大油门, 使生色, 喝倒彩"
grape,"n. 葡萄, 葡萄树
"
grassy,"a. 草绿色的, 象草的, 长满草的"
groove,"n. 凹槽, 惯例, 理想境况
vt. 开槽于"
grove,n. 小树林
hairy,"a. 多毛的, 毛状的, 长毛的"
hall,"n. 门厅, 走廊, 会堂"
hamburger,"n. 汉堡(德国港口), 肉饼, 汉堡包, 纯精牛肉, 汉堡牛排"
harmless,"a. 无害处的, 未受损害的, 无辜的, 无恶意的
"
hawk,"n. 鹰, 掠夺者, 鹰派成员
vi. 放鹰行猎, 像鹰一般地袭击, 清嗓, 咳嗽
vt. 捕捉, 咳出, 兜售, 叫卖, 散播"
hay,"n. 干草
vt. 制干草, 供给干草
vi. 晒干草"
headache,"n. 头痛, 令人头痛之事
"
heave,"n. 举, 抛, 起伏, 鼓起
vt. 用力举起, 使举起, 使鼓起
vi. 抛出, 起伏, 喘息, 凸起"
hectare,"n. 公顷
"
hell,"n. 地狱, 邪恶势力, 苦境, 阴间, 毁坏, 训斥
vi. 狂饮, 飞驰"
helmet,"n. 钢盔, 盔, 防护帽
vt. 给...戴头盔"
heroin,"n. 海洛因, 吗啡
"
hinge,"n. 铰链, 关键, 枢纽
vt. 装铰链
vi. 靠铰链移动, 依...而转移"
hive,"n. 蜂房, 闹区, 蜜蜂群
vi. 进入蜂房, 储藏蜜于蜂房, 如蜂般群居
vt. 使进蜂房, 储备
"
hockey,"n. 冰球, 曲棍球"
hole,"n. 孔, 洞, 穴, 漏洞
vt. 挖洞, 掘坑
vi. 进洞, 凿洞"
homogeneous,"a. 同种的, 同质的, 齐性的
"
homosexual,"a. 同性恋的
n. 同性恋者"
honey,"n. 蜂蜜, 甜蜜, 爱人
a. 蜂蜜似的, 甜蜜的, 甘美的
vt. 加蜜使甜, 对...说甜言蜜语
vi. 说甜言蜜语, 奉承"
honeymoon,"n. 蜜月, 蜜月假期
vi. 渡蜜月"
horse,"n. 马, 骑兵, 脚架
vi. 骑马, 取笑
vt. 使骑马, 系马于"
horsepower,"n. 马力
"
hose,"n. 水管, 橡皮软管, 长统袜
vt. 用水管浇"
hotdog,v. 卖弄
hound,"n. 猎犬
vt. 带猎犬狩猎, 追捕, 激励, 使追逐"
hug,"n. 紧抱, 拥抱
vt. 紧抱, 坚持, 使沾沾自喜"
hurricane,"n. 飓风, 暴风, 暴风雨"
hydrogen,"n. 氢
"
hygiene,"n. 卫生保健, 卫生学, 保健法
"
hygienic,"a. 卫生学的, 卫生的, 促进健康的, 清洁的
"
hyphen,"n. 连字符
vt. 用连字符连接"
incandescent,"a. 白热的, 闪闪发光的, 辉耀的, 灿烂的
"
inch,"n. 英寸, 身高, 小岛
vi. 慢慢前进, 慢慢移动
vt. 使缓慢地移动"
incumbent,"a. 现任的, 依靠的, 负有义务的
n. 领圣俸者, 在职者"
inertia,"n. 惯性, 惰性, 迟钝
"
influenza,"n. 流行性感冒
"
insane,"a. 患精神病的, 极愚蠢的
"
insanity,"n. 疯狂, 愚顽, 精神错乱
"
island,"n. 岛, 岛屿, 孤立地区, 安全岛
vt. 使成岛状, 孤立"
isle,"n. 小岛, 群岛
vt. 使成为岛状
vi. 住在岛屿上"
jack,"n. 插座, 千斤顶, 男人
vt. 抬起, 提醒, 扛举, 增加, 提高, 放弃
a. 雄的
"
jargon,"n. 专门术语, 行话, 梦话, 土语
"
jaw,"n. 颚, 颌
v. 闲谈, 教训, 唠叨"
jealous,"a. 嫉妒的, 羡慕的, 留心的, 戒备的"
jealousy,"n. 妒忌, 猜忌, 羡慕
"
jelly,"n. 果冻, 果冻甜食, 胶状物
v. (使)结冻, (使)成胶状"
jockey,"n. 赛马骑师, 驾驶员, 操作工
vt. 骗, 瞒, 驾驶, 移动
vi. 当赛马的骑师"
jolly,"a. 愉快的, 高兴的, 宜人的
vt. 恭维, 使高兴, 取笑
vi. 开玩笑
adv. 非常, 极为"
kidney,"n. 肾, 个性
"
kilogram,"n. 千克, 公斤
"
kilometer,"n. 千米, 公里
"
kindergarten,n. 幼稚园
kit,"n. 装备, 工具箱, 成套工具
"
knob,"n. 把手, 瘤, 旋钮, 球形突出物
vt. 使有球形突出物
vi. 鼓起"
lad,"n. 青年, 家伙, 少年, 情人"
laser,"n. 激光
"
lass,"n. 少女, 爱人, 情妇"
laughter,"n. 笑, 笑声
"
lavish,"a. 大方的, 丰富的, 浪费的
vt. 浪费, 滥用, 慷慨给予"
leather,"n. 皮革, 皮制品, 马镫的皮带
vt. 覆以皮革, 鞭苔, 抽打
a. 皮革的, 皮制的"
leftist,"n. 左翼的人, 左派
a. 左派的"
lemon,"n. 柠檬, 柠檬树, 柠檬色
"
lemonade,"n. 柠檬水
"
lesbian,"a. 女同性恋的
n. 女同性恋者"
lest,"conj. 以免, 唯恐, 免得"
lieutenant,"n. 中尉, 助理人员, 副官"
lily,"n. 百合, 百合花
a. 洁白的, 纯白色的, 纯洁的"
limb,"n. 四肢, 枝干, 翼, 边缘
vt. 切断...之手足"
lime,"n. 石灰, 粘鸟胶, 酸橙
vt. 以石灰处理, 粘鸟胶于, 撒石灰"
linen,"n. 亚麻布, 亚麻线, 亚麻制品
a. 亚麻布制的, 亚麻的"
lion,"n. 狮子, 狮子(星)座, 国际狮子会会员"
lioness,n. 雌狮
lipstick,"n. 口红, 唇膏
"
liquid,"n. 液体, 流体, 流音
a. 液体的, 透明的, 明亮的, 流动的, 易变的"
liquor,"n. 酒, 液体, 汁, 溶液
vt. 浸水
vi. 喝酒"
liter,"n. 公升
"
litter,"n. 垃圾, 杂乱, 轿, 担架
vt. 乱丢, 铺草, 弄乱
vi. 产仔, 乱丢垃圾"
loaf,"n. 一条面包, 块, 游荡
v. 游手好闲, 虚度光阴"
locomotive,"n. 火车头, 机车
a. 运转的, 火车头的, 移动的"
lodge,"n. 小屋, 门房, 支部, 旅舍, 分会
vi. 临时住宿, 倒伏, 寄宿, 投宿
vt. 安顿, 容纳, 提出, 把...射入, 存放"
lodging,"n. 寄宿处, 寄宿
"
loneliness,"n. 寂寞, 孤独, 清静"
lonely,"a. 孤单的, 孤寂的, 荒凉的"
loop,"n. 环, 圈, 弯曲部分, 循环
vt. 使成环, 以圈结, 以环连结
vi. 打环, 翻筋斗
"
loophole,"n. 枪眼, 小窗, 换气孔"
lord,"n. 统治者, 阁下, 上帝
vi. 称王, 作威作福
vt. 使成贵族"
lorry,"n. 卡车, 货车
"
lotion,"n. 洗液
"
lottery,"n. 奖券, 彩票, 运气
"
lucrative,"a. 有利益的, 获利的, 合算的"
lung,"n. 肺, 肺脏, 空地
"
mall,n. 林荫路
man,"n. 男人, 人类, 人
vt. 为...配备人手, 操纵, 使振奋
"
maneuver,"n. 演习, 调遣, 策略
v. 调遣, 演习, 用计"
marathon,"n. 马拉松, 耐力的考验"
martyr,"n. 烈士, 受苦者, 受难者
vt. 使成为烈士, 使受苦"
Marxism,"n. 马克思主义
"
Marxist,"a. 马克思主义的
n. 马克思主义者"
massager,n. 按摩师
meaty,"a. 肉的, 似肉的, 多肉的"
melon,"n. 瓜, 甜瓜, 红利, 赃物
"
mercury,"n. 水银, 汞, 使者
"
merit,"n. 优点, 功绩, 价值, 功过, 真相
vt. 值得
vi. 应受"
meritorious,"a. 有功绩的, 有价值的, 可称赞的
"
meter,"n. 米, 公尺, 仪表, 计量器
vt. 以仪表计量"
meticulous,"a. 一丝不苟的, 精确的, 过细的"
metric,"a. 公尺的, 公制的, 计量的
"
midnight,"n. 午夜, 子夜, 半夜
a. 午夜的, 半夜的"
mile,"n. 英里, 很大距离
"
mileage,"n. 英里数
"
millimeter,"n. 毫米
"
millisecond,"n. 毫秒
"
ministerial,"a. 部长的, 内阁的, 执政的
"
mint,"n. 薄荷, 造币厂, 巨额
vt. 铸造, 铸币, 制造"
monthly,"n. 月刊
a. 每月的, 每月一次的"
mosquito,"n. 蚊子
"
moss,"n. 苔藓, 泥沼
vt. 使长满苔藓"
mouth,"n. 嘴, 口, 口腔, 口状物
vi. 装腔作势说话, 做鬼脸
vt. 说出, 做作地说"
mouthful,"n. 一口, 满口"
mug,"n. 有柄大杯, 脸, 苦读者
vt. 给...拍照, 攻击, 苦读
vi. 拼命用功"
mule,"n. 骡, 倔强之人"
mushroom,"n. 蘑菇形物, 蘑菇, 暴发户
vi. 迅速生长, 迅速增加, 采蘑菇
a. 蘑菇形的, 迅速生长的"
musical,"n. 音乐片, 音乐舞台剧
a. 音乐的, 声音美妙的, 喜爱音乐的"
musician,"n. 音乐家, 乐师, 作曲家"
mute,"n. 哑子, 哑音字母, 弱音器
a. 哑的, 无声的, 沉默的
vt. 减弱...的声音
vi. 排泄"
napkin,"n. 餐巾, 餐巾纸, 尿布"
naughty,"a. 顽皮的, 没规矩的, 不适当的, 下流的"
nearby,"a. 附近的, 近旁的
adv. 在附近, 近旁地
prep. 在...附近"
nephew,"n. 侄子, 外甥"
nickel,"n. 镍, 镍币, 五分镍币
vt. 镀镍于"
niece,"n. 侄女, 甥女"
nightly,"a. 每夜的, 夜间的
adv. 每夜"
nitrogen,"n. 氮
"
noun,n. 名词
oceanic,"a. 海洋的, 产于海洋的, 在海洋中生活的, 广阔的"
odor,"n. 气味, 香味, 名声, 意味
"
odorous,"a. 芬芳的, 臭的, 有气味的"
oily,"a. 油的, 油滑的, 油嘴的
"
olive,"n. 橄榄, 橄榄树, 橄榄色, 橄榄枝
a. 黄绿色的, 黄褐色的, 橄榄色的"
Olympiad,"n. (四年一次的)奥林匹克世界运动大会, 四年周期"
Olympic,"a. 奥林匹亚的, 奥林匹斯山的, 强有力的, 巨大的"
onion,"n. 洋葱
vt. 因洋葱使掉泪"
opera,n. 歌剧
orchestra,"n. 管弦乐队, 乐队演奏处"
ore,"n. 矿石
"
outer,"a. 外部的, 外面的, 在外的, 远离中心的
"
ox,n. 牛
oxide,"n. 氧化物
"
oxygen,"n. 氧
"
paddy,"n. 稻, 谷, 爱尔兰人, 警察
"
paint,"n. 油漆, 颜料, 绘画作品, 涂漆
vt. 油漆, 绘, 画, 描绘, 装饰, 点缀
vi. 绘画, 涂漆"
painter,"n. 画家, 油漆匠
"
pair,"n. 一双, 一对, 一副
v. (使)成对"
parish,"n. 教区, 堂区
"
parole,"n. 假释, 誓言, 释放宣言
vt. 宣誓后释放, 使假释出狱"
parrot,"n. 鹦鹉, 应声虫
vt. 学舌, 机械地模仿"
pasta,"n. 意大利面食
"
pastime,"n. 消遣, 娱乐, 游戏"
pastry,"n. 油酥点心, 面粉糕饼"
pasture,"n. 牧场, 草地, 牧草
vt. 放牧
vi. 吃草"
patrol,"n. 巡逻, 巡逻员, 侦察队
v. 巡逻, 巡视"
paw,"n. 爪
v. 以蹄扒地, 用爪子抓, 拼命抓, 向...乱抓, 笨拙地使用, 费力地前进"
pea,"n. 豌豆, 似豌豆的东西"
peach,"n. 桃子, 桃树, 桃色, 美人儿, 极好的事物
vt. 告发
vi. 告密, 检举"
peanut,"n. 花生, 小人物, 极小的数额
a. 渺小的, 微不足道的"
peg,"n. 钉, 桩, 栓, 藉口, 销子, 借口
vt. 钉木钉, 固定, 限制, 使受约束
vi. 坚持不懈地奋力于, 疾行"
penguin,"n. 企鹅, 空军地勤人员"
peninsula,"n. 半岛, 突出的地方, 伊比利亚半岛"
pepper,"n. 胡椒粉, 胡椒, 辣椒
"
pest,"n. 令人讨厌之物, 有害之物, 害虫, 瘟疫
"
petition,"n. 请愿, 诉状, 陈情书, 申请, 祈求, 祷文
v. 正式请求, 恳求, 请愿"
petitioner,"n. 请愿人, 诉愿人, (离婚案)原告
"
petrochemical,"a. 石化的, 石化制品的, 岩石化学的
n. 石化产品"
petrol,"n. 汽油
"
petroleum,"n. 石油
"
pianist,"n. 钢琴家, 钢琴演奏者"
pigeon,"n. 鸽子, 易上当受骗的人, 年轻女子"
pill,"n. 药丸, 弹丸, 屈辱, 胡说
v. 做成药丸, 形成丸状, 服药丸, 挫败, 抢劫"
pillar,"n. 柱子, 栋梁, 台柱, 重要的支持者
"
pinch,"n. 捏, 拧, 撮, 少量, 收缩, 挤压, 夹痛, 苦恼, 逮捕, 指控, 匮乏, 紧急关头
vt. 捏, 拧, 掐, 挤压, 修剪, 使困苦, 使萎缩, 节制, 少量加入, 逮捕, 勒索
vi. 收缩, 节省, 挤压, 引起苦恼"
pint,"n. 品脱(干量或液量的单位)
"
pistol,"n. 手枪, 信号枪
vt. 以手枪杀死(或伤害)"
pity,"n. 遗憾, 同情, 怜悯, 憾事, 可惜
vt. 同情, 怜悯
vi. 觉得可怜, 有同情心"
pizza,n. 比萨饼
plural,"n. 复数
a. 复数的, 两个以上的"
pond,"n. 池塘
v. 筑成池塘"
Pope,"n. 罗马教皇, 主教"
porcelain,"n. 瓷器, 瓷
a. 瓷制的"
porch,"n. 门廊, 走廊"
pork,"n. 猪肉
"
porridge,"n. 粥, 糊"
porter,"n. 大楼管理员, 门房, 搬运工人, 侍者, 服务员
"
postcard,n. 明信片
pot,"n. 盆, 罐, 壶, 坩埚, 奖杯
vt. 装入盆中, 在锅中煮, 随手射击
vi. 随手射击"
pottery,"n. 陶器, 陶器厂
"
poultry,n. 家禽
preposition,"n. 前置词, 介词"
priest,"n. 祭司, 牧师, 神父, 神质人员, 僧侣, 泰斗"
prone,"a. 俯伏的, 面向下的, 有...倾向的
"
pronoun,n. 代词
propaganda,"n. 宣传, 宣传活动
"
protocol,"n. 草案, 礼仪, 协议
v. 拟定
"
pudding,n. 布丁
pumpkin,n. 南瓜
quart,"n. 夸脱
"
reciprocal,"a. 互惠的, 相互的, 相等的, 倒数的, 彼此相反的
n. 倒数, 互相起作用的事物"
refrigeration,"n. 冷却, 冷藏, 冷冻
"
refrigerator,"n. 电冰箱, 冷藏库
"
relaxation,"n. 松弛, 放松, 减轻, 缓和, 休息, 休养
"
remnant,"n. 剩余, 零料, 遗迹
a. 剩余的, 残余的"
renaissance,"n. 复活, 复兴, 文艺复兴
a. 文艺复兴的"
repertoire,"n. 全部剧目, 全部技能, 全部节目, 全部作品"
retarded,a. 智力上迟钝的
revolt,"n. 叛乱, 反抗, 反感
vi. 叛乱, 反抗, 起义, 厌恶, 反感
vt. 使反感, 使恶心"
rib,"n. 肋骨, 肋状物, 笑话
vt. 装肋状物于, 戏弄"
ridge,"n. 脊, 山脊, 山脉
"
rifle,"n. 来复枪, 步枪
vt. 用步枪射击, 抢夺
vi. (抱有不良意图)迅速翻查"
rig,"n. 装备, 帆装
vt. 装配, 装扮, 给船装帆, 垄断, 操纵"
rob,"v. 抢夺, 抢掠, 剥夺"
robbery,"n. 抢掠, 抢夺
"
rod,"n. 竿, 笞鞭, 小枝
"
rug,"n. 小块地毯, 揭露某人"
sadden,"vt. 使忧愁, 使悲哀
vi. 忧愁, 悲哀"
salad,n. 色拉
salmon,"n. 鲑鱼, 大麻哈鱼
"
salon,"n. 大会客室, 大厅, 客厅, 交谊室, 沙龙, 美术展览馆, 画廊, 美容院, 发廊"
salty,"a. 有盐分的, 咸味浓的, 海洋的, 辛辣的, 有经验的"
sandwich,"n. 三明治, 夹心面包, 夹层板
vt. 插入, 夹入, 把...制成三明治"
sandy,"a. 沙的, 沙地的, 多沙的"
sauce,"n. 酱油, 调味汁, 酱
vt. 给...调味, 使增加趣味"
sausage,"n. 香肠, 腊肠"
scissors,"pl. 剪刀
"
sergeant,"n. 警察小队长, 军士"
shark,"n. 鲨鱼, 骗子
v. 诈骗"
sheep,"n. 羊, 胆小者"
shell,"n. 贝壳, 壳, 外形, 炮弹
vt. 去壳, 脱落, 炮轰
vi. 剥落, 脱壳
"
shrimp,"n. 虾, 小虾, 矮子
vi. 捕小虾"
silicon,"n. 硅
"
silk,"n. 丝, 绸, 绸锻类, 丝织品
a. 丝的, 丝织的"
silky,"a. 丝的, 柔滑的"
silly,"a. 愚蠢的, 糊涂的"
skeleton,"n. 骨骼, 骨瘦如柴的人, 梗概, 骨干, 残骸
a. 骨骼的, 概略的, 基层的, 骨干的
"
slaughter,"n. 残杀, 屠杀, 杀戮
vt. 残杀, 屠杀, 亏本出售"
slope,"n. 倾斜, 斜坡, 斜率, 扛枪姿势
vt. 使倾斜, 弄斜, 扛
vi. 倾斜, 走, 逃走"
smoky,"a. 冒烟的, 满是烟的, 熏脏的, 烟灰色的"
snail,"n. 蜗牛, 行动迟缓的人, 脑筋迟钝的人, 蜗形凸轮
vt. (蜗牛般)缓慢地打发(时间)
vi. 缓慢移动"
snake,"n. 蛇, 阴险的人
vi. 曲折行进
vt. 迂回, 拉, 急抽"
snob,"n. 势利的人, 假内行"
snobbish,"a. 自命不凡的, 势利的"
soap,"n. 肥皂, 阿谀
vt. 以肥皂洗, 阿谀
"
sob,"vi. 啜泣, 呜咽
vt. 哭诉, 哭得使
n. 啜泣, 呜咽"
sober,"a. 未醉的, 稳重的, 节制的, 严肃的, 不夸大的, 合理的, 朴素的
vt. 使醒酒, 使严肃
vi. 从醉里醒来, 变严肃"
soccer,n. 英式足球
soda,"n. 苏打, 碳酸水
"
sodium,"n. 钠
"
soil,"n. 土壤, 土地, 国家, 国土, 温床, 污物, 粪便, 水池
vt. 弄脏, 污辱
vi. 变脏"
souvenir,n. 纪念品
spade,"n. 铲子, 锄, 铲刀, 黑桃
vt. 以锄掘, 把...弄实抹平
vi. 铲"
spaghetti,n. 意大利面条
spear,"n. 矛, 枪, 持矛者, 嫩枝
vt. 用矛刺
vi. 刺, 戳
a. 父系的"
spider,"n. 蜘蛛, 设圈套者
"
spoon,"n. 匙, 调羹, 匙形工具
vt. 以匙舀起, 调情, 使成匙状"
spoonful,"n. 一匙
"
sprawl,"vi. 伸开手足躺, 爬行, 蔓生, 蔓延
vt. 懒散地伸开, 使蔓生, 使不规则地伸展
n. 伸开手足躺卧姿势"
squad,"n. 班, 小队, 小集团
vt. 编成班"
stair,"n. 梯级, 楼梯, 阶梯"
steak,"n. 牛排, 鱼排, 肉排"
steward,"n. 管理人, 招待员, 管家, 乘务员
"
stewardess,"n. 空中小姐, 女管理人, 女管家"
stocking,"n. 长袜
"
stomach,"n. 胃, 食欲, 欲望, 肚子
vt. 吃下, 忍受"
stoop,"n. 佝偻, 屈从, 弯腰
vi. 弯下, 屈从, 弯腰, 堕落
vt. 使屈从, 使弯曲"
sulfur,"n. 硫, 硫磺
vt. 用硫磺处理"
tack,"n. 平头钉, 大头钉, 粗缝针脚, 行动方针, 食物
vt. 以大头针钉住, 附加"
tanker,"n. 坦克手, 油船, 空中加油飞机, 运油飞机, 油槽/水槽汽车
"
tedious,"a. 沉闷的, 冗长乏味的"
tennis,n. 网球
tertiary,"a. 第三的, 第三位的, 第三产业的
n. 第三修道会会员, 第三纪
第三的; 三代的(指无机盐)"
thermometer,"n. 温度计, 体温计
"
thief,"n. 小偷, 贼
"
thigh,"n. 大腿, 股
"
thunder,"n. 雷, 雷声
vi. 打雷, 轰隆地响, 怒喝
vt. 大声喊出, 轰隆地发出"
thunderous,"a. 将要打雷的, 像打雷的"
tick,"n. 滴答声, 一瞬间, 壁虱, 褥套, 信用, 赊欠
vi. 滴答响, 活动
vt. 滴答地记录, 标记号于"
tickle,"n. 胳肢, 痒
vt. 胳肢, 使发痒, 使快乐, 逗乐
vi. 觉得痒, 使人痒"
tile,"n. 砖瓦, 瓷砖, 瓦片
vt. 铺以瓦, 铺以瓷砖
"
timber,"n. 木材, 木料
vt. 用木材建造"
tobacco,"n. 烟草, 香烟
"
toe,"n. 足趾, 趾部, 脚趾
vt. 以趾踏触, 用脚尖走
vi. 动脚尖"
token,"n. 表征, 记号, 代币
a. 象征的, 表意的
"
torch,"n. 火把, 启发之物
"
tornado,"n. 旋风, 龙卷风, 大雷雨"
tract,"n. 大片土地, 地带, 小册子
"
tractor,"n. 牵引器, 拖拉机, 拉纸器
"
transistor,"n. 晶体管
"
trauma,"n. 外伤, 损伤
"
traumatic,"a. 外伤的, 创伤的
"
troop,"n. 军队, 一群, 一队
vi. 群集, 结队, 成群而行"
turkey,"n. 火鸡, 无用的家伙, 土耳其"
turtle,n. 海龟
ugliness,n. 丑陋
ugly,"a. 丑陋的, 邪恶的, 险恶的, 不祥的
n. 丑陋的人(或物)"
unanimous,"a. 意见一致的, 无异议的"
underwear,n. 内衣
upstairs,"a. 楼上的
adv. 在楼上, 向楼上, 处于更高地位
n. 楼层"
uranium,"n. 铀
"
valve,"n. 活瓣, 阀, 活门
v. 装阀, 用阀调节"
velvet,"n. 天鹅绒
a. 天鹅绒的"
vendor,"n. 小贩, 卖主, 自动售货机
"
vent,"n. 排气口, 出口, 通风孔, 发泄
vt. 发泄, 排出, 给...开孔"
verb,"n. 动词
"
vinegar,"n. 醋, 尖酸刻薄
vt. 加醋于"
volt,"n. 伏特
"
voltage,"n. 电压, 伏特数
"
wagon,"n. 四轮马车, 货车
"
warmth,"n. 温暖, 温情, 暖和, 激动, 生气"
watt,"n. 瓦(特)
"
wedge,"n. 楔子, 楔形物, 起因, 导致分裂的东西
vt. 楔住, 挤进, 楔入
vi. 楔入, 挤进"
wet,"n. 湿气, 潮湿, 水分, 雨天
a. 湿的, 潮的, 搞错的, 下雨的, 反对禁酒的
vi. 变湿
vt. 使...湿"
whale,"n. 鲸
vi. 捕鲸
vt. 使惨败, 猛揍"
wharf,"n. 码头
vt. 卸在码头上, 靠码头
vi. 靠码头, 入坞"
whisky,"n. 威士忌酒, 轻便马车
"
wholly,"adv. 完全地, 整个, 统统, 全部
"
wicked,"a. 坏的, 邪恶的, 缺德的, 刻毒的, 恶劣的, 淘气的"
widen,"vt. 弄宽, 加宽, 扩大
vi. 变宽, 扩大"
width,"n. 宽度, 宽广, 广博
"
wolf,"n. 狼, 残忍贪婪之人, 极度穷困
vt. 狼吞虎咽, 大吃"
worm,"n. 虫, 蠕虫, 小人物, 螺纹, 蜗杆
vi. 蠕行, 慢慢前进
vt. 使蠕行, 慢慢地走, 除虫
"
wretched,"a. 可怜的, 不幸的, 卑鄙的"
yacht,"n. 快艇, 游艇
vi. 驾游艇, 乘游艇"
yard,"n. 码, 庭院, 工场
"
yearly,"a. 每年的, 一年一度的
adv. 一年一次, 每年"
yoga,n. 瑜珈
yoghurt,"n. 酸乳, 酸奶"
zoological,a. 动物学的
zoologist,"n. 动物学家
"
zoology,"n. 动物学, 动物区系
"
zoom,"n. 急速上升, 变焦摄影, 嗡嗡声
vi. 猛增, 急速上升, 摄象机移动
vt. 使摄象机移动
"
aberration,"n. 离开正路, 偏离, 畸变, 光行差, 心理失常, 色差
"
absenteeism,"n. 经常无故缺席, 旷职, 旷工, 旷课
"
absent-minded,"adj. 茫然的
"
accidentally,"adv. 偶然地, 意外地"
adept,"a. 熟练的, 老练的, 巧妙的
n. 能手, 内行"
adrift,"adv. 漂流地, 漂浮着, 随波逐流地
a. 漂浮着的"
affinity,"n. 吸引, 姻亲关系, 类同
"
afflict,"vt. 使苦恼, 折磨"
airbag,[机] 空气囊
airtime,电影或电视节目开始的时间
airway,"n. 空中航线, 风道
"
alumnus,"n. 男毕业生, 男校友"
Antarctic,"a. 南极的, 南极地带的
n. 南极地区"
Antarctica,n. 南极洲
apparel,"n. 衣服, 外表
vt. 使穿衣, 装饰"
Arctic,"a. 北极的, 极寒的
n. 北极圈, 北极"
autism,"n. 孤独症
"
ballot,"n. 投票, 投票用纸, 抽签
vi. 投票, 抽签
vt. 投票选出, 拉选票"
basics,"n. 最简单但最重要的部分, 基本, 基础训练"
bearded,"a. 有须的, 有胡子的"
bellboy,n. 侍者
bestow,"vt. 授予, 使用, 贮藏, 留宿"
binding,"n. 装订
"
blemish,"n. 污点, 缺点
vt. 弄脏, 玷污, 损害"
boulder,"n. 大圆石
"
branding,"[法] 刺字刑, 烙印"
brushstroke,"n. 一笔, 一画, 绘画的技巧"
bulletproof,a. 防弹的
burrow,"n. 洞穴, 藏身处
vi. 掘洞穴, 躲藏
vt. 掘, 打洞"
canon,"n. 教会法规, 圣典, 准则, 标准, 教士
"
catalyst,"n. 触媒, 接触剂, 催化剂, 刺激因素, 促进因素
"
chalkboard,n. 黑板
chiefly,adv. 主要地
cliquish,a. 小集团的
cod,"n. 鳕, 欺骗, 愚弄
v. 欺骗, 愚弄"
collateral,"a. 并行的, 附随的, 旁系的
n. 旁系亲属, 担保品"
combined,a. 结合的；组合的
combustion,"n. 燃烧, 骚动
"
compatriot,"n. 同国人
a. 同国的, 同胞的"
composure,"n. 镇静, 沉着"
conductive,"a. 传导性的, 有传导力的, 传导的
"
conversely,"adv. 相反, 逆, 颠倒, 反题, 反"
debit,"n. 借方, 借
vt. 记入借方"
decency,"n. 得体, 礼貌, 正派
"
decode,"vt. 解码, 译解
"
deflate,"vt. 放气, 抽出空气, 使缩小
vi. 缩小"
deflation,"n. 放气, 缩小, 通货紧缩
"
devoted,"a. 投入的, 深爱的"
disconnect,"vt. 使分离, 使不相连, 拆开
vi. 断开
"
discretionary,[计] 选择的
dismissive,a. 轻视的
disproportionate,a. 不成比例的
dissenter,"n. 持异议者, 不同意者, 不顺从国教者"
distinguished,"a. 卓著的, 著名的"
disturbing,"a. 引起烦恼的, 令人不安的"
dreamlike,"a. 梦一般的, 梦幻的"
drone,"n. 雄蜂, 懒惰者, 嗡嗡的声音, 无人驾驶飞机(或船)
vi. 嗡嗡作声, 混日子
vt. 低沉地说"
egalitarian,"a. 平等主义的
n. 平等主义"
elixir,"n. 炼金药, 不老长寿药, 万能药
"
empathy,"n. 移情作用, 共鸣
"
encrypt,[计] 加密
engaged,"a. 忙碌的, 使用中的"
enshrine,"vt. 入庙祀奉, 铭记"
fakery,"n. 伪造, 赝品, 假货, 伪装, 捏造
"
faraway,"a. 遥远的, 恍惚的, 出神的"
farsighted,"a. 能看到远处的, 有先见之明的, 远视的
"
firmly,"adv. 坚固, 坚定, 断然"
forbidden,"a. 被禁止的, 严禁的
forbid的过去分词"
frequently,"adv. 频繁, 经常地"
fruitless,"a. 不结果的, 不长果实的, 无子的"
futurist,"n. 未来派画家, 未来主义者"
futuristic,a. 未来派的
geothermal,"a. 地温的, 地热的"
glimmer,"n. 一丝光线, 微光, 少许
vi. 发微光"
goggles,"n. 护目镜, 风镜
"
gravitate,"vi. 被重力吸引, 沉下, 下降
vt. 使受重力吸引"
guarded,"a. 被防护着的, 被监视着的, 警戒着的"
guidebook,"n. 指南, 手册, 要览"
guideline,"n. 指导路线, 方针, 指标
"
halo,"n. 晕轮, 光圈, 晕状物, 荣光
vt. 使有晕轮, 围以光环
vi. 成晕轮"
hatchling,n. 人工孵化的鱼苗或小鸟
haunted,"a. 常出现鬼的, 闹鬼的"
haunting,"a. 常浮现于脑海中的, 不易忘怀的"
headcount,"n. 点人头数总人数, 职员总数"
high-profile, 鲜明的姿态
holistic,
hotspot,n. 热区；热点
humanistic,"a. 人本主义的, 人道主义的
"
hunch,"n. 肉峰, 预感, 大块
vt. 弯腰驼背, 预感到, 耸肩
vi. 向前移动, 隆起"
hyperlink,[计] 超级链接
impoverish,"vt. 使贫穷, 耗尽...的力气"
impressionism,"n. 印象主义, 印象派"
imprint,"vt. 印, 铭刻
n. 印, 印记, 特征, 痕迹, 版本说明"
inanimate,"a. 失去知觉的, 没生命的, 无精打采的
"
incalculable,"a. 无法计数的, 无数的, 不可预料的"
incremental,"a. 增加的, 增值的
"
indefinitely,adv. 无期限地
indiscriminate,"a. 无差别的, 任意的, 杂乱的
"
injustice,"n. 不公平, 非正义的行为
"
insecure,"a. 不安全的, 不牢靠的, 不坚固的, 不稳定的"
instill,"vt. 滴注, 慢慢地灌输"
insurer,"n. 保险公司
"
intercept,"n. 截取, 妨碍, 截距
vt. 拦截, 阻止, 截取"
interconnect,vt. 使互相连接
intimidating,"vt. 恐吓, 威胁( intimidate的现在分词)"
introspect,"vt.vi. 进行反省
"
inventive,"a. 善于创造的, 发明的"
irreversible,"a. 不可逆的, 不可改变的, 不能倒置的, 不能翻转的, 不能倒转的, 不可撤销的
"
jogger,n. 慢跑者；[印刷]撞纸机
justifiable,"a. 可辩解的, 可证明的, 有理的
"
lament,"n. 悲叹, 悔恨, 恸哭, 挽歌, 悼词
vt. 哀悼
vi. 悔恨, 悲叹"
lemming,n. 旅鼠
lesser,"a. 较少的, 较小的, 次要的"
lighten,"vt. 照亮, 点亮, 减轻, 使轻松, 闪出
vi. 发亮, 打闪, 变轻"
lighter,"n. 点火者, 点灯工人, 打火机, 驳船
vt. 以驳船搬运"
lighting,"n. 照明, 照明设备, 舞台灯光"
lightly,"adv. 轻轻地, 少许, 不费力地"
linear,"a. 线的, 直线的, 线状的
"
locust,"n. 蝗虫, 蚱蜢, 蝉"
logistics,"n. 后勤学, 后勤
"
lousy,"a. 污秽的, 恶心的, 生虱的"
malfunction,"n. 故障, 失灵, 疾病
vi. 发生故障, 不起作用
"
marginalize,"vt.使处于社会边缘,使脱离社会发展进程, 忽视,排斥"
marginally,"adv. 记在页边, 有旁注, 边缘, 边沿地区, 边际, 限界, 勉强够格, 无关紧要, 少量"
marked,"a. 有记号的, 显著的, 醒目的
"
Medicaid,"n. 医疗补助方案, 医疗补助项目
"
meltdown,"[经] 销毁(货币等), 变卖(财产)"
merciless,"a. 无慈悲心的, 残忍的"
millennium,"n. 千禧年, 一千年"
millisecond,"n. 毫秒
"
misguided,a. 被误导的
misinterpret,vt. 曲解
mobility,"n. 可动性, 流动性, 机动性
"
monologue,"n. 独白, 独脚戏, 独白场面, (非正式)(贬)滔滔不绝的话"
mower,"n. 刈草的人, 刈草机"
multitask,"n. 多重任务
vt. 使处理多重任务"
nanotechnology,"n. 纳米技术, 毫微技术; 纤技术"
needless,"a. 不需要的, 不必要的"
nonprofit,"a. 非赢利的, 无利可图的
"
occupied,a. 已占用的；使用中的；无空闲的
organized,"a. 有组织的, 组织起来的"
outlive,"vt. 比...经久, 比...活得长, 度过(风暴)而健在"
outpace,"vt. 超过...速度, 赶过"
outsource,vt. 把…外包
outweigh,"vt. 比...重, 比...重要, 比...有价值"
overcrowd,"vt. 容纳过多的人, 使过度拥挤"
overestimate,"vt. 评价过高, 过高估价
n. 估计过高, 评价过高"
overseer,"n. 监督, 工头
"
overshadow,"vt. 遮阴, 使阴暗, 使失色, 使相形见绌, 使蒙上阴影"
overview,"n. 概述, 概观, 总的看法
"
paternal,"a. 父亲的, 父系的, 似父亲的, 得自父亲的, 家长式统治的
"
paternity,"n. 父亲身份, 父系血统, 创始人(身份), 来源, 出处
"
peon,"n. 劳工, 短工, 马夫, 劳役犯, (土著)警察, 勤杂工
"
periodically,"adv. 定期, 循环, 间歇, 周期, 定期刊行, 期刊"
perishable,"a. 易腐坏的, 会枯萎的, 易毁灭的, 不经久的
n. 易腐坏的东西"
pinpoint,"n. 极小之物, 针尖, 立锥之地, 精确位置
vt. 精确地找到, 准确地轰炸, 刺穿, 准确描述, 使突出, 强调
a. 针尖的, 极微的, 精确的, 详尽的, 精确定位的"
postdoctoral,a. 博士后的
postgraduate,"a. 大学毕业后的, 大学研究院的
n. 研究生"
predictive,"a. 预言性的, 成为前兆的"
predictor,"n. 预言者
"
predominantly,"adv. 主要地, 显著地, 大多数地, 突出地"
prepaid,a. 先付的
pretax,a. 税前的
prioritize,"vt. 按优先次序列出, 优先考虑"
proactive,a. 〈心理〉前摄的
procrastination,"n. 拖延, 因循, 耽搁
"
properly,"adv. 适当地, 相当地"
proportionate,"a. 相称的, 成比例的, 适当的
vt. 使相称, 使成比例"
punitive,"a. 刑罚的, 惩罚性的
"
rationalize,"vt. 使合理, 合理地处理, 使有理化
vi. 合理地思考"
rationing,"n. 定量配给
"
refreshing,"a. 使清爽的, 有精神的, 爽快的"
relive,"vi. 再生, 复活
vt. 再体验"
reminiscence,"n. 回想, 回忆, 怀旧, 话旧"
reminiscent,"a. 回忆的, 怀旧的
n. 往事叙述者, 回忆录作者"
repossession,"n. 取回
"
revitalization,"[医] 复苏, 回生, 复新"
revolutionize,"vt. 向...鼓吹革命, 使发生革命性剧变"
rewrite,"vt. 重写, 改写, 改写新闻, 书面答复
vi. 修改旧作
n. 改写的作品
"
robotics,"[计] 机器人学, 自动机工程学"
salient,"a. 显著的, 突出的, 跳跃的
n. 凸角, 突出部分"
satisfied,a. 感到满意的
scattered,"a. 分散的, 散乱的
"
sedentary,"a. 久坐的, 坐惯的, 定栖的
"
sever,"vt. 切断, 脱离, 分开, 使分离, 断绝, 中断
vi. 断, 裂开"
severely,"adv. 严格, 尖锐, 严肃, 严重, 严厉, 朴素"
sewage,"n. 脏水, 污水
"
shadowy,"a. 有影的, 暗黑的, 朦胧的, 虚幻的"
shale,n. 页岩
short-sighted, [医]近视的
sluggish,"a. 偷懒的, 懒惰的, 迟钝的
"
soybean,"n. 大豆
"
spotless,"a. 无脏污的, 无缺点的, 无可挑剔的"
standstill,"n. 停止, 停顿
"
subprime,"a. 准一流的, 近乎头等的; 准最低贷款利率的"
subsequently,"adv. 后来, 随后"
substandard,"a. 标准以下的, 不合规格的
"
suited,a. 适合的
supernatural,"a. 超自然的, 神奇的
"
superpower,"n. 超级强权, 超级大国
"
tactic,"n. 一项战术, 一条策略
a. 战术的, 顺序的, 排列的"
taxpayer,"n. 纳税人
"
template,"n. 样板, 模板, 垫木
"
tenancy,"n. 租用, 租赁
"
theoretician,n. 理论家
thinker,"n. 思想者, 思想家"
toddler,"n. 蹒跚行走的人, 学步的小孩, 学步的幼儿, (非正式)信步走的人"
savvy,"v. 理解, 领悟
n. 理解能力, 机智, 悟性"
transact,"vt. 办理, 处理
vi. 作交易, 谈判"
trophy,"n. 战利品, 奖品
vt. 用战利品装饰"
trustworthy,"a. 可信赖的
"
unaware,"a. 未认识到的, 不知道的
"
unconventional,"a. 不依惯例的, 非传统的, 非常规的"
undocumented,"a. 无正式文件的, 无事实证明的"
unexpected,"a. 料想不到的, 突然的, 意外的
"
unfair,"a. 不公平的, 不正直的, 不正当的
"
unfamiliar,a. 不熟悉的
unfinished,a. 未完成的
unforeseen,a. 未预料的
unfounded,"a. 没有事实根据的, 没有理由的, 虚幻的, 未建立的
"
united,"a. 联合的, 团结的, 一致的, 和睦的
"
unlike,"a. 不像的, 不同的
prep. 不像, 和...不同"
unnecessary,a. 不必要的
unpredictable,a. 不可预知的
unthinking,"a. 欠考虑的, 不留心的, 无思考能力的"
unusual,"a. 不寻常的, 罕见的, 与众不同的"
unwholesome,"a. 不卫生的, 不适合健康的, 有害身体的, 腐败的
"
unwittingly,adv. 不知情地；不知不觉地；不经意地
unworthy,"a. 不值得的, 不相称的"
upheaval,"n. 举起, 隆起, 大变动, 剧变"
vengeance,"n. 复仇, 报仇
"
versed,"a. 熟练的, 精通的"
viewpoint,n. 观点
warm-hearted,"a. 热烈的, 热心的, 富有同情心的, 热情的"
whimsical,"a. 怪念头多的, 反复无常的, 古怪的, 异想天开的"
wrong-headed,"a. 执迷不悟的, 固执错误的"
