10% discount,无
50% off,无
a balance of nature,无
a beach person,无
a bunch of,"一束,一串,一群"
a chunk of,无
a complicated question,无
a couple of,"一对..., 三两个..."
a flash of,无
a foot of,无
a group of,"一组,一队,一群,一伙,一批…"
a heavy line,无
a heavy schedule,无
a herd of,一群
herds of,"成群,大量(指人时含蔑视意义)"
a lack of, 缺乏，缺少
a matter of time,[网络] 时间问题；花落花开；迟早的事
a money order,无
a pay raise,加薪
a phone call away,无
a portion of,"一部分的…;一份,一客"
a ... portion of,"一部分的…;一份,一客"
a range of, 一系列; 一些; 一套
a series of,"一系列..., 一批..."
a train schedule,无
a flight schedule,无
a vertical line,无
a waste of, 浪费…
a while back,不久前，几周(或几月)前
abnormal behavior,异常行为
above all,"尤其是, 首先"
absolute advantages,[网络] 绝对优势理论
academic advisor,"导师,指导教师"
academic calendar,校历
academic schedule,无
access to,有权使用
according to,"根据, 按照；取决于；据…所说"
account for,对…负有责任；对…做出解释；说明……的原因；导致；（比例）占
acquaint ... with,"na. 把(事实)告知(某人)
"
adapt to,适应…;适合…
adapt ... for,把…改成…; 为…改…
advance in,进步；改进
advanced degree,高级学位
adverse aspect,无
Advertising Topic,无
afford to, （买）得起（某物）
afford to do sth.,[网络] 负担得起做某事；付得起；有能力
after all,毕竟
ahead of schedule,提前
air currents,【流体力学】(空)气流；风
air pressure,[医] 气压
all along,"始终, 一直"
all the way,"从远道, 自始至终, 一路上"
all year around,无
along with,"与…一道,与…一起,连同…"
alternative fuel, 代用燃料; 人造液体燃料; 合成马达燃料; 石油燃料代用品
alternative theory,无
an answer to,无
an epidemic of,无
an extra day's time,无
analyze the data,无
ancient city, 古城
ancient times, 上古；古代；皇古；远古
animated cartoon," 卡通片, 动画片"
anything but,"单单除...之外, 决不"
appeal to,[法] 诉诸...
application form,"[经] 空白申请书, 申请书格式"
apply for,"申请,请求,要求…"
apply to,[计] 应用于
apply to customs,无
aquatic environment,水生环境
arbitrary character,无
arbitrary decision,"[法] 武断的决定, 强断, 包办"
arms trade,n. 军火贸易
army of volunteers,无
arouse ... from,v. 唤醒
arouse one's anxiety,无
arouse one's curiosity,无
arouse one's interest,无
art exhibit,无
artesian spring,自流泉
artesian well,[医] 自流井
artificial bone tissue,无
artificial light,[机] 人造光
artificial organs,[计] 人工脏器
artificial satellite,[计] 人造卫星
artistic works, 艺术作品
as a matter of fact,事实上
as a result,结果
as far as I am concerned,就我个人而言
as far as I know,就我所知
as good as,"和...几乎一样, 实际上等于..."
as hard as nails,"身体结实, 冷酷无情"
as tough as nails,无
ask for permission,请求许可
assign to,"un. 指定(时间、地点)；提出(理由等)；分配；分给…用
"
assigned books,无
associate professor,副教授
associate with,"v. 与…联系
"
assume obligation,[法] 担负义务
asteroid explosion,无
astronomical object,无
astronomical observatory,n. 天文台
astronomy class,无
astronomy society,无
at a discount,"打折扣, 没销路, 不受欢迎
"
at any rate,"无论如何, 至少"
at home with, 熟悉，精通
at least,"至少
"
at regular intervals,"每隔一定间隔
"
at sb.'s service,无
at the age of,在…年龄的时候
at the end of,"在…末尾,在…结束时"
at the head of,在...的最前面
at the rate of,以…速度
at the request of,根据…的请求
at this rate,这样的话
at work,"在工作, 在运转"
atom of,无
attend the conference,无
attend the tournament,无
attribute to,"na. 认为(成功)是(努力)的结果
"
await trial,候审
award ceremony,[网络] 颁奖典礼；颁奖仪式；职业赛颁奖仪式
back on one's feet,重新振作起来
back out,"停止不干, 食言
"
back of,在…后面;在…以前;是…的起因
bacteria infection,无
baggage counter,无
balance one's budget,无
balance oneself,保持平衡
barter with sb. for sth.,无
base on,"v. 根据
"
base upon,使建立在…基础上
basic element,基本元素
basic rights, 基本权利
be absent from,缺席
be abundant in,"富于,有很多"
be adequate for,无
be allergic to,"对…有过敏反应,厌恶…"
be attracted to,[网络] 被……所吸引；被吸引到；对……有吸引力的
be authorized to,无
be available to,可被...利用或得到的
be away from, 远离；从…离开; 距离
be composed of ...,由...组成
be concerned about,关心...
be cut out for,"适合于, 天生是...的料子"
be dedicated to sth.,"奉献于,献身于,题献给"
be dedicated to doing sth.,无
be depleted of,无
be different from,"与…不同,和…不一样"
be distracted by,被…搞得心烦意乱;被…搞得要发狂
be due, 到期
be effective from,无
be eligible for,"适合…,有资格…"
be eligible to do sth.,无
be equivalent to,"[计] 等价的, 等效的, 等值的"
be expected to, 被期待做某事; 有望做某事; 期许
be extracted from,无
be familiar to,对…熟悉的
be familiar with,熟悉
be free from,免于…
be full of remorse,无
be filled with remorse,无
be head and shoulders above,无
be identical to,与...相同
be identical with,与...相同
be in blossom,[网络] 开花
be in cooperation with,无
be in the dark,[网络] 蒙在鼓里；被蒙在鼓里；毫不知情
be kidding,[网络] 开玩笑；在开玩笑
be made of,由...所组成
be notorious for,因…而声名狼藉
be objective about,无
be off,"离开,取消,竣工,变坏"
be on medication,无
be on medication for sth.,无
be out of condition,身体很好[不适]
be out of focus,无
be prepared for,为…作好了准备
be pumped out,"累极, 喘得上气不接下气"
be puzzled by,无
be related to,"与...有关, 和...有联系, 和...有亲戚关系"
be relieved to,无
be resistant to,"抵抗...的, 对...有耐药力的"
be responsible for,"引起..., 是...的原因, 对...起作用, 构成...的一部分
"
be reviewed as,无
be scanned into digital files,无
be scheduled for,"订于…,定于…"
be secure from,无
be stuck,"v. 受骗,被接纳"
be superior to,"优于…,胜过…,比…更优越;不受…影响,不为…所动"
be supposed to,"应该, 被期望"
be sure of,"确信..., 肯定..., 对...有把握"
be surprised to,无
be surprised at,对…惊讶
be swamped with,"陷入…,忙于应酬…,对…接应不暇"
be through,"完成,做完;弃绝,嫌弃;完蛋"
be through with,"完成, 弃绝"
be up to,"胜任,达到,由…负责"
be used to,习惯于
get used to,习惯于...
beaver fur,n. 海狸皮
begin with,"以…开始,首先"
behave yourself, 行为规矩些
behavior communication,无
behind schedule,落后于预定计划
belong to,属于
benefit concert,慈善音乐会
benefit from,从…获利
benefit by,"得益于…,从…中获得好处"
bestow ... on ...,v. 赠与
bestow ... upon ...,[网络] 赠与
better watch one's step,无
between you and me,只限于我俩之间
beyond one's control, [法]难以约束; 不由自主
big deal,"n. [美国俚语]名人, 要人, 要员, 大人物; [轻蔑语, 常用作反语, 表示不赞同]了不起的事, 极其重大的事"
big bucks, 一大笔钱
big megabucks,无
bird migration,鸟类迁徙
birthday greeting,无
Christmas greeting,无
bitter flavor,无
blend in, （使）（与…）和谐或协调
blend in with,与…协调〔和谐〕
block out,"na. 画略图；拟大纲；同“block in ”
"
blonde hair,无
blood sample,"un. 血样
"
boundary line,"[法] 疆界线, 边界线"
brand of,无
break down,"v. 分解；抛锚；分析；划分
"
break out into,"长出;突然发出,迸发出"
brief holiday greeting,无
brief introduction, 简短介绍；简介
bring about,"na. 造成；带来；【航】(使船)回转
"
bring down,na. 降低；击落；削减；使落下
bring forth,使产生
bring home the bacon,"成功, 谋生"
bring sb. to trial,审判某人
broad claims,无
bubble economy,泡沫经济
buck against,反对
buck for,谋求
budget deficit,[经] 预算赤字
build nests,无
build on, 在原有的建筑物上增建; 以…为基础; 依赖; 一心指望
bulletin board,布告栏
burn out,"烧坏, 烧掉, 烧尽
"
burn up,"烧起来, 烧掉, 发怒"
business associate,n. 同行，同业
business management,"[经] 商业管理, 企业管理"
busy schedule,无
busy signal,"[计] 忙碌信号, 占线信号"
by a small margin,无
by any chance,万一
by chance,"偶然, 也许"
by coincidence, 碰巧；巧合
by implication,"含蓄地, 暗示地"
by mail,"邮寄,通过邮递"
by the time,"到…的时候,截至"
calculate the budget,无
calculate the number of calories,无
calculus course,无
call for,"叫(某人)来, 要求, 为...叫喊, 为...叫"
call for help, 呼救
call it a day,"收工, 当天的工作干完了."
call off,"na. 〈口〉命令停止；丢手；取消(婚约)；〈美〉点(名)
"
call on,"号召, 呼吁, 约请, 访问"
call upon," 号召, 拜访; 省视"
call up,"na. 传；动员；打电话给；【电讯】呼唤
"
can't help doing,[网络] 禁不住做某事；情不自禁做某事；忍不住做某事
couldn't help doing,无
cancel out,"v. 相约；相消；抵消
"
carbonic acid,"碳酸
"
care for,"喜欢, 照顾, 为...操心, 尊重"
cash the check,无
catch a flu,无
catch up on,补做(工作)
change one's mind,"改变主意
"
change the channel,[网络] 换频道；换个频道；更换频道
check in,"登记, 报到
"
check out,"na. 开支票(提款)；(旅馆)付账后离开；及格；〔美俚〕死
"
check the scales,无
check up on,[美国英语]；查验；核实；校对；调查:；检查体格:
checking account,[法] 活期存款
chemical elements,[网络] 化学元素；化学成分；化学元素表
chemical pesticide,化学农药
chemical reaction,[化] 化学反应
chew over,"na. “chew upon”的变体
"
children development,无
chocolate syrup,n. 巧克力糖浆
chop down,"na. 砍倒
"
chunks of,无
city planning,城市规划
claim to, 要求
class project,无
classical music,n. 古典乐; 严肃音乐
clean up garbage,无
clear off,"na. 理清(工作等)；清算；卖掉；撵走
"
clear the way for,为…扫清道路;为…开路
clear up,"na. 整顿；说明；(天气)转晴
"
clue to,提示
college career,无
collide with,冲突
colonial period,[网络] 殖民地时期；殖民时代；殖民期
color stripe, [计]彩色条纹
combine with,与...结合
come across,偶遇
come along,v. 出现；一起来；陪伴；进步
come around,"来, 前来, 过访, 顺便来访, 笼络, 诱骗"
come down with,"被传染上,因…而病倒"
come into contact with sb.,vt. 接触(接触到)
come out,"到边远地区来, 出现, 露出, 出版, 罢工, 结果是, 褪去, 被解出, 宣布"
come out on top,"获胜,翻身"
come over,"过来
"
come to terms,"达成协议, 妥协, 让步
"
come up with,"赶上, 提出"
come what may,不管如何
comment on,评论
comment about,无
commercial success,[网络] 商业上的成功；商业上之成功；商业成功
committee meeting,"委员会会议
指导委员会"
common sense,常识
common use,多畜共牧
communicate with,通话
comparative advantage,[经] 比较利益
comparative education,比较教育(学)
compare to, 把…比作， 喻为; 与…相比
compare ... with,"比较…,跟…相比,比得上…"
compensate for,赔偿
complain about,抱怨
complain to,向…抱怨
complicated troubles,无
computer data base,[计] 计算机数据库
computer literacy, 计算机文化; 计算机普及教育; 计算机扫盲; 计算机使用知识
computer power button,无
concentrate on,"集中, 全神贯注于"
confess to,"承认, 坦白; 〈宗〉向…忏悔"
conflict of interests, [法]利益冲突
conflict with,"战斗, 冲突"
confuse ... with,混淆
Congressional Record,[法] 国会议事录
congressional representative,无
consensus on,无
consensus about,无
consent to,"同意, 答应"
consider ... done,无
consider to be,无
consist of,由...组成
contemporary poet,无
continental drift,大陆漂移(说)
contribute to,捐献
convert to,[计] 转换至
convert into, （使）转而变为…; 折合
convey emotions to,无
coop up," 禁闭, 困住, 把…关起来"
copying machine,
cosmic dust,n. 宇宙尘埃
cost sb. an arm and a leg,[口语]使(某人)花一大笔钱；[俚语]价格昂贵
count on,"依靠, 指望"
count ... in,"na. 算入
"
count ... out,"na. 一面数一面取出；一面数一面分开；除开
"
cozy atmosphere,无
crash the rebellion,无
creative thinking,[计] 创造性思维
credit transfer,[经] 信用转帐
cultural diffusion,[网络] 文化传播；文化扩散；文化散播
curl up,卷起
current affairs,n. 时事; 新闻; 时务
cursive script,[计] 草写体
cut across,抄近路通过
cut back,"na. 缩减；修剪(树枝等)；回叙往事
"
cut down,"na. 砍倒；削减；减价；夺去…活动力
"
cut down on, 减少; 节省
cut down the budget,无
cut in,"na. 突然插入；(汽车)超车；抢去别人的舞伴；在电话里窃听
"
cut it out,"停止,停下来"
dark pigments,无
data process,数据处理
daylight hours,无
debate over,无
debate with,"与…辩论，与…争论；debate with oneself独自考虑,细想,心中盘算"
decent pay,无
decide on,"决定,选定,确定…"
dedicate one's energy to,无
define ... as,把…解释为；定(某词、短语等)的意义为，下定义为
delight at,[网络] 听到…消息而高兴；为…而高兴；为…而欣喜
deliver a judgment,无
deliver a verdict,无
deliver a speech,发表演说
deliver a lecture,无
deliver an address,"发表演说,致词"
deliver a speech,发表演说
deliver a lecture,无
deliver an address,"发表演说,致词"
deny oneself sth.,"节制, 戒除
"
deny oneself doing sth.,无
department chair,[网络] 系主任；系主任的职位；系主席
depend on,"依靠, 依赖"
deplete all natural resources,无
deposit a layer of sediment,无
derive ... from,"得自, 由来, 衍生"
descend from,从…下来;是…的后裔
develop film,无
digestive system,[医] 消化系统
dirt cheap,"a. & adv. 非常便宜的[地], 毫无价值的[地]"
discussion class,无
disposable paper cup,无
distinctive characteristic,无
distinctive feature, 区别性特征
distinguish ... from,"v. 区别,识别"
distort history,无
distort the original meaning,无
distribution center,
dive in,"跳入,投入,开始"
divide into,"把…划分成,分成"
do sb. a favor,[网络] 帮忙；帮一个忙；做好事
do with,"与...相处, 忍受, 对付"
dormitory area,宿舍区
dormitory officer,无
dozens of,"几十个,数十个;许多…"
draft of paper,无
drag one's feet on,无
drastic climatic variation,无
dress up,"na. 乔装；装扮；为…打扮；盛装打扮
"
drive apart,无
drive home,"na. (把钉)敲进去；使明白；用车把…送到家；使人理解
"
drive sb. up the wall,"un. 使发狂
"
drop by,随便访问
drop sb. off,"na. 同“drop”；睡着；(客)(一一)散去；衰落
"
drug trade,[法] 贩毒
due to,"由于, 应归于"
dust devil," 尘卷, 尘暴, 旋风沙柱"
eager for,渴望，渴求，切望，极想
eager to,无
eager to do,渴望做(某事)
earn a reputation as,无
gain a reputation as,无
establish a reputation as,无
eat away, 连续不断地吃; 侵蚀;  腐蚀;  咬坏
ecological balance,[法] 生态平衡
ecological disaster,[法] 生态灾祸
economic conditions,经济条件（economic condition的复数形式）
economic crisis,[经] 经济危机
economic perspective,无
effective measures,"un. 有效措施
"
effective remedy, [法]有效补救方法
either of,[网络] 任何一个；两者其一；两者之一
electric bill,电子账单
electrical impulses,电脉冲
electrical signals,[网络] 电讯号；电气信号
electronics engineering, 电子工程
elementary school,小学
elevation of,无
elevation to,无
employment agency,[经] 职业介绍所
encounter difficulties,无
encounter danger,遇到危险
encounter trouble,无
encounter opposition,无
encourage sb. to do sth.,[网络] 鼓励…做；鼓励做某事
end up,"竖着, 结束, 死"
endangered species,[法] 会造成危害的物件
energy source,能源资源
engage in,"使从事于, 参加"
enjoy the company of sb.,无
enjoy sb.'s company,无
enormous expenditure,无
entertain ... with,用…来招待(某人)
environmental issue,环境议题
environmental science class,无
erase data,无
escape from,逃脱
even if,即使
even though,"虽然, 尽管"
even now,"尽管这样, 即使到现在"
exchange ... for,用…换取
exchange greetings, 互致问候; 寒暄
executive summary, 经营综合报告
exhaust a subject,un. 彻底研究问题
exhaust a topic,无
exhaust oneself,"精疲力竭,疲惫不堪"
exist in, 存在于…中
exotic plant,外地植物;外来植物;引入的植物
expand productive forces,无
expect for,[罕用语] 期望，期待，指望，盼望，预期(某人来吃饭等)
experimental station,[电] 试验电台
explosive news,无
explosive situation,无
expose ... to,"un. 暴露于
"
extend the deadline,无
extinct species,灭绝种
extra ticket,无
extract the cellulose,无
extracurricular activity, 课外活动
facial expression,[医] 面部表情
fade away,逐渐消失
fade out,"淡出, 渐弱
"
faint hope,无
faint possibility,无
faint chance,无
fair comment,"[法] 公平评论, 正当的批评"
fair trial,[法] 公平审判
faith in,对…的信心
fall apart,"崩溃, 土崩瓦解"
fall back on,"求助于, 退到, 回头再说"
fall behind,"落在后面, 拖欠"
fall off,"从...跌下, 下降, 减少, 衰退, 离开"
fall out,"脱落, 离队, 争吵, 结果是
"
fall through,"失败, 失约"
family reunion,"合家欢聚,家族团聚"
farewell party,n. 惜别会
feel like," 摸起来像是…, 有…的感觉; 想要…"
field study,现场研究
field trip,n. （学生）实地考察旅行; 实习
fierce rays of,无
figure out,"合计为, 计算出, 明白"
fill in,"na. 填充；填写；同“fill”
"
fill out,"填写, 使长大, 变大, 使长胖, 使完备"
fill with,"v. 充满
"
final exam, 大考
final grade,无
final paper,无
finalize one's plan,无
financial institution,"[经] 金融机构, 财务(财政)机构"
financial plan,财务计划
financial regulation,n. 金融管制; [财]金融条例; [法]财政法规
find a way to,无
find out,"na. 查出；发现；看清…的面目；识破
"
find ways to,无
finish the roll,无
finish with,"完成, 结束, 与...断绝关系"
finishing touch, 最后一笔
fix the heater,无
fix the problem,无
fix an appointment with,无
make an appointment with,v. 与某人约会
flavor of,无
flexible schedule,[经] 弹性工作制
flexible working hours,[经] 弹性工时
focus on, 致力于; 使聚焦于; 对（某事或做某事）予以注意; 把…作为兴趣中心
food allergy, 食物变态反应
food chain,"食物链
"
food package,无
for a rainy day,以防不时之需
for a while,暂时
for generations,"一连好几代, 几代相传"
for instance,"例如
"
for nothing,"免费, 徒然
"
for one's sake,"un. 行行好；看在…面上；为了…自己好；为…着想
"
for the sake of,"为...缘故, 为...起见, 为了某人, 为...目的, 为了...的利益"
for sale,"待售
"
for some reason," 不知什么原因, 不知何故"
for sure,确实
for the benefit of,为…的利益 ; 为惩戒…
for one's benefit,为某人的利益
for the time being,暂时
for the world,[常用于否定句]不管怎样，无论如何；在每个方面，完全[见 world]
force ... out through,无
formulate a theory,系统地阐说一种理论
franchise store,无
free verse,"无韵诗,自由诗"
freeze over,使被冰覆盖
freeze up,"冻结, 变呆板
"
from a biology perspective,无
from now on,从现在开始
fuel efficiency,燃料效率;热效率
full refund,全部退费
full scholarship, 全额奖学金
furious with sb. at sth.,无
garbage can,垃圾桶
garbage bin,n. 垃圾桶
garbage collector,"n. 清除垃圾的人, 清洁工
"
general response,无
generation gap,n. 代沟
genetic testing,【遗传学】基因测定
get a chance of,无
get a grasp on,无
have a grasp on,无
get a job offer,无
get a lot out of,无
get a refund,无
get a ride, 搭车；搭便车；顺道搭车
get a scholarship to the university,无
get around to sth., 设法找到足够的时间去做（某事）; 说服
get around to doing sth.,无
get away with,na. 拿走；避开责备[惩罚]；〈俚〉卷(款)潜逃；吃掉，喝掉
get caught,被抓住
get going,"na. 采取行动；出去；使某人发怒
"
get in one's hair,无
get into trouble,"na. 遇到麻烦；卷入纠纷；受责备；未结婚而怀孕
"
get off on the wrong foot,"一开始就给人不好的印象,出师不利"
get off the ground,"开始, 取得进展"
get off work,下班
get on one's nerve,无
get one's hair cut,无
have one's hair cut,无
cut one's hair,无
get one's hands full of sth.,无
get paid, 领工资
get ready for,(使)准备好...
get started on,"开始,着手"
get stuck,v. 受骗; 卡; 揢
get time off from work,无
get tired of sth.,"讨厌,厌倦"
get tired of doing sth.,无
get tired doing sth.,无
get to sleep,"设法睡着, 入睡"
give in,"na. 让步；屈服；投降；上交
"
give off,"na. 发散(水蒸气等)
"
give sb. a break,"na. 给(某人)一个面子
"
give sb. a hand,"un. 制住；帮着干一点
"
give sb. a hand with,无
give sb. a refund,无
give sb. a ride to,无
give sb. a ring,[网络] 打电话给某人；打了一个电话
give sb. an ultimatum,无
give sb. credit for,"na. 把…贷给(某人)；把…归功于(某人)；认为当然有(某种性质等)
"
give sth. a thought,无
give up on, 不再相信，不再信任
glacial movement,无
glial cell, 神经胶质细胞
go extinct,无
go jogging, 慢跑; 去跑步
go to one's head,冲昏头脑；使自负，得意洋洋
go to the gym,无
go in one ear and out the other,"左耳进,右耳出;充耳不闻"
be in one ear and out the other,无
go across," 穿过, 横过"
walk across,无
run across,"偶遇, 跑着穿过"
gold reserve,"黄金储备
"
good reputation,[经] 好评
bad reputation,n. 坏名声，臭名
got the time,无
gourmet coffee, 美食家咖啡，精制的咖啡
government agency,"[经] 政府机关, 机关"
graduation announcements,无
graduation ceremony,毕业典礼
grand canyon,n. （美）大峡谷
grant one's request,无
grant a request,批准要求
grasp at,"想抓住, 攫取"
gravitational force," 引力, 重力, 地心吸力"
Great Depression,[经] (1929年)大不景气大萧条
greeting card, 贺年片（用纸）
groan about,无
grow hemp,无
grow up,"成熟, 成年, 发展, 逐渐形成"
gym pass,无
habit forming,"a. 易成习惯性的, 易上瘾的"
habitat destruction,[网络] 生境破坏；栖息地破坏；毁坏栖息地
half off, 打五折
hand in,"na. 交进
"
hand out,"na. 分；拿出来；施舍
"
hand-me-down,"便宜的,现成的,旧的"
hands down,"容易地, 不费力地, 无疑地"
hang out,挂出
happen to,"碰巧,偶然;发生于"
hard line,"强硬路线, 强硬立场"
hardly anyone has noticed,无
have a chance to,无
have a big appetite,无
have a good appetite,v. 胃口好
have a poor appetite,胃口不好
have a habit of doing,[网络] 有…的习惯；有做某事的习惯
have a problem with, 不同意，反对
have a way with,对…有办法
have a ... trip,[网络] 旅行；去旅游；进行旅行
have abundant energy,无
have anything on,无
have one's address,无
have problems with,无
have right to do,无
have room for,[网络] 容纳；及物动词
have the authority to do,无
have time to do,无
have to do with,"na. 和…有关系
"
have access to,可以获得;进入
gain access to,可以获得;进入
have ... access to,可以获得;进入
gain ... access to,可以获得;进入
have a haircut,理发
get a haircut,理发；被女人欺骗
head for,"出发, 动身, 前往"
head on,迎面地
head over to,无
hear about,"听说,听到过"
hear of,"na. 听说；获悉；收到…的消息；知道
"
heating system,[化] 供暖系统
heavy traffic,"[计] 通信业务拥挤, 通信业务繁忙"
help oneself to,自用
help out,"v. 帮助…摆脱困境；救出；协助
"
hesitate to do,无
historical perspective,历史回顾
historical significance,[网络] 历史意义；划时代的意义；史学意义
hold on,"继续, 不挂断, 停止"
hold on to,坚持
hold over,"na. 将…延迟；保存；期满后继续任职；期满后继续占有
"
hold the grudge,无
home radio receiver,无
homework assignment,无
horizontal movement,水平运动
household utensil,无
housing office,[网络] 学校住宿办公室；住房办公室；宿舍管理处
How about ...?," …怎么样, …怎么办"
huge explosion,无
human race, 人种
hurry up,"赶快, 匆匆完成"
hydrothermal vent,深海热泉；深海热液喷口
I bet ...,我确信
I doubt ...,无
I'd like to do ...,无
identify with, 认为…等同于; 觉得与…有联系; 支持; 同情（某人）
identify ... with, 认为…等同于; 觉得与…有联系; 支持; 同情（某人）
if only,只要
igneous rock,[化] 火成岩
illegal earnings,[法] 不法盈余
illegal parking, 违规停车
immerge oneself into,无
immune defense,免疫防御
impact on,影响，产生(不良)影响 [亦作 impact upon]
implicit memory,内隐记忆
impose on,"v. 强迫；欺骗
"
improve one's grade,无
improvement in,[网络] 表示原物有改进；好转；把…列在…里面
in contest,无
in ... contest,无
in a furious way,无
in a good mood, 心情好，好心情
in a hurry,匆忙
in a mess,"肮脏,混乱,紊乱,一塌煳涂,一团糟"
in a sense,在某种意义上
in addition to,"另外, 加之, 除…之外还"
in advance,"预先
"
in all aspects, 在在
in all likelihood,"十之八九, 十分可能"
in authority,持有权力的地位
in brief,"简言之, 以简洁的形式"
in case,万一
in case that,万一，如果
in coalition with,无
in common,共有
in competition with,[网络] 与…竞争；在与…竞争之中；与……比赛
in conflict with,和...冲突
in consequence,结果
in consequence of,"因此, 结果; 由于, 因为…的缘故"
in contact with,与...在接触中
in danger of extinction,无
in detail,详细地
in due course,"及时地, 在适当时
"
in exchange for,交换
in favor of,"赞同, 有利于"
in good company,[网络] 优势合作；大公司小老板；公私密友
in harmony with,"与...协调, 与...一致"
in imitation of,模仿
in line,"un. 把话说死；排队；循规蹈矩；一列的
"
in line with,符合
in motion," 在开动中, 在运转中, 处于兴奋[骚动]状态"
in no time,立刻
in one's lifetime,无
in one's place,[网络] 代替；代替某人；在某人的立场上
in order to, 为了…
in other words,换句话说
in particular,特别
in perspective,"正确地, 显示在脑海中, 符合透视法地"
in preparation for,为...准备
in relation to,"关于, 涉及"
in session,"在开会, 在开庭, 在上课
"
in shape,"在外形上, 处于良好状态"
in terms of,"用...的话, 根据, 按照, 在...方面
"
in the chain of,无
in the course of,"在...期间
"
in the end,"最后, 终于"
in the fresh air,na. 在户外
in the margin,无
in the red,"[经] 赤字, 亏损"
in the way,挡道
in theory, 理论上
individual action,[经] 个人行动
inherit from,从…继承…; 从…得到…
ink stain,[网络] 墨渍；墨水污渍
insert a card,无
insert the card,无
insert one's card,无
insist on,"坚持, 坚决要求"
inspect sth. for sth.,无
inspect the damage,无
intelligence analysis,无
intend to,"打算(做)..., 想要(做)..."
intense cold,"na. 严寒
"
intense sunlight,无
intense tropical sun,无
interact with, 与…相互作用，与…相互影响; 与…相互配合
interest rate,"利率
"
interfere with,"干涉,干扰,妨碍"
interior decoration, 内部装饰物
interior design,n. 内部装饰业; 室内设计
interior designer,n. 屋内设计者; 室内设计师
internal factor,内在因子
internal mail,无
internal metal skeleton,无
international trade,[经] 国际贸易
internet plug-in,无
inventory report,[经] 存货(盘存)报告单
involve in, 使参与[陷入，牵扯到]; 婵媛
isolate from,使与…隔离；使与…分离；使孤立
It doesn't seem to ...,无
It's hard to tell.,无
It's hard to say., 难说
item on the agenda,议程项目
jigsaw puzzle,"n. 七巧板, 智力拼图玩具; 拼板玩具"
job interview,招工面试
job-search techniques,无
join sb. in doing,无
jot down,"v. 草草记下
"
keep company with,与...结交
keep on doing,继续做某事；继续做
keep one's head,保持冷静
keep sth. handy,无
keep to oneself,"un. 强调；紧贴；秘而不宣；独自承受
"
keep sth. to oneself,"un. 强调；紧贴；秘而不宣；独自承受
"
keep up with,"跟上
"
key person,无
key point,"[经] 关键, 要点"
key word,"关键字, 保留字
"
kind of," <口>稍微, 有点儿, 有几分"
kitchen utensil, 炊具，厨房用具
know of,"知道,了解,听说过…"
label as,将…称作，把…说成是
landmark and historic sites,无
language lab,[网络] 语言实验室；语音室；语言室
laryngeal cancer, 喉癌
late fee,"[经] (电报,电话等)过时费"
lead a ... life,"过活,过日子"
lead the way,"带路, 示范"
lead to,"导致, 通向"
leading authority,无
leave for,"un. 到…地方去；去某地:
"
leave over,"剩下, 留下"
lend sth. to,"un. 贡献:
"
letter of recommendation,"[经] 保荐信, 介绍信"
letter of reference,"[经] 查询信, 证明信, 介绍信"
life image,无
light up,"开始吸烟, 发亮, 露喜色
"
line up,"na. 整顿(机械等)；排成一列；使(兵士)排齐；整顿阵容
"
linear algebra,[电] 线性代数
link to, 与…连接， 联系
literature class,无
live on campus,无
liven up,"(使)活跃起来, (使)有生气, (使)愉快"
loan application,[经] 贷款申请书
local business executive,无
local dialect, 土话；乡谈；土语
lock up,"na. 上锁；监禁；收藏(文件等)；固定(资本)
"
lodge an application,无
long distance calls,长途通话
look familiar,无
look forward to sth.," 期望, 盼望; 瞩望; 属望; 企"
look forward to doing,无
look into,"窥视, 浏览, 观察
"
look over,"na. 浏览；检查；察看
"
loosen up,"信口开河, 慷慨解囊, 松弛下来, 活动肌肉, 做准备动作"
lose one's balance,"失去平衡, 心慌意乱"
lose one's head,"被砍头, 不知所措"
lose one's temper,发脾气
lose track of the time,[网络] 不知道时间
lost-and-found case,无
lost-and-found office,失物招领处
lunar calendar,阴历
lunar eclipse,"月食,月蚀"
lunar month," 朔望月, 太阴月"
magnetic field,"磁场
"
magnitude energy,无
mail carrier,邮递员
main office,"[经] 总公司, 总店, 总社"
maintain balance,无
maintain the integrity,无
maintenance crew,[化] 检修班
maintenance man, 维修员，维护员
maintenance staff,[计] 维护工作人员
major in,"主修, 专攻"
make a buck,赚钱
make a call to,无
make a comment,"评论,评述"
make a difference,"有区别,有很大关系"
make a distinction,"区分,区别"
make a mess of,搞糟
make a reservation,预定
make a trade,无
make a trip,作旅行
make heads or tails of,无
make it,"及时抵达, 做成"
make sb. alert,无
make sb. drowsy,无
make sb. feel better,无
make sense,有意义
make sth. clear,"清楚表明,阐明,说明"
manage to, 达成，设法
managerial expertise,无
manifestation of,无
manipulate sb. into sth.,无
manipulate sb. into doing sth.,无
marine animal, 海洋动物
marketing research,[经] 销售调查
material benefit, 实惠
material management,
meal card, [医]膳食卡
mean to, 对…来说很重要
medicine cabinet,n. 医药箱
meet the deadline,"v. 按限期完成
"
meet the standard,[网络] 达到标准；项已达评监标准；符合标准
melting point,"熔点
"
mental faculty, 智力
mention sth.,"n. 提到, 言及, 陈述
vt. 提到, 提及"
metal detector,[电] 金属检查器
metal-frame construction,无
meteorological data,气象资料
meteorological instrument, 气象仪器
metric ruler,无
mild asthma,无
mix ... with,和...混合
modern poetry,无
monopolistic competition,[经] 垄断性竞争
more likely,adj. 可能的，有希望的( likely的比较级 ); 适合的
motion picture,电影
motivation for doing sth.,无
Mount Everest,n. 埃佛勒斯峰
mount the steps,无
mountain climbing, 爬山
move away, 离开; 搬到别处去住; 改变（见解）; 挪开
move back,退缩
move into,"进入,驶入,迁入,搬进"
move off,"离开, 死, 畅销"
move to,[计] 移到
move up,"向前移动, 上升
"
movie critic,n. 影评人
muscular cell,无
muscular dystrophy,n. 肌肉萎缩症
muscular tissue,[医] 肌组织
mythical figure,无
narrow down,"v. 变窄；缩减
"
nasal asthma,[医] 鼻性气喘
native plants,[网络] 原生植物；本地植物；土生植物
natural habitat,[网络] 自然栖息地；自然生境；自然栖所
natural sight,无
nearly perfect,[网络] 近乎完美；几乎完美
negative consequence,负面结果
neither of,没有一个
nerve cell,[计] 神经细胞
neural transmitter,[网络] 神经递质；化学信号神经递质；神经传导物质
new around here,无
new generation, 新一代，新生代
new type of fuel,无
news item,"一条新闻,一则新闻"
no kidding," （用以强调陈述的真实性）不开玩笑, 说真的"
no longer,不再
no wonder,不足为奇的
nocturnal creature,无
nocturnal animal,"夜行动物, 夜行性动物, 夜生活动物"
nominate for,v. 提名为
North Pole,"北极
"
not on your life,一点也不(喜欢)
not only ... but ...,无
not only ... but also ...,[网络] 不仅……而且；不但而且；两个不仅……而且
notify sb. of sth.,正式将(某事)通知(某人或某团体)
object to,"反对,不赞成"
occupy one's time,无
ocean plant,无
odd job,零工
of course,当然
off and on,断断续续地
off campus,在校外；不住校
off hand,"不假思索地, 无准备地"
off the mark,"不相关, 不切题"
offer sth. to sb.,[网络] 提供；提出；愿意
offer a discount,无
give a discount,无
official copy,[法] 正式文本
omit doing,无
omit to do,[网络] 经常用法
on edge,"竖着, 紧张, 急切"
on good terms,和睦
on hold, 等着通电话; 暂缓; 推迟; 搁置
on one's way to,无
on prescription,凭处方(的)，根据药方(的)
on purpose,"故意
"
on schedule,"按时
"
on the edge of,"濒于, 几乎, 在边缘"
on the front page of,无
on the ground,"在地上, 当场
"
on the mood of,无
on the rise,"在上涨, 在增长"
on the verge of,"接近于, 濒临于"
on top of,"熟练掌握, 在...之上, 完全控制着, 另外, 紧接着"
on trial,"在试验中, 在受审
"
one's motivation,无
only if,只要...就
operate the machine,无
opportunity cost,"[经] 时机代价, 机会成本"
optical instrument,[化] 光学仪器
organic chemistry,
organic material,有机材料
original handwriting,无
original landscape,原始景观
original topic,无
original viewpoint,无
out of the question,"不知底细
"
out-door club,无
outer atmosphere,外层大气
outline of a speech,无
outline one's idea,无
outstanding student,优秀学生
overcome the problem,无
owe sb. a favor,无
owe ... to ...,"v. 由于；把…归功于
"
ozone molecule,无
pain reliever, 止疼药
pain killer,"n. 【医】止疼药
"
paper topic,无
parking lot,停车场
parking meter,[法] 停车记时器
parking place,停车处
parking sticker,[网络] 停车许可证；停车贴条；停车证
part-time job,"un. 零星工作
"
pass around,[网络] 传送；分，分发；传递
pass on to,[网络] 传递给；传给；传与后代
pause to do,无
pay attention to,注意
pay for,付...款
pay for admission,无
pay phone,自动收费的公用电话
payroll department,薪工管理部门
permission slip,可接受的失误
perpetual circulation,无
personal characteristics,[法] 个人特征
personal opinion, 私见
personal statement,[网络] 个人陈述；自传；个人自述
personality trait,个性品质
pesticide residue,[化] 农药残留量
pesticides-free,无
pet peeve, 痛处；患处；心病; 经常抱怨的问题
phone bill,[网络] 电话费；有电话费；电话账单
physical activity,"体能活动, 身体活动"
physical characteristic,体型特征
pick out,"na. 挑选；掘出；闻出；领会
"
pick up,"v. 拾起；探出；重新开始
"
pin ... down,na. 强迫(人)承认
place reliance on,信任；信赖
plan a trip to,无
planet formation,[网络] 行星的形成；陆地行星的起源
planet's orbit,无
planetary motions,无
plant fiber, 植物纤维，作物纤维
plastic bead,料珠
plastic trash bags,无
play in cooperation with,无
play one's heart out,无
plenty of,许多的
plough through,"驶过,穿过,乘风破浪"
point out,"na. 指出
"
political management,政治管理
political science,n. 政治学
population distribution,人口分布
pore over,集中精神地阅读
portray the cruelty of hunting,无
positive side,无
postpone doing,无
precious stone,宝石
precise elevation,无
precise measurement,密测量
predict weather,无
prepare for,[网络] 准备；为…作准备；为…做准备
press conference,"记者招待会
"
pretty heavy workload,无
prevent ... from,"阻止, 妨碍"
primary school,"n. 小学, 初等学校; 参见：elementary school"
private company,"[经] 私人公司, 不公开公司"
private residence,私人居所
proceed to,进入...
proceed with,继续进行
productive meeting,无
productive writer,无
professional football player,无
professional knowledge,[法] 专业知识
proficient at,[网络] 精通；擅长；熟练
promise to do,[网络] 答应做某事；承诺做某事；许诺做某事
proposal for sth.,[网络] 准备；建议；提建议
proposal for doing sth.,无
proposal to do,无
propose a resolution,无
propose a toast to,提议为...干杯
propose an amendment,无
propose marriage, 求婚
pros and cons,n. 利弊; 正反两方面; 优缺点; 赞成和反对的理由
protective tariff,[经] 保护性关税
public sphere,"公[共]领域, 公共领域"
public transportation,"公共交通, 公共运输；公共交通工具"
public visit,无
pull ... into orbit,无
pump up ... through,无
put air in,无
put back,"v. 放回；推迟
"
put down,"na. 平定；贬低(的话)；(飞机的)降落
"
put on air,v. 装腔作势
put off,"na. 延期；辩解
"
put our heads together,[网络] 集思广益；商量；内人多次商量
quarterly review,无
quit school,退学
quit smoking,[网络] 戒烟；戒菸；停止吸烟
quit drinking,无
quitting time,"n. 〈美〉下班时间
"
quote this line,无
radiation therapy," 放射治疗, 放射疗法"
radio signal,[电] 无线电讯号
ragtime music,无
raise fees,无
raise one's pay,无
raise one's salary,无
reading assignment,[网络] 阅读作业；指定阅读部分；阅读任务
reading list,阅读书目
realistic movement,无
reapply for,无
reasonable excuse,[法] 合理解释
reception office,传达室
recharge batteries,[网络] 充电池
recommend sb. sth.,"vt. 推荐, 介绍；劝告；使受欢迎；托付
vi. 推荐；建议"
recreation center,游憩中心
recreation room,n. 娱乐室
refer to,"v. 查阅；提到
"
reference book,参考书
reflect back,"反射,折射;真实地反映"
register trademark,无
registered capital,"[经] 已注册的资本额, 已登记的资本额"
regulate spending,无
regulate the traffic,无
relate to,"na. 有关联；与…有关；理解
"
release news,无
relevant to, [医]adj.有关的
relevant working experience,无
rely on,"依赖, 依靠"
remarkable recovery,无
remind ... of,"v. 提醒
"
remote sense technology,无
remove impurities from,无
representative of,[网络] 代表……的；有…代表性的；典型的
require ... to,无
required course,必修课
research excavation,无
research paper,[化] 研究论文; 研究报告
resemble telomeres,无
reserved parking, 专用车位
resign from,辞职
resign one's seat,无
resign one's post,退(或留)职
resign one's position,无
resistance genes,抗性基因
resistance to, 抵抗
respect for,"因…钦佩, 赞赏〔尊重〕"
respond to ...,"答复,响应,对…作出反应"
retreat from,"放弃, 退出"
return address,"回信地址
"
review the material,无
right away,立刻
ring off,挂断电话
ring up,"v. 在收款机上结算；一段时间内收入或损失的钱；打电话给
"
rock and roll,摇滚乐
roll up,"na. 卷起(袖子)；包卷；积贮；缩成圆球
"
rotten meat,无
rule of thumb,"[经] 约略的估计, 比较粗糙的方法"
run away,"潜逃
"
run behind,跟在…后面跑；落后于(会议、节目等的)时间表；迟到；延误
run counter to,"违反, 背道而驰"
run down,"na. 下乡；(钟表等)停止；衰弱；赶上(人,猎物)
"
run for,竞选
run out of,用完
rush hour,"n. （上, 下班的）高峰期"
rush out of,奔出
sacrificial ceremony,无
sales coordinator,无
sales representative,[经] 推销员
sample survey,
Sanitation Department,[网络] 卫生机关；卫生部；环境卫生部门
save ... for,存钱作…之用
save face,[网络] 挽回面子；保全面子；顾面子
save up,"储蓄, 贮存"
saving account,存折
sb. is only a phone call away,无
scarce mineral,无
science auditorium,无
science fiction fare,无
scientific discovery,科学发现
scientific instrument, 科学仪表
scientific study,无
scrape off,"擦去, 刮掉"
scrape through,勉强通过
sculpture exhibit,无
sea view,[地名] 锡维尤 ( 美、英 )
seasonal change,[经] 季节性变化
seed reproduction,[医] 种子繁殖
send for,na. 派人去叫
send in,"na. 拿出；提出；递(名片)；送
"
send out,"na. “send forth”的变体
"
send out a questionnaire,无
send out signals,无
sensory organ,感官
separate from,"把...和...分开, 把...和...区分开, 使...从...离析"
set a record,创造记录
set sb. up,"na. 建立；创立；发起；开办
"
set sth. up,"na. 建立；创立；发起；开办
"
set sth. apart,"使分离, 留出"
set the alarm clock,无
settle down,"使舒服地坐下, 定居, 平静下来, 专心于"
severe winter,严冬
share sth. with,"un. 合伙；合住；承担；跟…看法一致
"
sharpen sth.,"vt. 使尖锐, 使敏捷, 加重, 削尖
vi. 尖锐化, 变锋利"
shed out,[网络] 流出来
shift to, 转入
shipbuilding industry,[网络] 造船业；造船工业
show around,"v. 带…参观
"
show sb. around,"v. 带…参观
"
show off,"炫耀, 卖弄, 使显眼"
show up,"na. 显眼；揭发；嘲笑；露面
"
shuffle deck,无
sign a petition,无
sign up,"签约参加工作, 签约雇用"
skip a lecture,无
slam on,[网络] 关上
slave trade,"贩卖奴隶
"
sleeping schedule,无
slice the bread,无
slip one's mind,"忘了, 没注意"
slip out of,"意外地从…滑出, 掉出; 溜出去"
slog through,吃力地走过
slow reader,阅读速度慢的人
so far,迄今为止
so the story goes,据说如此
soak up the sun,沐日光浴
soap bubble,"肥皂泡, 昙花一现的事物
"
soccer team,[网络] 足球队；足球活动；绿茵世界
social awareness,[网络] 社会意识；社会觉察；社会认知
social benefits,[网络] 社会效益；社会利益；社会福利
social recognition,无
soda machine,"n. 汽水机
"
solar calendar,阳历
solar eclipse,日食
solar power,太阳能
solar system,"太阳系
"
sort of,有几分地
sound like,听起来像...
spare time,n. 消遣时间; 闲空; 余; 工余
special order,"[经] 特种订货, 特别指令"
special permission,[法] 特许
spend budget,无
spend ... doing,无
spend ... in doing,无
spray cans,na. 喷雾壶
spread fertilizer,无
spread over,"na. 〈英〉(根据特殊需要而作的)部分工时调整
"
spread up,无
spring break, 春季解冻
stage setting,"舞台布景,舞台设备"
stand a chance,"有可能, 有希望"
standard weight,标准砝码
start out,"出发, 动身"
start with,从...开始
statistical calculation,[计] 统计计算
statistical data,[计] 统计数据
statistics course,无
stay awake,"醒着不睡觉,未睡着"
stay open,无
stay up,不睡觉
stick around,逗留
stick with, 继续做; 跟着…; 插满
stir up,"v. 转播；重播；搅拌；煽动
"
stock exchange,"证券交易(所)
"
stock holder,"股东,股票持有人;公债持有人"
stop at,(按常规)在…处停下; 延伸到…为止; 中途歇宿于…; 造访
straighten up,"na. 改善；正派地过日子
"
strategic objective,战略目标
strong flavor,无
structure program,[计] 结构程序
struggle with,"向…作斗争,同…搏斗"
student center,[网络] 学生中心；学生活动中心；学员中心
student loan,学生贷款
student service,学生服务
subdued color,无
subject to,"v. 处于…中；使服从
"
submit to,"un. 使某人忍受某事:
"
suffer from,"忍受, 遭受
"
summer break,[网络] 暑假；夏季休假期间；夏季假期
summer holiday,"n. 暑假
"
sun mass,无
sun wind,太阳风
supply ... for,"v. 把…供给
"
supply of,无
support one's argument,无
survey method,[经] 调查法
survive on,[网络] 靠……活下来；靠……生存；靠……存活下来
swale erosion,无
switch hours with,无
switch to,"切换到
"
take a drastic step,无
take a look at,看一看…
have a look at,看一看…
take a nap,"小睡,打盹,午睡"
take a stand,採取某种立场
take a while,"v. 需一段时间
"
take advantage of,"v. 利用
 欺骗, 占…的便宜"
take apart,"na. 分解；拆分；剖析
"
take away,"adj. 买回去的
"
take care of,"照顾
"
take it easy,"从容, 不紧张"
take off,"v. (飞机)起飞；出去；拿掉；移送
"
take over,"na. 接管；继承
"
take photographs,无
take pictures,照相
take place,"na. 发生；举行
"
take sth. back to,无
bring sth. back to,"un. 使恢复；复归:
"
take sth. inside,无
take up,"na. 拿起；举起；拾起；给搭(火车等)
"
take ... for granted, 信以为然
take ... for instance,例如
take ... for example,以...为例
take ... into account,"na. 考虑
"
talent show,新秀发掘演出
tape recorder,"磁带录音机
"
target areas for,无
taste much better,无
team work,"[经] 协力, 配合"
technical innovation,
tedious debate,无
tedious fellow,无
telephone communication,[计] 电话通信
temperature regulation,温度调节
tend to do, 倾向于做某事
tendency to do,无
tendency towards,无
test tube,"试管
"
the accuracy of scales,无
the advent of,(重要人物或事件)…的出现(或到来)
the brick exterior,无
the distribution of,无
the dominant power in the world,无
the greatest power in the world,无
the early stage of civilization,无
the extension of,无
the Faculty of Law,无
the inspection of,无
the interplay between,无
the origins of civilization,无
the presence of,无
the process of,无
the quality of one's handwriting,无
the student action coalition,无
the symbol of,无
the volume of the music,无
the younger generation,"na. 年轻的一代
"
the older generation,[网络] 长辈；老一代；老一代导演
thorny bumps,无
threat of disease,无
throw out,"na. 投出；拒绝；否决(议案)；派出
"
throw up,"na. 呕吐；抛上；急造；丢弃
"
tide sb. over,"v. 帮…度过难关
"
tie up,"na. 绑；系；包扎；(船只)系泊
"
to be honest,"老实说,说实在的"
to some degree, 有点，稍微; 在某种程度上
to tell you the truth,"实话跟你说吧,说实在话,老实说"
too ... to ...,[网络] 太……而不能；太……以致不能；用法
top priority,"最优先的项目,头等重要的事情"
trade places with,无
traditional view, 传统观念
traffic laws,[法] 交通法规
transfer to,转学到
transmit to,把…传给
trash can,垃圾桶
travel on,骑马〔徒步〕旅行
trial period,"[法] 试用期, 受审期"
trickle down, 向下滴流
tropical environment,无
try to,试图/努力(做)...
tuition payment,无
turbidity current,混浊流
turn face up,无
turn out,"v. 证明；原来；到场
"
turn over a new leaf,"翻开新的一页, 重新开始
"
turn sb. down,"na. 翻下(衣领等)；扭小(灯火等)拒绝考虑；拒绝(某人)
"
ultraviolet radiation,[网络] 紫外线放射；紫外辐射
under construction, （正在）修建中
under pressure,在压力强制下
under the circumstances,"在这些情况下, 在此情况下"
under the protection of,在...的保护下
up in the air,悬而未决
upward motion,上运动
vacuum cleaner,"真空吸尘器
"
vary the volume,无
vegetative reproduction,[医] 营养体生殖
vehicle maintenance,汽车维护
vertical movement,[医] 垂直移动
vertical wind,无
visualize sb. doing sth.,历历描绘......于心
volunteer work, 志愿者工作
vote for,"[法] 赞成, 投票赞成, 选举"
walking hibernation,无
warm up,"na. 加热；变暖；热中起来；【运】作准备动作
"
wash up,"洗手洗脸, 洗餐具"
water molecule,水分子
wave field,波场
wear a suit,无
wear out,"na. 精疲力尽；用坏；穿破；磨破
"
weather report,气象报告
weather variations,天气变化
What's up?,[网络] 这是怎么回事
wildlife habitat,无
wipe out,"na. 擦去；【无线】遮蔽；遮蔽地域；【信】封闭
"
wireless device,[电] 无线设备
with details of,无
with reference to,"关于
"
in reference to,"关于..., 根据...
"
wonder if,[网络] 想知道是否；不知道；怀疑是否
wood fiber,n. 木质纤维
work a part-time job,无
work extra hours,无
work on,"继续工作, 设法说服, 影响"
work out,"v. 作出；拟定；制定；计划一下
"
would like to,想…
wrap up,"na. 包起来；包好；穿暖和些；〈非正式〉完成
"
Xinhua News Agency,n. 新华社
yell at,对…叫喊
yield to,"让步于,屈服于,向…投降"
You bet,"你可确信, 的确, 当然"
You can say that again.,[网络] 我同意；说的好；说得好
You got that right.,无
zebra crossing,斑马线
