triumph,"n. 凯旋, 胜利, 欢欣
vi. 得胜, 成功"
pledge,"n. 诺言, 保证, 誓言, 抵押, 信物, 保人, 祝愿
vt. 许诺, 保证, 使发誓, 抵押, 典当, 举杯祝...健康"
pose,"n. 姿势, 姿态, 装模作样, 伪装
vi. 摆姿势, 装模作样, 假装
vt. 使摆好姿势, 提出, 造成"
routine,"n. 常规, 日常工作, 惯例, 例行公事
a. 日常的, 常规的
"
attain,"vt. 达到, 获得
vi. 达到"
foundation,"n. 基础, 根据, 建立
"
resource,"n. 资源, 财力, 办法, 策略, 急智, 消遣
"
faculty,"n. 才能, 能力, 全体教员, (大学的)系
"
comprehensive,"a. 广泛的, 有理解力的, 综合的
"
facility,"n. 容易, 灵巧, 设备
"
community,"n. 社区, 公众, 共有, 共同体
"
explore,"v. 探险, 探测, 探究"
fascinating,"a. 迷人的, 吸引人的, 使人神魂颠倒的"
pursue,"vt. 追赶, 追踪, 追随, 追求, 实行, 继续, 从事
vi. 追赶, 继续"
passion,"n. 激情, 酷爱, 热爱, 强烈感情, 耶稣受难(故事)"
unique,"a. 独一无二的, 独特的, 稀罕的"
enthusiasm,"n. 巨大的热情, 热心"
reap,"vt. 收割, 收获, 获得
vi. 收割, 得到报应"
benefit,"n. 利益
vt. 有益于
vi. 受益"
opportunity,"n. 机会, 时机"
overwhelm,"vt. 淹没, 受打击, 制服, 压倒, 使不知所措
"
available,"a. 可利用的, 可获得的, 有效的
"
sample,"n. 样品, 范例, 样本
vt. 抽样, 尝试
"
assume,"vt. 假定, 承担, 呈现
vi. 装腔作势, 僭越"
emerge,"vi. 浮现, 形成, 出现, (事实)显露"
giant,"n. 巨人, 大力士, 巨大怪物
a. 庞大的, 巨大的"
mate,"n. 配偶, 对手, 助手, (象棋)将死
vt. 使配对, 使一致, 结伴, (象棋)将死
vi. 成配偶, 紧密配合"
roommate,n. 住在同室的人
owl,"n. 猫头鹰
"
virtual,"a. 实际上起作用的, 虚的, 实质的, 有效的, 事实上生效的
"
virtually,adv. 事实上
enrich,"vt. 使富足, 使肥沃"
glow,"n. 赤热, 光辉, 热情, 热烈, 红光
vi. 发红光, 红光焕发, 发热, 洋溢, 激动"
confidence,"n. 信心
"
yield,"n. 生产量, 投资收益
vt. 出产, 给予, 让出, 放弃, 使屈服
vi. 出产, 屈服, 投降, 倒塌"
abundant,"a. 丰富的, 充分的, 大量的"
responsibility,"n. 责任, 职责, 负担, 可靠性
"
inherit,"vt. 继承, 遗传
vi. 接受遗产"
inheritor,"n. 继承人, 后继者
"
transmit,"vt. 传输, 传染, 传达, 遗传, 发射, 传播
vi. 发射信号, 留传下来
"
acquire,"vt. 获得, 学到
"
prosperous,"a. 成功的, 繁盛的, 幸运的
"
remind sb. of ...,"v. 提醒
"
get by,"通过, 混过"
make the most of sth.,尽量利用
reap the benefits,[网络] 获利；获得好处；者获得最大收益
reap the benefits of sth.,[网络] 获得益处；得到好处；得享某事的好处
in advance,"预先
"
stand a chance,"有可能, 有希望"
stand a chance of doing sth.,无
over time,[计] 超时
turn into sth.,[网络] 了解
turn ... into ...,[网络] 了解
all at once,"突然, 同时
"
take pleasure in sth.,乐于
take pleasure in doing sth.,无
open the door to sth.,"给...以机会, 导致..."
take delight in sth.,乐于
take delight in doing sth.,无
participate,"vi. 参加, 分享, 参与, 带有
vt. 分享, 分担"
incredible,a. 难以置信的
deny,"v. 否认, 拒绝"
undeniably,adv. 确凿无疑地；不可否认地
depart,"vi. 离开, 出发, 背离, 违反, 去世"
inquisitive,"a. 好问的, 想知道的, 好追根究底的"
engage,"vi. 答应, 从事, 交战
vt. 使忙碌, 雇佣, 预定, 使从事于, 使参加"
despair,"n. 绝望, 失望
vi. 绝望"
embrace,"n. 拥抱
vt. 拥抱, 互相拥抱, 包含, 收买
vi. 拥抱"
stimulate,"vt. 刺激, 激励, 鼓舞
vi. 起刺激作用"
intellectual,"n. 有知识者, 知识分子, 凭理智做事者
a. 智力的, 用脑力的, 聪明的"
capacity,"n. 容量, 能力, 才能, 资格
"
bind,"vt. 绑, 约束, 装订, 包扎, 使结合
vi. 凝固, 有约束力
"
assure,"vt. 保证, 使确信, 弄清楚, 担保
"
assured,"a. 确定的, 自信的
"
career,"n. 事业, 生涯, 成功
"
curve,"n. 曲线, 弯曲, 曲线球
vt. 弯, 使弯曲
vi. 成曲形"
decent,"a. 有分寸的, 得体的, 大方的"
boast,"n. 吹牛
vi. 吹牛, 自夸
vt. 夸口说, 自恃有"
bond,"n. 捆绑物, 结合, 债券, 契约, 粘合剂, 保证人, 键, 关栈保留
vt. 存入关栈, 使黏合
vi. 结合"
blossom,"n. 花, 花开的状态, 兴旺期
vi. 开花, 兴旺, 发展"
decade,"n. 十年, 十"
genuine,"a. 真正的, 真实的, 诚恳的
"
instinct,"n. 本能, 直觉
a. 充满着的"
confident,"a. 有信心的, 有把握的"
secure,"a. 无虑的, 安心的, 安全的, 可靠的, 保险的
vt. 固定, 获得, 保证, 使安全, 掩护, 招致
vi. 停止操作, 船抛锚"
stereotype,"n. 铅版, 陈规, 老套
vt. 使用铅版, 把...印制成盲文, 套用老套, 使一成不变"
comprehend,"vt. 理解, 包括"
cultivate,"vt. 培养, 耕作"
range,"n. 排, 行, 山脉, 范围, 行列, 射程
vt. 排列, 归类于, 使并列, 放牧
vi. 平行, 延伸, 漫游
"
innocence,"n. 无罪, 无知, 天真无邪
"
curiosity,"n. 好奇心, 新奇的事物, 珍品"
amount,"n. 总数, 总额
vi. 总计, 等同"
flexibility,"n. 弹性, 适应性
"
approach,"n. 接近, 入门
vt. 接近, 近似, 找...商量
vi. 靠近"
enthusiastic,"a. 狂热的, 热心的, 热烈的"
enthusiastically,"adv. 热心地, 狂热地"
talent,"n. 天才, 才能, 有才干的人, 天资"
evolve,"vi. 进展, 进化, 展开
vt. 使发展, 使推断出, 使进化"
potential,"n. 潜在性, 可能性, 潜力, 潜能, 势, 位
a. 有潜力的, 可能的, 潜在的"
bold,"a. 大胆的
n. 粗体
"
enormous,"a. 巨大的, 庞大的"
enormously,"adv. 非常地, 巨大地"
be about to do sth., 即将做某事
go off,"离开, 去世, 消失, 爆炸, 被发射, 变质, 进行, 睡去, 卖掉"
open up,"na. (打)开；割开；开发(资源)；揭示
"
take ... seriously,"na. 重视；认真(想)；当真
"
sign up,"签约参加工作, 签约雇用"
sign up for sth., 注册，选课；报名参加
get to sb.,"到达, 接触到, 开始, 对...有影响"
give sb. the benefit of the doubt,"na. 对(某人的过错等)作善意解释
"
reduce sb. to sth.,[网络] 下降至；减少到；使处于，使成为
as long as,只要...
feel like sth.," 摸起来像是…, 有…的感觉; 想要…"
feel like doing sth.,想要(做)...
safe and sound,安然无恙的
take ... away,"adj. 买回去的
"
be born to be sth.,无
be born to do sth.,无
sb. can't wait,[网络] 等不及；迫不及待；不能等了
clutter,"n. 杂乱
vt. 弄乱, 使凌乱"
await,"vt. 等候
vi. 等待着"
vehicle,"n. 交通工具, 车辆, 传播媒介
"
efficiency,"n. 效率, 效能, 功效
"
embarrass,"vt. 使困窘, 使局促不安, 阻碍"
embarrassment,"n. 困难, 阻碍, 困窘
"
rust,"n. 锈, 生锈, 衰退
vi. 生锈, 衰退
vt. 使生锈, 腐蚀"
blade,"n. 叶片, 刀锋, 刀口, 剑
"
tube,"n. 管, 软管, 隧道
vt. 把...装管, 使通过管子
"
paste,"n. 面团, 面食, 浆糊, 糊状物, 粘贴, 用拳重击
vt. 用浆糊粘, 张贴, 狠狠地打
"
toothpaste,"n. 牙膏
"
polish,"a. 波兰的
n. 波兰人, 上光剂, 光泽, 优雅
vt. 擦亮, 擦去, 使完美
vi. 擦亮, 变得光亮"
trash,"n. 垃圾, 废物
vt. 丢弃"
dump,"n. 垃圾场
vt. 倾倒, 倾销
vi. 倒垃圾, 倾销商品
"
match,"n. 比赛, 火柴, 对手
vt. 使相配, 使比赛, 与...竞争
vi. 结婚, 相配
"
mismatched,a. 配错的
purple,"n. 紫色, 帝位
a. 紫色的, 帝王的, 华而不实的
v. (使)成紫色"
closet,"n. 壁橱, 小室
a. 秘密的, 空谈的
vt. 把...关入小室"
comic,"n. 连环漫画, 喜剧演员, 滑稽的人
a. 滑稽的, 有趣的, 喜剧的"
fiction,"n. 小说, 虚构故事
"
romantic,"a. 浪漫的, 风流的, 传奇性的, 夸大的, 空想的, 浪漫派的"
historical,"a. 历史的, 史实的, 历史上的
"
beloved,"a. 心爱的
n. 心爱的人"
stuff,"n. 原料, 要素, 东西, 材料, 素质, 织品, 废物, 废话
vt. 装填
vi. 狼吞虎咽"
sack,"n. 麻布袋, 洗劫
vt. 把...装入袋, 洗劫"
stack,"n. 堆叠, 堆, 大量, 书库, 枪架, 烟囱, 堆积, 存贮栈
vt. 堆积, 堆满, 暗中对...做手脚
vi. 堆起
"
plague,"n. 瘟疫, 天罚, 麻烦, 灾祸
vt. 折磨, 使苦恼, 使得灾祸"
clumsy,"a. 笨拙的, 不雅观的, 粗陋的"
charity,"n. 慈悲, 博爱, 慈善团体, 施舍
"
band,"n. 带子, 队, 乐队
v. 联合, 结合
"
curl,"n. 拳曲, 鬈发
vt. 弄卷
vi. 拳曲, 弯曲"
curler,"n. 卷发的人, 卷发夹子"
strain,"n. 紧张, 拉紧, 张力, 过劳, 扭伤, 血缘, 种, 族, 气质, 曲调, 旋律, 口吻
vt. 使劳累, 拉紧, 过分使用, 扭伤, 滥用, 曲解, 滤
vi. 尽力, 努力, 紧拉, 弯曲, 被滤出"
haul,"n. 用力拖拉, 拖运, 强拉, 捕获量, 拖运距离
vi. 拖, 拉, 改变方向, 改变主意
vt. 拖拉, 拖运"
donation,"n. 捐赠物, 捐款, 捐赠
"
curb,"n. 抑制, 勒马绳, 边石
vt. 抑制, 束缚, 勒住"
sore,"a. 悲伤的, 痛的, 引起痛苦的
n. 痛处, 溃疡, 疮"
ridiculous,"a. 荒谬的, 可笑的"
toss,"n. 投掷, 抛, 摇摆, 震荡, 掷钱币决定
vt. 投掷, 猛抬, 摇荡, 使不安, 掷钱币决定
vi. 被到处扔, 摇摆, 颠簸, 辗转, 掷钱币决定某事"
strip,"n. 长条, 条状, 带, 脱衣舞
vt. 脱衣, 被剥去, 剥夺, 拆卸
vi. 脱衣服"
craft,"n. 技艺, 手艺, 诡计
vt. 精心制作"
clip,"n. 修剪, 夹子, 回形针, 剪下来的东西
vt. 修剪, 痛打, 夹牢, 剪报
vi. 剪报"
item,"n. 项目, 条款, 一则, 项
"
emotional,"a. 情绪的, 情感的
"
bug,"n. 错误, 虫, 病菌, 缺陷, 窃听器, 癖好, 防盗报警器, 双座小汽车, 要人
vt. 装防盗报警器, 装窃听器, 激怒
vi. 捉虫, 暴突
"
reverse,"n. 相反, 背面, 倒退, 挫折, 失败
a. 反面的, 相反的, 反向的, 颠倒的
vt. 使颠倒, 使逆转, 使倒退, 使反向
vi. 倒退, 反向, 倒转, 反转
"
token,"n. 表征, 记号, 代币
a. 象征的, 表意的
"
make it,"及时抵达, 做成"
free of,"无...的, 在...外面"
free from,"na. 无…的
"
catch oneself doing sth.,无
throw away,"na. 抛弃；浪费；拒绝(劝告)；失去(机会)
"
after all,毕竟
reverse oneself,"完全改变主张,改弦易辙,逆转"
straighten up,"na. 改善；正派地过日子
"
keep back,"na. 隐瞒；阻止；阻止向前；忍住
"
with open arms,热情地
limp,"n. 跛行
a. 柔软的, 无力的, 软弱的
vi. 跛行"
surge,"n. 巨涌, 汹涌, 澎湃
vi. 汹涌, 澎湃, 颠簸, 猛冲, 突然放松
vt. 使汹涌奔腾, 急放
"
breeze,"n. 微风, 煤屑, 轻而易举的事
vi. 吹微风, 逃走"
shiver,"vi. 颤抖, 哆嗦, 被打碎
vt. 使迎风飘动, 粉碎
n. 战栗, 碎块"
complain,"v. 抱怨, 抗议, 控诉"
chill,"n. 寒冷, 寒意, 失意
a. 寒冷的, 冷漠的
vt. 使寒心, 冷冻
vi. 变冷"
chilly,"a. 寒冷的, 冷淡的, 不友好的
"
stride,"n. 大步, 步幅, 步态, 进步
v. 迈大步走, 跨过, 跨"
melt,"n. 熔化, 熔化物, 溶解
v. (使)熔化, (使)溶解, (使)消散, (使)变软"
melting,"a. 熔化的, 温柔的, 令人感动的, 甜美的
"
shed,"n. 车棚, 小屋, 脱落之物, 分水岭
vt. 使流出, 放射, 脱落, 散发, 摆脱
vi. 流出, 散布, 脱落"
immense,"a. 极广大的, 无边的, 非常好的"
fatigue,"n. 疲乏, 疲劳
vt. 使疲劳, 使心智衰弱
vi. 疲劳
a. 疲劳的"
aboard,"adv. 在船上, 在火车上, 在飞机上
prep. 在...之上"
hut,"n. 小屋, 茅舍, 临时军营
v. (使)住在茅舍"
barrel,"n. 桶
vt. 装入桶内"
shell,"n. 贝壳, 壳, 外形, 炮弹
vt. 去壳, 脱落, 炮轰
vi. 剥落, 脱壳
"
shellfish,"n. 贝, 甲壳类水生物
"
bundle,"n. 捆, 束
vt. 包扎, 胡乱塞进
vi. 匆忙离开"
eel,"n. 鳗鱼, 鳝鱼"
portion,"n. 部分, 一份, 命运, 嫁妆
vt. 分配, 给...嫁妆"
migrate,"vi. 移动, 移往, 随季节而移居
"
migration,"n. 移民, 移往, 移动
"
wrap,"n. 外套, 围巾, 包裹物, 限制, 约束, 秘密, 换行
vt. 包装, 卷, 缠绕, 包, 裹, 覆盖, 遮蔽, 隐藏, 掩护
vi. 缠绕, 穿外衣, 包起来
"
unwrap,vt. 打开
suspicious,"a. 可疑的, 多疑的, 怀疑的
"
suspiciously,adv. 猜疑地；怀疑地
pinch,"n. 捏, 拧, 撮, 少量, 收缩, 挤压, 夹痛, 苦恼, 逮捕, 指控, 匮乏, 紧急关头
vt. 捏, 拧, 掐, 挤压, 修剪, 使困苦, 使萎缩, 节制, 少量加入, 逮捕, 勒索
vi. 收缩, 节省, 挤压, 引起苦恼"
vanish,"vi. 消失, 不见, 成为零"
slope,"n. 倾斜, 斜坡, 斜率, 扛枪姿势
vt. 使倾斜, 弄斜, 扛
vi. 倾斜, 走, 逃走"
cracker,"n. 饼干, 爆竹
"
peak,"n. 山峰, 巅, 山顶, 顶点, 尖峰, 帽舌
a. 最高的, 最大值的
vi. 到达最高点, 消瘦, 变憔悴, 逐渐缩小
vt. 使竖起, 使达到最高点"
stretch,"n. 伸展, 张开, 连绵, 一段路, 一段时间
a. 可伸缩的, 弹性的
vt. 伸展, 张开, 曲解, 使过度伸展
vi. 伸展, 延伸
"
overtake,"vt. 赶上, 突然降临于, 压倒, 代替"
anticipate,"vt. 预期, 占先, 加速, 提前使用
"
reluctance,"n. 不情愿, 勉强
"
stoop,"n. 佝偻, 屈从, 弯腰
vi. 弯下, 屈从, 弯腰, 堕落
vt. 使屈从, 使弯曲"
restraint,"n. 抑制, 克制, 束缚
"
scrape,"n. 刮, 擦, 挖, 擦痕, 刮擦声, 困境
vi. 刮掉, 擦掉, 刮出刺耳声
vt. 刮, 擦, 擦伤, 挖成, 积蓄"
delicate,"a. 细致优雅的, 微妙的, 美味的
"
grip,"n. 紧握, 柄, 握力, 握手方式, 手提包, 掌握, 支配, 控制
vt. 抓紧, 抱住, 吸住, 掌握
vi. 握牢, 有吸引力"
gradual,"a. 逐渐的, 渐增的
n. 弥撒升阶圣歌"
gradually,adv. 逐渐地
sway,"n. 摇摆, 影响力, 支配
vt. 摇动, 支配, 弄歪, 使倾斜, 使动摇, 影响
vi. 摇动, 摇摆, 倾斜, 动摇, 统治, 转向"
accompany,"vt. 陪伴, 伴随, 补充, 为...伴奏
vi. 伴奏, 伴唱"
pureed,"v. （将菜、水果等）煮成浓汤, 面包的一种( puree的过去式和过去分词 )"
tuna,"n. 金枪鱼, 金枪鱼肉"
awkward,"a. 笨拙的, 棘手的"
sip,"n. 啜饮, 小口喝, 抿
vi. 啜饮
vt. 啜
"
champagne,"n. 香槟酒, 香槟酒色
"
slow down,(使)慢下来
make sense,有意义
at least,"至少
"
lay sth. out,"n. 布局；设计；规划；安排
"
hang up,"v. 挂断电话；挂机；悬挂；耽搁
"
be supposed to do sth., 应当，应该
not that ... but ...,"并不是…, 而是…"
not that ... but that ...,不是(因为)...而是(因为)...
once in a while,偶尔
the small of one's back,无
not care for ...,[网络] 忽略
campus,"n. 校园, 大学生活"
transform,"vt. 使转换, 改变, 改造, 使...变形
vi. 改变, 转化, 变换
"
fleet,"n. 舰队, 港湾, 小河
a. 快速的, 敏捷的, 浅的, 短暂的
adv. 浅
vi. 疾驰, 飞逝, 掠过
vt. 消磨, 变换船(或船员)的位置"
typical,"a. 典型的, 象征性的
"
access,"n. 通路, 入口, 接近, 进入, 使用权, 发作
vt. 访问, 存取, 接近, 使用
"
accessible,"a. 易接近的, 可进入的, 可使用的, 易受影响的, 可理解的"
response,"n. 反应, 回答, 响应
"
engineering,"n. 工程学, 工程, 操纵
"
dialect,"n. 方言, 同源语"
analyze,"vt. 分析, 细察, 分解
"
script,"n. 手迹, 手稿, 正本, 手写体
vt. 改编为演出本
"
device,"n. 装置, 设计, 策略, 发明物, 设备
"
sophisticated,"a. 复杂的, 久经世故的
"
undergraduate,"n. 大学本科生, 大学肄业生
a. 大学生的"
adopt,"vt. 采用, 正式通过, 收养, 接受
"
indispensable,"n. 不可缺少之物
a. 不可缺少的, 责无旁贷的, 绝对必要的"
outline,"n. 大纲, 轮廓, 概要
vt. 描画轮廓, 描述要点
n. 大纲, 分级, 轮廓
"
regulate,"vt. 管理, 控制, 调节, 调整, 校准
"
bubble,"n. 泡沫
vi. 冒泡, 沸腾
vt. 使冒泡, 滔滔不绝地说"
budget,"n. 预算
vi. 编预算
vt. 编入预算, 安排
a. 廉价的"
estimate,"n. 估计, 判断
vt. 估计, 评价, 判断
vi. 估计"
estimated,a. 估算的；估计的；预计的
assignment,"n. 分配, 功课, 任务, 转让, 归因, 陈述
"
highway,"n. 公路, 大道, 捷径
"
inferior,"a. 次等的, 较差的, 下方的, 下级的
n. 部下, 次品, 下标(符号)"
inferiority,"n. 自卑, 次等
"
complex,"n. 综合体, 情结, 络合物
a. 复杂的, 组合的"
compensate,"v. 偿还, 补偿, 付报酬"
lease,"n. 租约, 租期, 租
vt. 出租, 租出, 租得"
focus,"n. 焦点, 焦距
vi. 聚焦, 注视
vt. 使聚焦, 调焦, 集中
"
competitive,"a. 竞争的
"
peer,"n. 同等的人, 匹敌, 贵族
vi. 凝视, 窥视, 费力地看, 隐现
vt. 与...同等, 封为贵族"
pitch,"n. 程度, 坡度, 顶点, 前倾, 倾斜, 投掷, 音高, 螺距, 节距, 摊位, 树脂, 沥青
vt. 投, 掷, 向前倾跌, 扎营, 竭力推销, 为...定调, 定位于, 用沥青涂
vi. 搭帐篷, 投掷, 向前跌, 猛然摔倒, 坠落, 倾斜
"
portable,"a. 可携带的, 可搬运的, 可移动的
"
mode,"n. 模态, 调式, 样式, 文体, 状态, 方式, 风尚
"
loan,"n. 贷款, 借出
v. 借, 供应货款, 借给"
loaner,"n. 借出者, 债权人
"
meantime,"n. 间隔时间, 其时
adv. 其间"
amazing,a. 令人惊异的
solve,"vt. 解决, 付给, 溶解
vt. 求解
vi. 求解
"
solver,"[计] 解算机, 求解程序"
intelligent,"a. 聪明的, 智能的, 了解的"
less than interesting,无
less than honest,无
less than helpful,无
add to sth.,"na. 增加
"
visit with sb.,"访问,看望;与…交谈"
take the lead,"为首, 带头"
account for,对…负有责任；对…做出解释；说明……的原因；导致；（比例）占
fire off,"na. 发射(火箭等)；发炮；使爆炸；熄灭(火)
"
keep up with,"跟上
"
at a disadvantage,处于不利地位
stand out,"突出, 坚持抵抗"
set up,"na. 建立；创立；发起；开办
"
in large part,"un. 乐意；在很大程度上
"
addict,"vt. 使沉溺, 使上瘾
n. 入迷的人, 上瘾者"
addiction,"n. 入迷, 瘾
"
positive,"a. 肯定的, 积极的, 有把握的
"
enable,"vt. 使能够
"
media,"n. 媒体
"
outlet,"n. 出口, 发泄方法, 市场
"
alternative,"n. 两者择一, 供替代的选择
a. 两者择一的, 供选择的
"
source,"n. 来源, 水源, 根源, 原始资料, 源
"
practically,"adv. 几乎, 差不多, 事实上"
negative,"n. 否定, 否定语, 负数, 底片
a. 否定的, 消极的, 负的, 阴性的
n. 负数, 负值
"
aspect,"n. 外观, 方面, 面貌, 方向
"
epidemic,"n. 传染病, 流行病
a. 流行的, 传染性的"
neglect,"n. 疏忽, 忽略, 漏做
vt. 疏忽, 忽视, 不顾"
infant,"n. 婴儿, 儿童, 初学者
a. 婴儿的, 幼稚的"
impact,"n. 冲击, 冲突, 影响, 效果
vt. 挤入, 撞击, 压紧, 对...发生影响"
involved,"a. 难懂的, 复杂的, 不易懂的, 卷入...之中的, 累及..., 与...有关, 被纠缠的
"
agony,"n. 极大的痛苦, 挣扎
"
risk,"n. 冒险, 危险, 保险额
vt. 冒...的危险, 冒险干"
concern,"n. 关心, 忧虑
vt. 与...有关, 使担心, 使挂念"
concerned,"a. 关心的, 有关的, 参与的, 担心的"
discipline,"n. 训练, 纪律
vt. 训练, 惩罚"
structure,"n. 结构, 构造, 建筑物
vt. 构成, 组织"
plunge,"n. 钻进, 跳进, 跳水, 跳水池, 猛跌, 落下, 投入, 开始从事, 盲目投资
vi. 投入, 投身于, 跳进, 陷入, 下降
vt. 使投入, 使插入, 使陷入, 使遭受"
decline,"n. 衰退, 跌落, 下降
vt. 使降低, 婉谢
vi. 下降, 衰落, 偏斜"
cease,"n. 停止
v. 停止, 终了"
imaginary,"a. 想像的, 虚构的, 假想的"
attribute,"n. 属性, 标志, 定语
vt. 把...归于, 认为...属于
"
personality,"n. 个性, 人格, (团体、地方、国家)特有特性, 名人
"
interaction,"n. 交互作用, 交感
"
blog,n. 博客；部落格；网络日志
release,"n. 释放, 发泄, 豁免, 发行, 释放证书
vt. 释放, 解除, 放松, 豁免, 免除, 发布, 放弃, 让与
n. 发布
"
endorphin,[化] 内啡肽
essential,"n. 要素, 要点, 本质
a. 必要的, 重要的, 本质的
"
sustain,"vt. 承受, 支持, 供养, 继续, 忍受, 蒙受, 证实, 准许
"
sustained,"a. 持续的, 持久不变的, 持久的, 不懈的
"
arouse,"vt. 唤醒, 鼓励, 引起
vi. 醒来"
feedback,"n. 反馈, 反应
"
interact,"vi. 互相影响, 交互作用
n. 幕间剧, 幕间休息"
gamble,"n. 赌博, 冒险
v. 赌博, 孤注一掷"
gambler,"n. 赌博者, 赌徒
"
lever,"n. 杠杆, 似杠杆之工具
vt. 撬开
vi. 使用杠杆"
rational,"a. 理性的, 合理的
n. 有理数"
spoil,"n. 战利品, 赃物, 奖品, 变质, 次品
vt. 损坏, 破坏, 溺爱
vi. 腐坏, 掠夺"
moderate,"a. 适度的, 稳健的, 中等的, 节制的
vt. 节制, 减轻, 使缓和
vi. 变缓和, 主持会议"
moderation,"n. 缓和, 适度, 温和
"
multiple,"n. 倍数, 并联
a. 多样的, 许多的, 多功能的"
schedule,"n. 时间表, 一览表, 计划表, 议事日程
vt. 预定, 编制目录, 制...表, 安排"
a wealth of sth.,"丰富的,大量的…"
make use of sth.,使用
give rise to sth.,"引起, 使发生"
charge sb. with sth.,"na. 托付；使负…的罪名；使受…的责备
"
charge sb. with doing sth.,无
keep sb. from sth.,"na. 避开；禁止；抑制；隐瞒
"
keep sb. from doing sth.,[网络] 避免做；避免做某事；从某事中停下来
care for,"喜欢, 照顾, 为...操心, 尊重"
tell of,讲述
as well,也
at risk,"un. 担风险
"
nothing but,只
era,"n. 时代, 纪元, 时期"
victim,"n. 受害人, 牺牲者, 牺牲品
"
survivor,"n. 生还者, 幸存者
"
tragedy,"n. 悲剧, 惨案, 悲剧作品
"
subsequent,"a. 后来的, 接下去的
"
associate,"n. 同伴, 伙伴, 关联的事物
vt. 使联合, 使发生联系
vi. 交往
"
congress,"n. 国会, 会议, 讨论会
"
congresswoman,"n. 国会女议员, 众议院女议员"
tender,"a. 嫩的, 柔软的, 脆弱的, 温柔的, 亲切的, 未成熟的, 微妙的, 棘手的, 审慎的
vt. 使变嫩, 提供, 偿还
vi. 变柔软, 投标
n. 照料, 看管人, 供应船, 小船, 提出, 偿付, 投标"
sympathy,"n. 同情, 赞同, 怜悯, 慰问, 吊唁
"
shield,"n. 盾, 防卫物, 保护者, 屏蔽
vt. 保护, 遮蔽, 屏蔽, 庇护, 挡开, 避开
vi. 起保护作用"
hail,"n. 冰雹, 致敬, 欢呼, 招呼
vt. 向...欢呼, 致敬, 招呼, 使象下雹样落下
vi. 招呼, 下雹
interj. 万岁, 欢迎"
bullet,"n. 子弹
"
priest,"n. 祭司, 牧师, 神父, 神质人员, 僧侣, 泰斗"
remarkable,"a. 不平常的, 值得注意的, 显著的"
humanity,"n. 人性, 人类, 博爱"
civilian,"n. 平民, 民法专家
a. 平民的, 百姓的, 民用的"
grace,"n. 优雅, 风度, 慈悲, 恩惠, 体面, 赦免, 恩典, 谢恩祷告
vt. 使优美"
circumstance,"n. 环境, 状况, 事件"
respond,"vt. 以...回答
vi. 回答, 响应, 回报, 有反应, 承担责任"
responder,"n. 回答者, 响应者, 响应器, 应答机
"
widow,"n. 寡妇, 孀妇
vt. 使成寡妇"
solemn,"a. 严肃的, 郑重的, 庄严的"
solemnly,adv. 庄严地；严肃地
sergeant,"n. 警察小队长, 军士"
commitment,"n. 委托, 交押, 承担义务, 赞助
"
automobile,"n. 汽车
"
distinct,"a. 清楚的, 显著的, 不同的"
military,"n. 军队
a. 军事的, 军人的, 适于战争的"
personnel,"n. 人员, 人事部门, 人事科(处)
"
jail,"n. 监牢, 监狱, 拘留所
vt. 监禁, 下狱"
confine,"vt. 限制, 使不外出, 禁闭
vi. 邻接, 交界
n. 边缘, 范围, 区域"
solitary,"n. 独居者
a. 孤独的, 独居的"
chamber,"n. 室, 房间, 枪膛
vt. 装(弹药), 把...关在室内
a. 室内的"
establish,"vt. 建立, 确立, 制定
vi. 移植生长"
harmony,"n. 协调, 和睦, 调和
"
reconcile,"vt. 使和解, 调停, 使和谐, 使一致, 使听从
"
conflict,"n. 战斗, 冲突, 矛盾, 争执
vi. 争执, 战斗, 冲突, 抵触
"
conflicted,vi. 抵触（conflict的过去式与过去分词形式）
advocate,"n. 提倡者, 拥护者
vt. 主张, 提倡"
grief,"n. 伤心, 忧愁, 悲痛, 不幸, 灾难"
rage,"n. 愤怒, 情绪激动, 狂暴
vi. 大怒, 狂吹, 流行"
association,"n. 协会
"
legislation,"n. 立法, 法律
"
authority,"n. 权力, 当权者, 当局, 权威, 专家
"
intense,"a. 非常的, 强烈的, 紧张的, 热情的
"
involve,"vt. 包括, 使陷于, 潜心于, 包围
"
fulfill,"vt. 实践, 履行, 实行, 完成, 结束, 满足
"
fulfillment,"n. 履行, 结束, 完成, 实现, 满意, 称心"
give one's life,捐躯，牺牲生命，献出自己的生命
ring out,"鸣钟送别, 打卡下班"
shield ... from ...,遮蔽; 挡住使不受…的伤害; 使免遭(不幸之事)
with grace,无
with good grace,"欣然地,情愿地"
with a good grace,情愿地
be caught up in sth.,"被卷入, 牵涉, 涉及"
get caught up in sth.,[网络] 陷入；卷入；沉浸于
in the words of sb.,无
in sb.'s words,无
reserve sth. for ...,"替…保留,留作…之用"
relate to ...,"na. 有关联；与…有关；理解
"
make sense of sth.,搞清...的意思
sum up,"na. 〈口〉概括；总结
"
in need,"在急需时,在贫困时,在危难中"
count on,"依靠, 指望"
call on,"号召, 呼吁, 约请, 访问"
aspiration,"n. 热望, 志向, 渴望
"
barely,adv. 几乎不
lane,"n. 小路, 巷, 弄, 单行道"
terror,"n. 恐怖, 可怕的人
"
awful,"a. 可怕的, 庄严的, 虔敬的"
abolish,"vt. 废止, 革除, 消灭
"
image,"n. 影像, 肖像, 想象, 图像, 形象, 翻版
vt. 作...的像, 反映, 想象, 象征
n. 图像
"
slippery,"a. 滑的, 光滑的, 靠不住的, 圆滑的, 不稳固的
"
concrete,"n. 凝结物, 混凝土
a. 具体的, 实在的, 混凝土的
v. (使)凝结, 用混凝土浇筑"
primitive,"n. 原始人, 早期艺术家
a. 原始的, 上古的
"
crystal,"n. 水晶, 水晶装饰品, 结晶
a. 水晶的, 水晶一样的, 透明的"
reflect,"vt. 反射, 反映, 招致, 深思
vi. 被反射, 映出, 深思, 考虑, 指责"
lean,"n. 瘦肉, 倾斜, 倾斜度
a. 瘦的, 贫乏的, 歉收的
vi. 倚靠, 倾斜, 依赖
vt. 使倾斜"
ignore,"vt. 不理睬, 忽视, 驳回, 忽略
"
patrol,"n. 巡逻, 巡逻员, 侦察队
v. 巡逻, 巡视"
slam,"n. 砰然声, 猛然, 猛烈的抨击
vt. 猛然关上, 砰地关上, 猛烈抨击
vi. 砰地关上, 猛攻"
halt,"n. 停止, 立定, 休息
vt. 使停止, 使立定
vi. 立定, 停止, 蹒跚, 踌躇, 有缺点
"
yell,"vi. 叫喊, 大叫, (齐声)呐喊欢呼
vt. 喊叫着说
n. 叫声, 喊声, 呐喊"
backup,"n. 倒车, 后退, 后援, 支持, 阻塞
vt. 做备份
a. 候补的, 支持的
"
swell,"n. 增大, 隆起的部分, 巨浪, 肿胀
a. 优秀的, 一流的
vi. 增大, 膨胀, 肿胀, 增强, 骄傲
vt. 使膨胀, 使增大, 使上涨, 使骄傲"
monster,"n. 怪物, 恶人, 巨物
"
roar,"n. 吼, 咆哮, 轰鸣
vi. 吼, 大声说出, 叫喊, 喧闹
vt. 呼喊, 使轰鸣"
limb,"n. 四肢, 枝干, 翼, 边缘
vt. 切断...之手足"
current,"n. 涌流, 趋势, 流
a. 流通的, 现在的, 当前的, 流行的
"
submerge,"vt. 使浸水, 使陷入, 淹没
vi. 潜入水中"
heave,"n. 举, 抛, 起伏, 鼓起
vt. 用力举起, 使举起, 使鼓起
vi. 抛出, 起伏, 喘息, 凸起"
lord,"n. 统治者, 阁下, 上帝
vi. 称王, 作威作福
vt. 使成贵族"
lower,"a. 低的, 下级的, 下层的
vi. 降低, 跌落, 减弱
vt. 放下, 降下, 减弱, 贬低"
collapse,"n. 崩溃, 倒塌, 虚脱
vi. 倒塌, 崩溃, 瓦解
vt. 使倒塌, 折叠
"
badge,"n. 徽章, 标记
"
identify,"vt. 识别, 认为...等同于, 确定, 使参与
vi. 一致, 认同"
betray,"vt. 出卖, 背叛, 辜负, 暴露
"
crack,"n. 裂缝, 爆裂声
v. (使)爆裂, (使)裂开, (使)发出爆裂声
a. 第一流的
adv. 啪地一声"
moan,"n. 呻吟, 悲叹
vi. 呻吟, 抱怨, 悲叹
vt. 呻吟着说"
grab,"n. 抓握, 掠夺, 强占, 东方沿岸帆船
vi. 抓取, 抢去
vt. 攫取, 捕获, 霸占"
slender,"a. 苗条的, 纤弱的, 微少的, 微薄的
"
streak,"n. 条理, 斑纹, 倾向
vt. 加条纹
vi. 变成条纹, 飞跑"
stiff,"a. 坚硬的, 严厉的, 呆板的, 生硬的, 刚强的, 强烈的, 粘的, 稠的, 艰难的
n. 死尸, 醉鬼, 钞票
vt. 不肯付...小费"
heal,"vi. 痊愈
vt. 使复原, 使和解, 治愈"
acute,"a. 尖锐的, 敏锐的, 激烈的, 严重的, 急性的
"
nightmare,"n. 梦魇, 恶梦, 可怕的事物(或情景、人物)
"
live in terror of ...,无
a string of,n. 一串的，一系列，一批; 一连串
turn off,"v. 关掉
"
lean on,靠着
beat sb. to it,"na. 瞒；占先
"
pull over,"靠岸, 开到路边"
slip off,不告而别
slip down,滑倒
bring sth. to a halt,使停止
cut through,"抄近路走过, 刺穿"
fill up with,"v. 装满
"
identify sb. as sb.,无
catch up with,赶上
break through sth.,"突围, 突破
"
hold on,"继续, 不挂断, 停止"
let go,"v. 放手；解雇；松手；忽视
"
let go of ...," 释放, 放开"
be grateful for, 感恩戴德
marathon,"n. 马拉松, 耐力的考验"
annual,"n. 年刊, 年报
a. 每年的, 一年一次的, 全年的, 一年生的"
route,"n. 路径, 途径, 路线
vt. 确定路线, 按规定路线发送
"
harsh,"a. 粗糙的, 刺耳的, 严厉的
"
endurance,"n. 忍耐, 忍耐力, 耐性
"
regardless,"a. 不管, 不注意, 不顾"
super,"n. 跑龙套角色, 冗员, 特级品, 特大号, 管理人
a. 上等的, 特大的, 超级的, 极好的, 十分的, 过分的
adv. 非常"
contract,"n. 合约, 婚约, 契约
vt. 使皱缩, 使缩短, 感染, 订约, 缔结
vi. 皱缩, 订约, 收缩"
prominent,"a. 卓越的, 显著的, 突出的, 凸出的"
sponsor,"n. 保证人, 赞助者, 发起者, 倡议者, 教父
vt. 发起, 赞助, 倡议"
finance,"n. 财政, 财务
vt. 供给...经费, 负担经费
vi. 筹措资金"
furnish,"vt. 供给, 提供, 装设
"
substantial,"n. 重要材料(或事物), 有实际价值的东西
a. 实质上的, 物质的, 有内容的, 结实的"
mechanism,"n. 机械, 机构, 结构, 机理, 技巧
"
contest,"n. 竞赛, 争论
vt. 竞争, 争取, 争辩
vi. 竞争"
distinction,n. 区别
amateur,"n. 业余爱好者, 外行, 爱好者
"
odd,"a. 奇数的, 古怪的, 剩余的, 零散的, 各种各样的, 少量的
n. 奇特的事物, 怪人
"
invisible,"a. 看不见的, 无形的
"
assemble,"vt. 集合, 收集, 装配
vi. 集合
"
assembled,v. 集合；装配（assemble的过去分词）
assert,"vt. 主张, 坚称, 断言
"
react,"vi. 起反应, 起作用, 反攻
"
apparent,"a. 清晰可见的, 显然的, 表面上的
"
publicity,"n. 名声, 宣传, 公开场合
"
crush,"n. 压碎, 粉碎, 群众, 迷恋
vt. 压破, 征服, 塞, 弄皱, 榨出
vi. 被压碎, 起皱, 挤"
gear,"n. 齿轮, 工具
vt. 以齿轮连起, 开动, 使适应, 安排
vi. 连接上, 适合"
style,"n. 风格, 时尚, 文体, 风度, 字体, 类型
vt. 称呼, (根据新款式)设计, 使合潮流
n. 风格, 样式
"
shuffle,"n. 拖着脚走, 曳步, 混乱, 蒙混, 洗纸牌
v. 拖曳, 马虎地做, 笨手笨脚地穿(脱)衣, 推诿, 洗牌
"
commentator,"n. 评论员, 实况广播员, 注释者, 时事评论员"
alike,"a. 相似的, 同样的
adv. 一样, 以同样的方式"
welfare,"n. 福利, 安宁, 幸福, 福利事业
a. 福利的"
insane,"a. 患精神病的, 极愚蠢的
"
smash,"n. 打碎, 粉碎, 打碎时哗啦声, 猛击, 扣球, 杀球, 经营失败, 破产, 硬币, 假硬币
a. 非常轰动的, 了不起的
vt. 打碎, 粉碎, 击溃, 使破产, 使裂变, 使用假硬币
vi. 碎裂, 猛撞, 破产, 扣球, 杀球
adv. 轰隆一声, 哗啦一声"
award,"n. 奖品, 裁定, 判决
vt. 授予, 给予"
prominence,"n. 突起, 突出, 显著, 突出物, 凸出
"
despite,"n. 轻视, 憎恨
prep. 虽然, 尽管"
dim,"a. 暗淡的, 模糊的
vt. 使暗淡
"
stroke,"n. 笔划, 打, 中风, 抚, 摩, 冲程
vt. 划尾桨, 抚, 摩, 划去
"
legend,"n. 传说, 传奇文学, 图例
"
magnificent,"a. 华丽的, 高尚的, 宏伟的"
brilliant,"a. 光辉的, 灿烂的, 有才气的
"
individual,"n. 人, 个人, 个体
a. 个别的, 个人的, 独特的"
inherent,"a. 固有的, 与生俱来的
"
inherently,"adv. 内在地, 生来地, 固有地
"
up to,"从事于(坏事), 忙于, 胜任, 能做, 适合, 适于"
in attendance, 当值;  出席; 侍候;  照料
might as well,"还是...的好, 不妨"
might just as well,最好还是…; 还是…为好
at a time,"每次, 在某时"
leave ... behind,"na. 遗留；留下；追过；留在后头
"
out loud, 大声地
fall ill,得病
have no intention of doing sth.,"na. 无意做…
"
endear sb. to sb.,[网络] 受到喜爱；使受喜爱
give away,"na. 赠送；分发；放弃；露马脚
"
pass away,"去世, 停止, 离去, 消逝"
to this day,至今
mold,"n. 模子, 模型, 霉
v. 形成, 塑造, 发霉"
critical,"a. 批评的, 决定性的, 危险的, 临界的
"
underline,"vt. 在...下面划线, 作...的衬里, 强调
n. 下划线, 图下说明文字
"
humble,"a. 低下的, 谦逊的, 粗陋的
vt. 使...卑下, 降低...地位, 贬抑"
generous,"a. 慷慨的, 有雅量的, 大量的, 丰富的"
emphasize,"vt. 强调, 加强语气, 着重"
mutual,"a. 相互的, 共有的
"
obligation,"n. 义务, 责任, 约束, 契约, 恩惠, 债务
"
graceful,a. 优美的
youngster,"n. 小孩, 年轻人, 少年
"
nevertheless,"adv. 然而, 虽然如此
conj. 然而"
abstract,"a. 抽象的, 深奥的
n. 摘要, 抽象概念
vt. 摘要, 提炼, 使抽象化
"
concept,"n. 观念, 概念
"
strategy,"n. 战略, 策略
"
cooperation,"n. 合作, 协力, 配合
"
crucial,"a. 决定性的, 重要的, 严厉的
"
overcome,"vt. 战胜, 克服, 胜过
vi. 得胜"
fundamental,"n. 基本原理, 原则, 基波
a. 基本的, 重要的, 原音的"
outcome,"n. 结果, 出口"
ambition,"n. 野心, 志向"
participation,"n. 参与, 分享
"
hazard,"n. 冒险, 危险, 机会
vt. 冒...的危险, 赌运气, 使冒危险
"
psychology,"n. 心理学, 心理状态
"
psychologist,"n. 心理学家
"
considerable,"a. 相当的, 可观的, 重要的"
intensity,"n. 强烈, 紧张, 强度
"
psychological,"a. 心理学的, 精神上的, 心灵的
"
emphasis,"n. 强调, 加强, 重点, 强语气"
exclusive,"a. 排外的, 独占的, 唯一的
"
exclusively,"adv. 排他地, 仅仅, 专门, 只, 仅, 唯一地, 专有地"
outlook,"n. 观点, 景色, 前途, 了望
"
demanding,"a. 要求高的, 费力的"
excessive,"a. 过度的, 过多的, 极端的
"
drain,"n. 排水沟, 消耗, 排水
vt. 排出, 喝光, 耗尽
vi. 排水, 流干"
draining,a. 排水的；滤水的
consequence,"n. 结果, 重要性
"
rate,"n. 比率, 率, 速度, 价格, 费用, 等级
vt. 估价, 认为, 鉴定等级, 责骂
vi. 被评价, 责骂"
accomplish,"vt. 完成, 达到, 实现, 使完美"
accomplishment,"n. 成就, 完成"
adapt,"vt. 使适应, 改编
vi. 适应"
define,"vt. 定义, 规定, 使明确
"
redefine,"vt. 重新定义
"
trait,"n. 特征, 特性, 一笔, 少许"
extreme,"n. 极端, 末端
a. 极端的, 尽头的, 极度的, 偏激的"
extremely,"adv. 极端地, 非常地"
pave,"vt. 铺设, 安排, 铺满, 为...铺路
"
the here and now,[网络] 现时；现实情况中
early on, 在早期; 前一阵子
free ride," 坐享其成, 无本获利"
blame sb. for sth.,[网络] 因……责备；责怪；因…怪罪
place emphasis on sth.,"强调,重视,着重于…"
cancel out,"v. 相约；相消；抵消
"
on the surface,表面上
in shape,"在外形上, 处于良好状态"
deal with sth.,"安排, 处理, 涉及, 做生意"
the way of the world,人情世故
pave the way for sth.,为...铺平道路
numerous,"a. 很多的, 数目众多的, 多数的
"
reliable,"a. 可靠的, 可信赖的
"
contrast,"n. 差别, 对比, 对照物
vt. 使对比
vi. 成对照
"
indicate,"vt. 显示, 象征, 指示, 指出
"
indicator,"n. 指示器, 指示剂, 指标
"
decrease,"n. 减少, 减少量
v. 减少"
assess,"vt. 估定, 对...征税, 评定
"
alter,v. 改变
stake,"n. 桩, 炮烙刑, 木柱, 赌注, 奖金
vt. 打桩, 用桩撑, 下赌注, 资助
vi. 打赌"
academic,"a. 学院的, 学术的, 不切实际的
n. 大学生, 大学教师, 学者, 学会会员"
undermine,"vt. 在...下面挖, 渐渐破坏, 暗地里破坏
"
significant,"a. 重要的, 有效的, 有含义的, 暗示的, 值得注意的"
significantly,adv. 值得注目地；意味深长地
interfere,"vi. 妨碍, 冲突, 干涉, 抵触
"
overall,"a. 全部的, 全体的, 从头至尾的, 一切在内的
adv. 从头到尾, 总的说来
n. 罩衫, 工作服"
proof,"n. 证据, 证明, 试验, 检验, 考验
a. 不能透入的, 证明用的, 防...的, 耐...的
vt. 检验, 试验, 校对, 使不被穿透
"
approximately,"adv. 大约, 大致, 近于
"
seemingly,"adv. 看来似乎, 表面上看来"
consistent,"a. 一致的, 坚持的, 并立的, 坚固的"
toll,"n. 通行费, 代价, 钟声
vt. 征收, 敲钟, 鸣钟, 勾引, 引诱
vi. 征税, 鸣钟"
given,"a. 赠予的, 沉溺的, 约定的
give的过去分词"
indication,"n. 指示, 象征, 暗示
"
compromise,"n. 妥协, 折中, 折中方案, 和解
vi. 妥协处理
vt. 危害"
whereas,"conj. 然而, 鉴于
"
marginal,"a. 边缘的, 最低限度的, 有旁注的
"
commit,"vt. 委托(托付), 犯罪, 指派...作战, 使承担义务
"
committed,"a. 献身于某种事业的
"
withdraw,"vt. 撤回, 取回, 撤消, 使撤退, 拉开, 移开
vi. 撤退, 离开"
striking,"a. 醒目的, 惊人的, 打击的, 罢工的
"
generate,"vt. 产生, 发生, 导致
"
anew,"adv. 重新, 再"
permanent,"a. 永久的, 不变的, 固定的, 持久的
n. 烫发
"
owing to,"由于..., 因为..."
erode,"vt. 腐蚀, 侵蚀
vi. 受腐蚀"
characteristic,"n. 特性, 特征, 特色
a. 特性的, 特有的, 有特色的
"
intensive,"a. 加强的, 内涵的, 集中的
n. 加强器"
recreation,"n. 娱乐, 消遣, 休息, 再创造
"
surplus,"n. 剩余, 过剩, 盈余
a. 过剩的, 剩余的"
accustomed,"a. 惯常的, 习惯了的"
depress,"vt. 使沮丧, 压低, 降低, 使萧条
"
convention,"n. 大会, 协定, 惯例, 约定
"
controversial,"a. 争论的, 论争的, 被议论的"
conventional,"a. 传统的, 习惯的, 约定的
"
formative,"a. 有助于形成的, 造型的, 形成的
n. 构词要素"
abandon,"vt. 放弃, 抛弃, 遗弃, 使屈从, 沉溺, 放纵
n. 放任, 无拘束, 狂热"
appealing,"a. 有感染力的, 动人的, 恳求的"
myth,"n. 神话, 虚构的事, 虚构的人"
resolve,"vi. 决定, 分解, 决心
vt. 使分解, 解析, 解决, 消除, 决心
n. 决定之事, 决心, 坚决"
interfere with,"干涉,干扰,妨碍"
cut class,[网络] 逃课；逃学；翘课
on the other hand,另一方面
take a toll on, 夺去
take its toll on,无
at risk,"un. 担风险
"
at risk of,无
to begin with,首先
in other words,换句话说
cut back on,削减
cut corners,抄近路
bit by bit,一点一点
burn the midnight oil,[网络] 挑灯夜战；熬夜
drop out,"掉出, 退出, 离队
"
in turn,"na. 挨次
"
contribute to,捐献
hold on to,坚持
soar,"n. 高扬, 翱翔
vi. 往上飞舞, 高耸, 翱翔"
frank,"a. 坦白的, 率直的, 老实的
vt. 免费邮寄
n. 免费邮寄特权"
vigorous,"a. 精力充沛的, 元气旺盛的, 茁壮的, 有力的"
absorb,"vt. 吸收, 使全神贯注, 同化, 买进, 理解, 承受, 忍受, 承担
"
tuition,"n. 学费, 讲授"
tremendous,"a. 巨大的, 非常的, 可怕的"
relevant,"a. 有关联的, 有关系的, 适当的, 相应的
"
spite,"n. 恶意, 怨恨, 使人烦恼的事物
vt. 故意刁难, 欺侮"
obstacle,"n. 障碍, 妨害物, 阻碍"
collective,"a. 集体的, 聚集的, 共同的
"
collectively,"adv. 集合, 聚合性, 共同, 集体主义, 集团, 集体"
claim,"n. 要求, 要求权, 断言, 权利
vt. 要求, 认领, 主张
vi. 提出要求, 主张, 断言"
endure,"vt. 忍受, 忍耐, 容忍, 耐
vi. (正式)持久, 持续
"
bulge,"n. 胀, 膨胀
vi. 凸出
vt. 使膨胀"
tutor,"n. 家庭教师, 导师, 助教, 监护人
vt. 当...的教师, 教, 指导, 约束, 克制
vi. 当家庭教师, 受家庭教师的指导"
startle,"n. 惊愕, 惊恐
vt. 吃惊, 使惊愕
vi. 惊起"
startled,v. 震惊（startle的过去分词）
necessity,"n. 需要, 必需品, 必然
"
luxury,"n. 奢侈, 豪华
a. 奢侈的, 豪华的"
glimpse,"n. 一瞥, 一闪
vi. 投以一瞥, 闪烁不定
vt. 瞥见"
prioritize,"vt. 按优先次序列出, 优先考虑"
aware,"a. 知道的, 有觉悟的"
influential,"a. 有影响的, 有势力的"
illustrate,"vt. 举例说明, 作图解, 阐明
vi. 举例说明"
cite,"vt. 引用, 引证, 表彰
"
dropout,"n. 退学学生, 中途退学
"
evidence,"n. 根据, 证据, 迹象
"
exhaust,"n. 排气, 排气装置, 废气
vt. 抽完, 用尽, 耗尽, 使精疲力尽
vi. 排气"
abuse,"n. 滥用, 虐待, 恶习, 辱骂
vt. 滥用, 辱骂, 虐待"
authentic,"a. 可靠的, 可信的, 真正的
"
stress,"n. 压力, 紧迫, 强调, 重音, 重点, 应力
vt. 加压力于, 着重, 重读"
tension,"n. 紧张, 不安, 拉紧, 张力, 压力, 电压
vt. 拉紧, 使紧张"
relieve,"vt. 减轻, 救济, 解除, 使免除, 换...的班, 使得到调剂, 使不单调, 衬托, 使显著
vi. 救济, 当替补投手, 呈鲜明突出"
burden,"n. 负担, 重载, 担子, 责任
vt. 装货于, 烦扰, 使负担"
convince,"vt. 说服, 使相信
"
convinced,"a. 确信的, 深信的"
ensure,"vt. 确定, 保证, 担保, 保护
"
responsible,"a. 有责任的, 负责的, 责任重大的
"
formal,"a. 正式的, 形式的, 礼仪的, 拘于礼节的, 拘谨的
n. 正式的社交活动"
advanced,"a. 在前的, 高级的, 先进的, 年老的
"
singular,"n. 单数
a. 异常的, 单一的"
financial,"a. 财政的, 金融的
"
furthermore,"adv. 此外, 而且"
readily,"adv. 迅速地, 轻易地, 乐意地"
concede,"vt. 承认, 退让
vi. 让步"
mature,"a. 成熟的, 到期的, 充分考虑的
vt. 使成熟
vi. 成熟, 到期"
be in the minority,占少数
be in a minority,是少数派(尤指在投票的两部分人中)
as for,至于
a matter of sth.,"...左右, ...上下, 只是...的问题而已, 只需, 大约"
a matter of doing sth.,无
look back,"回顾, 三心二意
"
feel sorry for oneself,"感到倒霉而愤愤不平, 垂头丧气"
be envious of,"忌妒, 羡慕"
catch a glimpse of,瞥见
get a glimpse of,瞥见...
have a glimpse of,无
relieve sb. of sth.,"v. 解除
"
fraud,"n. 欺骗, 欺诈, 诡计, 骗子
"
corruption,"n. 腐败, 堕落, 贪污
"
expel,"vt. 驱逐, 逐出, 排出, 开除
"
purchase,"n. 购买, 购买品, 紧握, 绞辘
vt. 购买, 赢得, 努力取得, 用滑轮起(锚等)"
layer,"n. 层, 产卵鸡, 放置者
vt. 分层堆积, 压植
"
exemplify,"vt. 例证, 例示
"
consumer,"n. 消费者
"
bribe,"n. 贿赂
vt. 贿赂, 收买
vi. 行贿"
rip,"n. 裂痕, 破绽, 拉裂, 浪子, 巨浪
vi. 被拉开, 裂开, 猛冲
vt. 撕, 扯, 劈"
accurate,"a. 正确的, 精确的
"
exaggerate,"v. 夸大, 夸张"
principle,"n. 原则, 原理, 主义
"
morality,"n. 道德, 教训, 品行
"
extensive,"a. 广的, 广泛的, 多方面的
"
facilitate,"vt. 使容易, 促进, 帮助
"
nerve,"n. 精神, 勇气, 叶脉, 神经
vt. 鼓起勇气"
frustrate,"vt. 挫败, 击败, 破坏
a. 无益的, 挫败的, 挫折的"
frustration,"n. 挫折, 顿挫
"
ultimate,"n. 终极, 根本, 顶点, 基本原则
a. 终极的, 根本的, 极限的, 最远的, 最后的, 最大的"
illegal,"a. 违法的, 不合规定的
"
fake,"n. 假货, 欺骗, 诡计
a. 假的
vt. 假造, 仿造
vi. 伪装"
browse,"v. 浏览, 吃草
n. 浏览, 吃草
"
locate,"vt. 找出, 设于, 位于
vi. 定居"
appropriate,"a. 适当的
"
web,"n. 网, 蛛丝, 蹼, 织物, 圈套, 卷筒纸
vi. 结网, 形成网
vt. 织蜘蛛网于, 使落入圈套"
conscious,"a. 有意识的, 知觉的, 觉察的
"
cope,"vi. 竞争, 应付
n. 长袍"
plagiarism,"n. 剽窃, 抄袭, 剽窃物
"
software,"n. 软件
"
plagiarize,"v. 剽窃, 抄袭"
launch,"n. 下水, 汽艇, 发射
vt. 使下水, 发射, 发动
vi. 起飞, 下水, 投入, 开始"
campaign,"n. 战役, 运动, 竞选运动
vi. 参加运动, 作战"
eliminate,"vt. 除去, 排除, 剔除, 消除"
attach,"vt. 附上, 使依附, 使附属, 使喜爱, 系, 缚
vi. 附属, 归属, 联系在一起
"
attached,"a. 附加的；依恋的, 充满爱心的"
satisfactory,"a. 满意的, 赎罪的
"
confront,"vt. 使面对, 对抗, 遭遇, 使对质, 比较
"
reveal,"vt. 露出, 显示, 透露, 揭露, 泄露, (神)启示
n. 窗侧, 门侧"
applaud,"v. 拍手喝彩, 称赞, 赞同"
awareness,"n. 意识, 认识
"
imply,"vt. 暗示, 意味
"
absolute,"a. 绝对的, 专制的, 完全的, 独立的
n. 绝对事物"
induce,"vt. 引诱, 招致, 归纳出, 感应
"
descend,"vi. 下降, 世代相传, 屈尊, 袭击
vt. 下降"
chaos,"n. 大混乱, 混沌
"
affirmative,"a. 肯定的, 赞成的, 积极的
n. 肯定语"
durable,"a. 持久的, 耐用的"
turn in,"v. 向里弯曲
"
not to mention sth.,不必提及
rip off,"v. 剥削；抢劫；强奸；〈俚〉剽窃
"
if this is the case,无
if that is the case,无
cope with,"与...竞争, 应付, 处理"
launch a campaign, 发起运动
make a complaint about sth.,无
the good old days,[网络] 过去的好时光；再见艳阳天；过去的美好时光
be confined to ...,"限制, 禁闭"
descend into,向下行
element,"n. 元件, 元素, 要素
"
lump,"n. 块, 瘤, 很多, 肿块, 笨人
vt. 使成块状, 混在一起
vi. 结块"
inhabitant,"n. 居民, 居住者
"
encounter,"n. 相会, 相遇, 遭遇
vt. 遇见, 邂逅, 会战
vi. 偶然相遇"
automatic,"n. 自动手枪, 自动机械
a. 自动的, 机械的, 必然的, 无意识的"
bump,"n. 撞击, 肿块
vt. 碰撞
vi. 撞, 颠簸而行"
prompt,"n. 激励, 提示, 提醒物, 提词, 付款期限
a. 迅速的, 敏捷的, 立刻的, 提词员的
vt. 激励, 鼓动, 提示
adv. 准时地
"
chase,"n. 追求, 狩猎, 追逐
vt. 追捕, 追逐, 雕刻, 在...上镶嵌宝石
vi. 追赶, 奔跑"
reluctant,"a. 不情愿的, 勉强的
"
elevator,"n. 电梯, 升降机
"
switch,"n. 开关, 电闸, 转换, 软枝, 鞭子, 道岔
vt. 转变, 切换, 摆动, 转换, 使转轨
vi. 转换, 变换, 摆动
"
beep,"n. 短而尖的声音, 嘟
v. 嘟嘟响"
horn,"n. 角, 角质, 喇叭, 号角
a. 角制的
vt. 用角触, 长角于"
subway,"n. 地铁, 地道
vi. 乘地铁"
herd,"n. 兽群, 人群, 牧人
vt. 群集, 使成群, 放牧
vi. 聚在一起"
commute,"vt. 交换, 折偿, 减轻
vi. 代偿, 经常乘车来往"
commuter,"n. 乘公共车辆上下班者, 月季票乘客
"
elbow,"n. 手肘, 弯头, 扶手
v. 用手肘推开, 推挤"
intimidate,"vt. 威胁, 恐吓
"
pregnant,"a. 怀孕的, 充满的, 思想丰富的, 成果丰硕的
"
nuisance,"n. 讨厌的东西, 讨厌的人, 损害
"
trend,"n. 趋势, 倾向, 走向
vi. 倾向, 转向
"
traditional,"a. 传统的, 惯例的
"
minor,"n. 未成年人, 副修科目
a. 较小的, 二流的, 未成年的
vi. 副修
"
ignorant,"a. 无知识的, 不知道的, 由无知产生的
"
counsel,"n. 商议, 忠告, 法律顾问
v. 商议, 劝告"
counselor,"n. 顾问, 参事, 法律顾问"
disgraceful,"a. 可耻的, 不名誉的"
insult,"n. 侮辱, 无礼, 损害
vt. 损害, 侮辱, 攻击"
target,"n. 目标, 靶子, 指标
vt. 对准, 订指标"
staff,"n. 全体人员, 工作班子, 棍棒, 杆, 拐杖, 支柱, 权杖
a. 职员的, 雇员的, 参谋的
vt. 为...配备人员"
hostile,"a. 敌人的, 怀敌意的, 敌对的
n. 敌对分子"
threaten,"vt. 恐吓, 威胁, 预示...的凶兆
vi. 威胁, 恫吓, 可能来临"
threatening,"a. 胁迫的, 危险的
"
agency,"n. 代理机构, 经销商, 中介
"
perceive,"v. 感觉; 认识, 理解; 察觉到, 意识到, 注意到"
offensive,"a. 令人不快的, 侮辱的, 攻击性的
"
verbal,"a. 用言辞的, 言语的, 口头的, 逐字的, 动词的
"
slap,"n. 掴, 掌击, 侮辱, 拍击声
v. 拍击, 惩罚
adv. 正面地, 直接地, 突然地"
curse,"n. 咒骂, 诅咒
vt. 诅咒, 咒骂"
complaint,"n. 诉苦, 抱怨, 控诉
"
punch,"n. 打洞器, 钻孔机, 冲压机, 冲床, 潘趣酒
vt. 以拳重击, 开洞, 冲压
vi. 用拳猛击"
utility,"n. 功用, 有用之物, 实用, 公用事业, 实用程序
a. 实用的, 有多种用途的
"
executive,"n. 执行部门, 执行委员会, 执行者, 经理主管人员
a. 执行的, 善于执行的, 善于经营的
"
temper,"n. (钢等的)硬度, 脾气, 心情, 中和剂, 倾向, 回火
vt. 使回火, 锻炼, 调和, 使缓和
vi. 回火"
norm,"n. 基准, 模范, 标准, 准则, 平均数
"
random,"n. 随意, 随机
a. 任意的, 随便的, 胡乱的, 随机的
adv. 胡乱地"
compassionate,"a. 慈悲的, 富于同情心的, 照顾性的
vt. 怜悯, 同情"
volunteer,"n. 志愿者
a. 志愿的
v. 自愿"
optimistic,"a. 乐观的, 乐观主义的, 乐天的"
prevail,"vi. 获胜, 流行, 盛行
"
mind one's own business,别管闲事
out of the way,"不挡道, 不恰当, 异常, 偏僻
"
crop up,突然出现
cut in line,超车
give chase,vi. 追赶
play a role in sth.,在...起作用
play a role in doing sth.,无
correspond with,"符合, 一致, 通信"
cut both ways,"对双方起作用, 模棱两可"
in a ... fashion,"na. 多少
"
go beyond sth.,超出
all but,"几乎, 差一点"
get lost,"迷路,迷失方向"
live with, 与…一起生活; 与（异性）同居; 学会去适应; 接受并忍受
show up,"na. 显眼；揭发；嘲笑；露面
"
pass sth. on to sb.,[网络] 传递给；传给；传与后代
point to,指向
a variety of sth.,"各种各样的..., 种种..."
gender,"n. 性
vt. 产生"
variable,"n. 易变的事物, 变数, 可变物, 变量
a. 可变的, 不定的, 易变的, 变量的
"
contradiction,"n. 反驳, 矛盾
"
intimate,"a. 亲密的, 私人的, 秘密的
vt. 暗示, 通知, 告诉
n. 至交"
magnetic,"a. 有磁性的, 有吸引力的, 催眠术的
"
sensitive,"a. 敏感的, 易感的, 灵敏的, 感光的
"
deliberate,"a. 深思熟虑的, 故意的, 从容的
v. 仔细考虑"
comparison,"n. 比较, 对照, 比喻
"
ritual,"n. 仪式, 典礼, 宗教仪式
a. 仪式的, 依仪式进行的"
motion,"n. 移动, 手势, 动作, 意向, 请求, 提议
v. 打手势"
sequence,"n. 序列, 续发事件, 顺序, 连续
vt. 按顺序排好
"
deficiency,"n. 缺乏, 不足
"
narrative,"n. 叙述, 故事
a. 叙述的, 叙事的, 故事体的"
retreat,"n. 休息寓所, 撤退, 隐居, 退避
vi. 撤退, 隐退, 向后倾
vt. 退(棋)"
steer,"vt. 引导, 驾驶, 航行, 控制
vi. 驾驶, 掌舵, 行驶
n. 驾驶指示, 劝告"
steering,"n. 掌舵, 操纵, 指导"
intact,"a. 尚未被人碰过的, 原封不动的, 完整的
"
mission,"n. 任务, 代表团, 使命, 传教团
vt. 派遣, 向...传教"
evident,"a. 显然的, 明显的"
utter,"a. 全然的, 绝对的, 完全的
vt. 发出声音, 做声, 发表, 发射, 流通"
inevitable,"a. 不可避免的, 必然的
"
inevitable,"a. 不可避免的, 必然的
"
microphone,"n. 扩音器, 麦克风
"
spill,"n. 溢出, 溅出, 摔下, 溢出量, 木片, 小塞子
vt. 使溢出, 使散落, 洒, 使流出, 倒出, 使摔下
vi. 溢出, 涌流, 摔下"
elaborate,"a. 精细的, 详尽的, 精心计划(或制作)的
vt. 详细地说明, 用心地制作, 发挥
vi. 变复杂, 作详细说明"
drama,"n. 戏剧, 戏剧艺术"
rigid,"a. 坚硬的, 刚性的, 严格的, 精密的, 刻板的"
farewell,"n. 辞别, 再见, 再会
interj. 再会"
abrupt,"a. 突然的, 唐突的, 陡峭的, 不连贯的"
abruptly,"adv. 突然地, 唐突地"
panic,"n. 恐慌, 惊慌
a. 惊慌的, 没有理由的, 恐慌的
vt. 使惊慌, 使狂热
vi. 惊慌"
splash,"n. 飞溅, 污点, 一点儿, 溅泼声, 色斑
vi. 溅湿, 溅开, 飞溅
vt. 溅, 泼, 使溅起水, 洒, 使成斑驳状"
scare,"n. 惊吓, 恐慌
vt. 惊吓, 使恐慌
vi. 受惊"
scared,"a. 害怕的, 担惊受怕的, 惊慌的, 吓坏了的"
spontaneous,"a. 自然的, 自发的, 未经琢磨的
"
spontaneously,"adv. 自发, 一时冲动, 出自自然, 不依赖人工, 自然产生, 本能, 自动, 自然而优雅"
transparent,"a. 透明的, 显然的, 清晰的
"
relief,"n. 减轻, 解除, 救济, 安慰, 调剂, 浮雕, 换班, (地势的)起伏
"
process,"n. 程序, 进行, 过程
vt. 加工, 使...接受处理, 对...处置, 对...起诉
a. 经加工的, 有特殊光效的
"
nurture,"n. 养育, 营养物, 培育
vt. 养育, 供给营养物, 教养"
genetic,"a. 创始的, 遗传的, 起源的, 遗传学的
"
tendency,"n. 趋向, 倾向
"
masculine,"n. 阳性, 男性
a. 男性的, 阳性的, 有丈夫气的"
feminine,"a. 女性的, 阴性的, 柔弱的
"
tend,"vi. 走向, 有某种的倾向, 易于, 照顾, 注意
vt. 照料, 护理"
restrain,"vt. 抑制, 阻止, 束缚
"
restrained,"a. 限制的, 拘谨的, 克制的"
in ... terms,"在谈判,在协商;明确地,措词严密地"
in comparison, 相比之下
make up for,"补偿,弥补"
at the time,"当时,那时"
on a mission,带着使命执行任务的时候
pull away,"脱身, 离开"
in a new light,[网络] 在新的角度；生命的再思；另一种光线
in a bad light,在暗处，在光线不好的地方，在看不清楚的地方；从坏的角度;处于不利的环境 [亦作 in an unfavourable light]
in a different light,一个不同的角度
look sb. in the eye,[网络] 直视；正视
to sb.'s relief,无
be born with sth.,"生来就有…,有…天赋"
privilege,"n. 特权, 特别恩典, 基本权利, 特免
vt. 给与...特权, 特免"
co-worker,"n. 共同工作者
"
framework,"n. 结构, 骨架, 参照标准, 准则, 观点
"
diverse,"a. 不同的, 变化多的"
subtle,"a. 敏锐的, 精细的, 狡猾的, 稀薄的, 灵巧的, 微妙的
"
constitute,"vt. 构成, 组成, 任命
"
forth,"adv. 往前, 以后, 向外"
casual,"a. 偶然的, 不经意的, 便装的
n. 临时工, 待命士兵"
casually,"adv. 偶然地, 临时地, 随便地"
worship,"n. 崇拜, 礼拜, 尊敬
vi. 参加礼拜
vt. 崇拜, 尊敬"
ally,"n. 同盟者, 同盟国, 助手
vt. 使联盟, 使联合, 使有关系
vi. 结盟"
committee,"n. 委员会
"
client,"n. 客户, 顾客, 委托人
"
superficial,"n. 表面, 外表
a. 表面的, 肤浅的, 面积的"
scarcely,"adv. 简直不, 一定不, 仅仅"
variation,"n. 变更, 变化, 变种, 变奏
"
visible,"a. 看得见的, 明显的, 显然的
n. 可见物"
arbitrary,"a. 任意的, 武断的, 专治的, 霸道的"
mood,"n. 心情, 气氛, 生气, 基调
"
ceremony,"n. 典礼, 仪式, 礼节
"
complicated,"a. 复杂的
"
keen,"a. 锋利的, 敏锐的, 强烈的, 敏捷的, 热心的, 渴望的
n. 挽歌, 痛哭
v. 唱挽歌, 痛哭"
compatible,"a. 能共处的, 可并立的, 适合的
"
compatibility,"n. 兼容性
"
corresponding,"a. 相当的, 一致的, 通信的
"
philosophy,"n. 哲学, 人生观, 哲学思想, 哲理, 基本原理, 见解, 达观, 沉着"
boundary,"n. 边界, 分界线
"
poetry,"n. 诗, 韵文, 诗歌艺术"
affection,"n. 影响, 病, 喜爱, 情感, 倾向
"
alliance,"n. 联盟, 联合
"
wit,"n. 机智, 智力, 头脑, 理智, 妙语, 机智的人"
ideal,"n. 理想, 典范, 观念, 思想, 最后目标
a. 理想的, 完美的, 空想的, 观念的, 唯心论的"
inner,"a. 内部的, 内心的
n. 内部"
loyalty,"n. 忠贞, 忠诚, 忠实
"
enhance,"vt. 提高, 加强, 增加"
integrate,"vt. 综合, 使完整, 使成整体
vi. 成一体
a. 完整的, 完全的"
integrated,"a. 综合的, 完整的, 互相协调的
"
significance,"n. 重要性, 意义, 意味
"
vital,"a. 生命的, 重要的, 充满活力的, 生死攸关的, 致命的
"
conversely,"adv. 相反, 逆, 颠倒, 反题, 反"
guarantee,"n. 担保, 抵押品, 保证书
vt. 保证, 担保"
gratitude,n. 感激之情
extend,"v. 扩充, 延伸, 伸展, 扩大
"
profound,"a. 极深的, 深厚的, 深刻的, 渊博的"
profoundly,"adv. 深深地, 深切地"
miracle,"n. 奇迹, 奇事"
shower sb. with sth.,[网络] 大量给予
a lack of, 缺乏，缺少
come into being,"形成, 产生"
back and forth,来回地
apply to,[计] 应用于
a range of, 一系列; 一些; 一套
not so much ... as ...,"conj. 甚至不
"
debt of gratitude, 人情债
debt of thanks,无
feel at home,感到自在
be at home,"觉得安适,无拘束"
