major,"n. 主修课, 成年人, 陆军少校
a. 主要的, 较多的, 大部分的, 成年的, 严重的
vi. 主修
"
discipline,"n. 训练, 纪律
vt. 训练, 惩罚"
anthropology,"n. 人类学
"
linguistics,n. 语言学
physiology,"n. 生理学, 生理机能
"
psychology,"n. 心理学, 心理状态
"
mining,"n. 采矿
"
physical,"a. 身体的, 物质的, 自然的, 物理学的, 好色的
n. 体格检查"
physics,"n. 物理学, 物理过程, 物理现象
"
fine,"n. 罚款, 罚金, 晴天, 精细
a. 好的, 晴朗的, 健康的, 细小的, 精细的
vt. 罚款, 精炼, 澄清
vi. 变清, 变细
adv. 很好
"
arts,n. 文科
science,"n. 科学, 学科, 学问, 自然科学
"
politics,"n. 政治, 政治学, 政见, 政治活动
"
philosophy,"n. 哲学, 人生观, 哲学思想, 哲理, 基本原理, 见解, 达观, 沉着"
geography,"n. 地理学, 地理
"
photojournalism,"n. 摄影新闻工作, 摄影报道"
history,"n. 历史, 过去, 经历, 发展过程, 历史学, 过去的事, 历史记录
"
astronomy,n. 天文学
media,"n. 媒体
"
language,"n. 语言, 文字, 措辞
"
applied,"a. 应用的
"
environment,"n. 环境, 外界, 围绕
"
chemistry,"n. 化学, 化学过程
"
management,"n. 经营, 支配, 管理
"
statistics,"n. 统计学, 统计资料
"
archaeological,"a. 考古学的, 考古学上的"
accountancy,"n. 会计工作, 会计学
"
biology,"n. 生物学
"
computer,"n. 电脑, 电子计算机
"
literature,"n. 文学, 文艺, 著作
"
sociology,"n. 社会学
"
engineering,"n. 工程学, 工程, 操纵
"
architecture,"n. 建筑学, 建筑式样
"
business,"n. 生意, 事情, 业务, 商业, 商行, 职责
"
law,"n. 法律, 法则, 定律, 法律的制约, 法学, 司法界, 诉讼
v. 起诉"
economics,"n. 经济学
"
finance,"n. 财政, 财务
vt. 供给...经费, 负担经费
vi. 筹措资金"
banking,"n. 银行业务
"
orientation,"n. 定方位, 适应, 向东方
n. 方向
"
welcome package,无
register,"n. 寄存器, 记录, 登记簿, 注册
vt. 记录, 注册, 提示, 表达, 把...挂号
vi. 登记, 注册, 挂号
"
enroll,"vt. 登记, 使加入
vi. 参军, 注册"
curriculum,"n. 课程
"
semester,n. 学期
term,"n. 术语, 专有名词, 期限, 学期, 任期, 条件, 价钱, 关系, 地位, 项, 界石
vt. 称, 呼
"
assignment,"n. 分配, 功课, 任务, 转让, 归因, 陈述
"
session,"n. 期间, 开庭期, 会议, 学期
"
virtual,"a. 实际上起作用的, 虚的, 实质的, 有效的, 事实上生效的
"
test,"n. 测试, 试验, 化验, 检验, 考验, 甲壳
vt. 测试, 试验, 化验
vi. 接受测验, 进行测试"
course,"n. 课程, 路线, 过程, 一道菜, 道路
v. 追, (使)跑"
study,"n. 学习, 研究, 学科, 论文, 求学, 书房, 试作
vt. 学习, 读书, 研究, 考虑, 计划
vi. 学习, 思索"
intensive,"a. 加强的, 内涵的, 集中的
n. 加强器"
practice,"n. 实践, 练习, 实行, 惯例, 习惯, 开业
v. 实践, 实行, 练习, 实习, 业务"
email,n. 电子信函
lecture,"n. 演讲, 谴责, 讲稿
vt. 演讲, 训诫, 说教
vi. 讲演"
tutorial,"n. 个别指导, 论文, 学习指南, 指导手册
a. 个别指导的, 家庭教师的, 辅导的
"
seminar,"n. 研究班, 专题讨论会
"
assessment,"n. 评估, 估定, 评定的款额
"
attendance,"n. 出席, 出席的人数, 照料
"
exam,"n. 考试, 测验"
failure,"n. 失败, 失败者, 不足, 缺乏, 破产
"
mark,"n. 标志, 分数, 马克, 痕迹, 斑点, 靶子, 刻度, 记号, 符号, 戳记, 标准, 起跑线
vt. 做标记于, 留意, 打分数, 表明, 标志, 记录
vi. 作记号, 记得分
"
grade,"n. 等级, 年级, 阶段, 成绩, 程度, 坡度, 斜坡
vt. 分等, 分级, 评分
vi. 属于某等级, 逐渐变化"
score,"n. 得分, 抓痕, 二十个, 刻痕, 帐目, 乐谱, 起跑线, 终点线, 大量
vt. 刻划, 划线, 获得, 评价, 把...记下
vi. 刻痕, 记分, 得分
"
record,"n. 记录, 履历, 档案, 审判记录, 最高纪录, 唱片
vt. 记录, 记载, 标明, 将...录音
vi. 记录, 录音, 可被录音
a. 创纪录的
"
resit,"<英> vt.(尤指考试不及格后)再参加(考试)
vi.(考试不及格后)再考,重考"
note,"n. 笔记, 记录, 注解, 票据, 符号, 显要, 注重, 便笺, 照会
vt. 记录, 注解, 注意"
rate,"n. 比率, 率, 速度, 价格, 费用, 等级
vt. 估价, 认为, 鉴定等级, 责骂
vi. 被评价, 责骂"
group,"n. 团体, 组, 团, 群
v. 聚合, 成群
"
office,"n. 办公室, 部, 公职, 职责
"
parental teaching,无
class,"n. 班级, 阶级, 种类, 课
vt. 分类
"
reception,"n. 接待, 接受, 招待会
"
goal,"n. 目标, 终点, 得分, 球门, 守门员
vi. 攻门, 射门得分"
tape,"n. 带子, 录音带, 磁带, 窄带, 卷尺
vt. 以带子绑起, 测量, 录音
"
video,"n. 影像, 电视
a. 图像的, 电视的"
plus,"prep. 加上, 加, 外加
a. 正的, 附加的
n. 正号, 加号, 附加额, 正数, 增益
"
level,"n. 水平, 水准, 平地
a. 同高的, 平坦的, 齐平的, 水平的
vt. 弄平, 夷平, 使同等, 瞄准, 对准
vi. 变平, 拉平
"
beginning,n. 开始
beginner,n. 初学者
fundamental,"n. 基本原理, 原则, 基波
a. 基本的, 重要的, 原音的"
elementary,"a. 初步的, 基本的
"
advanced,"a. 在前的, 高级的, 先进的, 年老的
"
mid,"a. 中间的, 中央的, 中部的
prep. 在...之中"
discussion,n. 讨论
stress,"n. 压力, 紧迫, 强调, 重音, 重点, 应力
vt. 加压力于, 着重, 重读"
unemployment,"n. 失业, 失业人数
"
surroundings,"n. 环境, 周围的事物
"
diet,"n. 日常饮食, 议会
vt. 照规定饮食
vi. 忌食"
take regular exercise,无
make plans, 制定计划 
set money aside,无
do training courses,无
open admission,免试入学制；开放式入学
cassette,"n. 盒式磁带, 珠宝箱, 暗盒
"
recording,"a. 记录的, 记录用的
n. 录音"
deadline,"n. 最后期限, 截止期限
"
dropout,"n. 退学学生, 中途退学
"
cramming,"n. 塞满, 挤满, 填鸭式教学法"
feedback,"n. 反馈, 反应
"
videotape,"n. 录相磁带
vt. 把电视节目录在录像磁带上"
hit,"n. 打击, 打, 冲撞, 讽刺
vt. 打, 打击, 碰撞, 打中, 袭击, 偶然碰上
vi. 打, 打中, 打击, 碰撞, 偶然碰上
"
examination,"n. 考试, 测验, 审查
"
diploma,"n. 文凭, 毕业证书
"
workshop,"n. 工场, 车间, 研讨会
"
panic,"n. 恐慌, 惊慌
a. 惊慌的, 没有理由的, 恐慌的
vt. 使惊慌, 使狂热
vi. 惊慌"
teaching,"n. 教学, 学说, 教导"
president,"n. 总统, 总裁, 董事长, (学院)院长, (大学)校长, 主管人, 主持人
"
headmaster,"n. (中小学)校长, 监工"
director,"n. 主管, 导演, 董事
"
scientist,"n. 科学家
"
secretary,"n. 秘书, 书记, 大臣
"
administrator,"n. 管理人, 行政官
"
professor,n. 教授
officer,"n. 军官, 主管, 官员, 公务员
vt. 指挥"
teacher,"n. 教师, 老师, 导师"
tutor,"n. 家庭教师, 导师, 助教, 监护人
vt. 当...的教师, 教, 指导, 约束, 克制
vi. 当家庭教师, 受家庭教师的指导"
lecturer,"n. 演讲者, 讲师
"
adviser,"n. 顾问, 劝告者, 指导教师
"
historian,"n. 历史学家, 记事者"
supervisor,"n. 管理者, 监督者, 指导者, 视导员
"
receptionist,n. 接待员
chancellor,"n. 大臣, 总理, 首相, 大使馆/领事馆的一等秘书, 司法官, 大学校长"
assistant,"n. 助手, 助理, 助教
a. 有帮助的, 辅助的, 助理的"
senior advisor,[网络] 高级顾问；资深顾问；高级理财顾问
paper,"n. 纸, 文件, 文章, 报纸, 证券, 证件
vt. 用纸糊, 贴壁纸于, 用纸包装
vi. 贴壁纸
a. 纸做的, 纸上的"
abstract,"a. 抽象的, 深奥的
n. 摘要, 抽象概念
vt. 摘要, 提炼, 使抽象化
"
content,"n. 内容, 满足, 意义, 要旨
a. 满足的, 满意的
vt. 使...满足, 使...安心
"
bibliography,"n. 参考书目
"
project,"n. 计划, 设计, 事业
vt. 计划, 设计, 投掷, 发射, 使凸出, 放映
vi. 凸出"
revision,"n. 校订, 修正, 修订本, 修订版
"
extensive,"a. 广的, 广泛的, 多方面的
"
subject,"n. 科目, 主题, 臣民, 主语, 题目, (事物的)经受者, 学科, 受治疗者, 原因, 理由
a. 服从的, 易患...的, 隶属的, 受支配的
adv. 在...条件下
vt. 使隶属, 使受到
"
survey,"n. 纵览, 视察, 测量, 俯瞰, 调查
vt. 审视, 视察, 俯瞰, 通盘考虑
vi. 测量土地"
research,"n. 研究, 调查, 考察
vi. 研究, 调查"
reading,"n. 阅读, 知识, 读物
a. 阅读的"
data,"pl. 资料, 数据
"
draft,"n. 气流, 草稿, 汇票, 草案
vt. 起草, 征兵
"
ambition,"n. 野心, 志向"
well-organized,"adj. 组织良好
"
subtopics,(subtopic 的复数) n. 副主题；小标题
questionnaire,"n. 调查表, 问卷
"
interview,"n. 面谈, 访问, 接见, 面试
vt. 接见, 对...进行面谈(试)"
respondent,"a. 回答的, 应答的, 反射的
n. 应答者, 被告"
literature,"n. 文学, 文艺, 著作
"
conclusion,"n. 结论, 结尾, 推论
"
random,"n. 随意, 随机
a. 任意的, 随便的, 胡乱的, 随机的
adv. 胡乱地"
index,"n. 索引, 指针, 指数, 指标
vt. 编入索引中, 指出
vi. 做索引
"
topic,"n. 主题, 论题, 话题"
presentation,"n. 赠与, 描述, 介绍
"
background,"n. 背景, 背景资料
"
example,"n. 例子, 样本, 实例
"
training,"n. 训练, 培养
"
laser,"n. 激光
"
printing,"n. 印刷, 印刷术, 印花
"
area,"n. 区域, 面积, 范围, 空地
"
chapter,"n. 章, 篇, 重要章节
"
case study,
report,"n. 报告, 报道, 传说, 案情报告, 爆炸声, 成绩单
vt. 报告, 汇报, 转述, 报道, 揭发, 使报到
vi. 报告, 写报道, 报到
"
method,"n. 方法, 办法, 条理, 秩序
"
title,"n. 头衔, 名称, 标题, 书名, 扉页, 权利, 资格, 冠军, 字幕
vt. 授予头衔, 加标题于
"
approach,"n. 接近, 入门
vt. 接近, 近似, 找...商量
vi. 靠近"
theory,"n. 理论, 学说, 原理, 意见, 推测
"
whiteboard,n. 白色书写板
aid,"n. 帮助, 外援, 助手
vt. 援助, 帮助, 有助于
vi. 帮助
"
overhead,"n. 经常开支, 普通用费, 天花板
a. 在头上的, 高架的
adv. 在头顶上, 在空中, 在高处, 从头到脚全部没入地
"
objective,"n. 目的, 目标, 宗旨, 宾格, 实物
a. 客观的, 如实的, 无偏见的, 宾格的"
visual,"a. 视觉的
"
finding,"n. 发现, 发现物, 决定, 裁决
"
faculty,"n. 才能, 能力, 全体教员, (大学的)系
"
heading,"n. 标题, 起始字, 方向
"
subtitle,n. 副标题
observation,"n. 观察, 注意, 观测, 观察力
"
strategy,"n. 战略, 策略
"
outline,"n. 大纲, 轮廓, 概要
vt. 描画轮廓, 描述要点
n. 大纲, 分级, 轮廓
"
script,"n. 手迹, 手稿, 正本, 手写体
vt. 改编为演出本
"
summary,"n. 摘要, 概要
a. 摘要的, 简略的
"
scientific,"a. 科学的, 系统的, 符合科学规律的
"
reference,"n. 参考, 索引, 参照
vt. 给...加上参考资料
vt. 引用
vi. 引用
"
review,"n. 检讨, 复习, 回顾, 检阅, 评论
vt. 温习, 检讨, 评论, 再检察, 复审
vi. 复习功课, 写评论"
analysis,"n. 分析
"
library,"n. 图书馆, 藏书, 库
"
catalog,"n. 目录, 大学概况手册
vt. 编目录
"
due,"n. 应得的东西, 应付款
a. 到期的, 应得的, 应付的, 约定的"
renewal,"n. 更新, 革新, 复兴, 恢复, 修补, 补充, 继续, 重订, 重申, 续借
"
overdue and pay a fine,无
out on loan,[网络] 借出的；已经借出的；已借出
category,"n. 种类, 类项
"
closed reserve,无
circulation,"n. 流通, 循环, 发行量
"
classification,"n. 分类, 分级
"
bibliography,"n. 参考书目
"
periodical,"n. 期刊
a. 定期出版的, (有关)期刊的, 间歇(性的), 周期的, 定期的"
reserve,"n. 储备品, 贮量, 后备军, 自然保护区, 保留, 拘谨, 节制, 储备金
vt. 保留, 保存, 预订, 延期, 推迟"
interlibrary service,无
open shelves,[网络] 开架式；开架式的；开放式货架
close shelves,无
check out,"na. 开支票(提款)；(旅馆)付账后离开；及格；〔美俚〕死
"
delivery desk,无
Internet system,无
recall,"n. 回忆, 召回, 撤消
vt. 回想, 回忆, 召回, 撤消, 使恢复
"
pink,"n. 粉红色, 石竹花, 化身, 典范, 头面人物, 极度
a. 粉红的, 石竹科的, 比较激进的, 脸色发红的, 精致的, 有点下流的
vt. 刺, 扎, 刺痛, 射伤, 使面红耳赤, 使变粉红色
vi. 变粉红色"
slip,"n. 滑, 滑行, 事故, 溜, 差错, 滑台, 下降, 插条, 后裔, 板条, 瘦长的年轻人
vi. 滑动, 滑倒, 失足, 溜走, 滑落, 犯错, 变坏
vt. 使滑动, 滑过, 摆脱, 闪开, 塞入, 从...取接枝
a. 滑动的, 滑移的, 活络的, 有活结的
"
stack,"n. 堆叠, 堆, 大量, 书库, 枪架, 烟囱, 堆积, 存贮栈
vt. 堆积, 堆满, 暗中对...做手脚
vi. 堆起
"
circle,"n. 圆周, 社交圈, 循环, 范围
vt. 围着, 环绕
vi. 盘旋, 循环"
copy,"n. 副本, 摹仿, 一册
v. 复印, 抄袭, 复制
"
card index,"卡片索引
"
classmate,n. 同班同学
student,"n. 学生, 研究者, 学者"
local,"a. 地方性的, 当地的, 局部的, 乡土的, 本地的
n. 当地居民, 本地新闻, 局部
"
freshman,"n. 新手, 生手, 大学一年级学生, (美)中学一年级学生"
sophomore,"n. (大学)二年级生
a. 二年级学生的, 二年级的"
junior,"n. 年少者, 地位较低者, 大学三年级学生
a. 年少的, 下级的, 后进的"
senior,"n. 年长者, 资深者, 毕业班学生
a. 年长的, 高级的, 资深的"
board,"n. 木板, 甲板, 膳食, 会议桌
vt. 乘船, 供膳食, 用板覆盖
vi. 搭伙
"
day pupil, （寄宿学校的）走读生
candidate,"n. 候选人, 投考者
"
representative,"n. 代表, 众议员, 典型
a. 描写的, 表现的, 代理的, 代表的, 代议制的, 典型的"
bachelor,"n. 单身汉, 学士
"
applicant,"n. 申请者
"
graduate,"n. 毕业生, 量杯
a. 已得学位的, 研究生的, 毕业的
vi. 毕业, 得学位, 逐渐变为
vt. 准予...毕业, 授予...学位, 分等级, 刻刻度"
overseas,"a. 海外的, 国外的
adv. 在海外, 在国外"
mature,"a. 成熟的, 到期的, 充分考虑的
vt. 使成熟
vi. 成熟, 到期"
degree,"n. 程度, 度数, 学位, 度
"
certificate,"n. 证书, 证明书
vt. 发给证明书, 用证书批准, 用证书证明"
diploma,"n. 文凭, 毕业证书
"
publication,"n. 出版物, 出版, 公布
"
newsletters,n. 时事通讯(newsletter的复数
booklet,n. 小册子
notebook,"n. 笔记本, 手册, 期票簿"
handbook,"n. 手册
"
passage,"n. 通道, 通过, 移居, 航行, 一段, 走廊
vi. 通过, 经过, 航行, 横渡, 争吵
vt. (使)马以斜横步前进, 使传代"
textbook,n. 教科书
journal,"n. 日记, 杂志, 日报
"
introduction,"n. 介绍, 传入, 采用, 初步"
handout,"n. 施舍物, 救济品, 分发的印刷品资料, 广告物品"
article,"n. 文章, 冠词, 物品, 物件, 条款, 契约
"
Forbes,n. 福布斯（美国出版及媒体集团）；福布斯（美国著名财经杂志）；福布斯（姓氏）
newspaper,n. 报纸
Baked Earth, [土壤] 炕土
facility,"n. 容易, 灵巧, 设备
"
laptop,[计] 膝上型的
microphone,"n. 扩音器, 麦克风
"
spiral,"n. 螺旋形之物, 螺线
a. 螺旋形的, 盘旋的
vi. 螺旋形下降, 螺旋形上升, 螺旋形行进
vt. 使螺旋形行进"
narrator,"n. 讲述者, 叙述者
"
education,"n. 教育, 训练, 教育学
"
educational,"a. 教育的, 教育性的"
modern,"n. 现代人, 有思想的人
a. 现代的, 时髦的"
achievement,"n. 完成, 成就, 功业"
sentence,"n. 句子, 命题, 宣判
vt. 宣判, 判决
"
parental,"a. 父母亲的, 做双亲的, 作为渊源的
"
monologue,"n. 独白, 独脚戏, 独白场面, (非正式)(贬)滔滔不绝的话"
understanding,"n. 理解, 谅解
"
recommendation,"n. 推荐, 介绍, 推荐信, 劝告
"
further,"a. 更远的, 此外的, 更多的
vt. 促进, 增进, 助长
adv. 更进一步地, 更远地, 此外"
information,"n. 消息, 知识, 通知, 情报, 信息, 问讯处, 起诉
"
noticeboard,n. 布告牌
technical,"a. 技术上的, 专门的, 工业的, 严格根据法律的
"
department,"n. 部门, 系, 机关
"
system,"n. 系统, 体系, 制度, 方式, 秩序, 分类原则
"
meeting,"n. 会议, 会面
"
conference,"n. 会议
"
congress,"n. 国会, 会议, 讨论会
"
important,"a. 重要的, 有地位的, 大量的, 显要的, 自负的
"
detail,"n. 细节, 详情
vt. 详述, 选派
vi. 画详图
"
material,"n. 材料, 物资, 素材, 布料, 资料
a. 物质的, 肉体的, 重要的"
keyword,[计] 关键字
public,"n. 公众, 民众
a. 公众的, 公共的, 公立的, 公用的"
infrastructure,"n. 基础结构, 基础设施
"
music,"n. 音乐, 乐曲"
specialized,"a. 专门的, 特别的, 专科的, 特化的, 专化的
"
planning,"n. 计划的制订, 策划, 设计, 规划
"
Oxford,"n. 牛津, 牛津大学"
Cambridge,n. 剑桥
cheaper,"a. 成本更低, 比较便宜的"
full-time,"专职,全部工作时间的,全日制"
list,"n. 目录, 名单, 明细表, 布条, 条纹, 列表, 序列, 数据清单
vt. 列出, 列于表上, 记入名单内, 装布条
vi. 列于表上
"
team,"n. 队, 组
vt. 把马(牛)套在同一辆车上, 把...编成一组
vi. 驾驶卡车, 协作"
equipment,"n. 装备, 设备, 才能
"
culture,"n. 文化, 修养, 耕种
vt. 耕种, 培养"
general,"n. 一般, 将军, 大体
a. 全面的, 大体的, 总的, 一般的, 普遍的
n. 常规
"
quality,"n. 品质, 特性, 才能, 质量
a. 优质的
"
college,"n. 学院, 大学, 学会"
practical,"a. 实际的, 现实的, 实用性的
"
clear,"a. 清楚的, 明确的, 澄清的
adv. 清晰地
vt. 澄清, 清除障碍
vi. 放晴, 变清澈
n. 空隙
"
theatre,"n. 戏院, 电影院, 剧场, 全体观众, 戏剧, 戏剧效果, 阶梯式讲堂, 场所"
thought,"n. 想法, 思想, 思维, 关心, 挂念
think的过去式和过去分词"
service,"n. 服务, 贡献, 雇佣, 公职, 服役, 功劳, 仪式, 送达, 行政部门
vt. 保养, 维修
a. 武装部队的, 服务性的, 仆人的, 耐用的
"
standard,"n. 标准, 规格, 旗, 军旗, 本位
a. 标准的, 合规格的
"
schedule,"n. 时间表, 一览表, 计划表, 议事日程
vt. 预定, 编制目录, 制...表, 安排"
support,"n. 支持, 支撑, 援助, 供养, 支撑物
vt. 支援, 支撑, 帮助, 支持, 忍受, 供养, 证实
"
review,"n. 检讨, 复习, 回顾, 检阅, 评论
vt. 温习, 检讨, 评论, 再检察, 复审
vi. 复习功课, 写评论"
learning styles,[网络] 学习方式；学习风格；学习型态
choice,"n. 选择, 精选品, 选择权
a. 精选的, 挑三拣四的, 上等的
"
higher,[经] 上扬
vocation,"n. 职业, 天命, 天职, 才能, 行业
"
profession,"n. 职业, 表白, 声明
"
occupation,"n. 职业, 占有, 占有期, 占领, 占领军
"
experiment,"n. 实验, 试验, 实验仪器
vi. 实验, 尝试"
reader,"n. 读者, 读物, 文选, 校对人, 讲师
"
suggestion,"n. 提议, 意见
"
communication,"n. 交流, 交通, 通讯
"
international,"a. 国际的
n. 国别设定
"
issue,"n. 发行, 问题, 后果, 流出, 出口, 争端
vi. 发行, 流出, 造成...结果, 传下
vt. 使流出, 放出, 发行, 发布, 发给"
priority,"n. 优先权, 优先
"
school,"n. 学校, 鱼群, 门派, 学派
vt. 教育, 训练, 培养
vi. 成群地游"
distance,"n. 距离, 远方, 遥远
"
vocabulary,"n. 词汇(量), 词汇表
"
common,"a. 通常的, 共同的, 通俗的, 公共的
"
jam,"n. 果酱, 拥塞之物, 堵塞, 困境
vt. 挤进, 使塞满, 混杂, 压碎, 使堵塞
vi. 堵塞, 轧住, 拥挤"
point,"n. 点, 小数点, 标点, 地点, 要点, 特点, 尖端, 分数, 得分, 穴位
vt. 弄尖, 强调, 指出, 加标点于, 瞄准
vi. 指, 指向, 表明"
field,"n. 领域, 田地, 场地, 战场, 场, 域
vt. 使...晒在场上, 使上场
a. 田间的, 野生的, 野外的, 田赛的
"
prepare,"vt. 准备, 筹备, 使在思想上有准备, 制造, 调制
vi. 预备"
complete,"a. 完全的, 十足的, 完成的
vt. 完成, 完工, 使圆满"
auditorium,"n. 听众席, 礼堂
"
break,"n. 休息, 中断, 破裂处, 绝交, 破晓, 突变
vt. 打破, 弄破, 弄坏, 破坏, 违反, 打断, 削弱, 放弃
vi. 破碎, 决裂, 破晓, 突变, 变弱, 暂停
n. 分隔符
"
daily,"a. 每日的, 日常的
adv. 每日地, 日常地
n. 日报"
photo,"n. 相片, 照片, 逼真的描绘
v. 照相
a. 照相的, 摄影用的, 详细记录的, 逼真的, 酷似的"
aim,"n. 目标, 瞄准, 击中目标的能力
vi. 对准目标, 致力, 打算
vt. 瞄准
"
adult,"n. 成人, 成虫
a. 成年的, 成熟的"
resource,"n. 资源, 财力, 办法, 策略, 急智, 消遣
"
nursing,"n. 看护, 养育
"
lab,"n. 实验室, 研究室
"
guidance,"n. 指导, 领导
"
speech,"n. 演讲, 说话, 谈话, 言语, 引语, 民族语言
"
printed,"a. 印刷的, 印好的, 印花样的
"
book,"n. 书, 书籍, 帐簿, 名册, 工作簿
v. 登记, 预订
"
thinking,"n. 思考, 思想
a. 思考的, 有理性的"
drama,"n. 戏剧, 戏剧艺术"
style,"n. 风格, 时尚, 文体, 风度, 字体, 类型
vt. 称呼, (根据新款式)设计, 使合潮流
n. 风格, 样式
"
source,"n. 来源, 水源, 根源, 原始资料, 源
"
guide,"n. 引导者, 导游, 指南, 路标
vt. 指导, 支配, 管理, 带领, 操纵
vi. 任向导
"
option,"n. 选择权, 挑选, 选项
"
text,"n. 文本, 正文, 课文, 主题, 圣经文句, 乐谱
"
passage,"n. 通道, 通过, 移居, 航行, 一段, 走廊
vi. 通过, 经过, 航行, 横渡, 争吵
vt. (使)马以斜横步前进, 使传代"
holiday,"n. 假日, 假期, 节日
vi. 度假"
institution,"n. 机构, 惯例, 制度
"
academic,"a. 学院的, 学术的, 不切实际的
n. 大学生, 大学教师, 学者, 学会会员"
university facilities,无
social activities, [医]社会活动
medium,"n. 媒体, 方法, 媒介
a. 半生熟的, 中间的
"
signature,"n. 签字, 识别标志, 调号
"
previous,"a. 早先的, 前面的, 过急的
"
solve,"vt. 解决, 付给, 溶解
vt. 求解
vi. 求解
"
application,"n. 应用, 申请, 志愿书, 应用程序
"
survival,"n. 生存, 残存, 幸存者
a. 赖以生存的"
access,"n. 通路, 入口, 接近, 进入, 使用权, 发作
vt. 访问, 存取, 接近, 使用
"
mass,"n. 块, 大多数, 质量, 大量, 群众, 弥撒
a. 群众的, 大规模的, 整个的
vt. 使集合, 集中
vi. 聚集"
university,n. 大学
marketing,"n. 行销, 买卖
"
update,"vt. 更新, 使现代化
n. 更新
"
Wollongong,伍伦贡[澳大利亚东南部港市]
center,"n. 中心, 中心点, 中锋
a. 中央的, 位在正中的
vt. 集中, 定中心
vi. 居中
"
investigator,"n. 调查者, 审查者
"
similar,"a. 相似的, 类似的
n. 相似的东西"
editor,"n. 编者, 编辑, 主笔, 编辑器, 编辑装置
"
laboratory,"n. 实验室, 研究室, 化工厂
"
formula,"n. 客套语, 公式, 准则
"
argument,"n. 争论, 论证, 论据, 自变量
"
global,"a. 通用的, 全球的, 球形的, 综合的, 普遍的
"
booklist,"(某个题目或学科的)推荐书目, 书单"
lesson,"n. 课, 课业, 教训"
encyclopedia,n. 百科全书
wide,"a. 宽的, 广阔的, 普遍的, 宽阔的, 广泛的, 一般的
adv. 广阔地, 遍及各处地, 广泛地
n. 大千世界"
expert,"n. 专家, 行家
a. 老练的, 内行的, 专门的
"
healthcare,"n. 医疗保健；卫生保健；健康护理, 健康服务"
vacation,"n. 假期, 休假
"
techniques,n. 方法；技巧；技术（technique的复数）
chart,"n. 图表, 海图
vt. 制成图表
"
habit,"n. 习惯, 嗜好, 习性
vt. 使穿衣"
dictation,"n. 听写, 口述, 命令"
Trinity,"n. 三人一组, 三个一组的东西, 三位一体"
oral,"n. 口试
a. 口头的, 口述的, 口部的"
speaking,"n. 谈话, 演说
a. 讲话的, 适于说的, 讲某种语言的"
audio,"a. 音频的, 声音的
"
monopoly,"n. 垄断, 专卖权, 独占事业
"
enquiry,"n. 询问
"
description,"n. 描述, 说明, 种类
"
royal,"n. 王室, 皇族
a. 王室的, 皇家的, 盛大的, 庄严的"
submit,"vt. 使服从, 使受到, 委托, 提交, 认为
vi. 屈服, 服从"
headphones,n. 听筒；耳机；头戴式受话器（headphone的复数形式）
special audio equipment,无
final,"n. 期末考试, 结局, 决赛
a. 最后的, 终极的, 决定性的"
union,"n. 联盟, 联合, 结合, 工会
"
close-up,"na. 靠紧；(伤)愈合；密闭；〔美国〕结束
"
composition,"n. 作文, 创作, 组成
"
campus,"n. 校园, 大学生活"
intelligence,"n. 智力, 情报, 信息
"
form,"n. 形状, 形体, 类型, 方式, 表格, 形式
v. 形成, 排列, (使)组成
n. 表单
"
ability,"n. 能力, 才干
"
secondary,"a. 中级的, 中等的, 次要的, 第二的, 从属的, 辅助的
"
humans,n. 人类（human的复数形式）
social,"a. 社会的, 群居的, 社交的
n. 联欢会"
rule,"n. 规则, 统治, 控制, 支配, 规律, 标准, 章程, 破折号, 铅线
vt. 规定, 统治, 管理, 控制, 支配, 裁决
vi. 统治, 管辖, 裁定
"
payable,"a. 可付的, 到期的, 应付的, 有利益的
"
bill,"n. 帐单, 清单, 钞票, 鸟嘴, 广告, 法案, 票据
vt. 开帐单, (用招贴)宣布"
fare,"n. 费用, 旅客, 食物
vi. 进展, 进步, 经营, 过活"
cost,"n. 代价, 价值, 费用
vi. 花费
vt. 使失去, 值, 使花费"
fee,"n. 费用, 小费, 封地, 所有权
vt. 付费给"
rent,"n. 租金, 房租, 出租物, 裂缝, 破裂处, 分裂
vt. 租用, 租出
vi. 出租
a. 分裂的, 破裂的
rend的过去式和过去分词"
costly,"a. 昂贵的, 奢华的, 费用大的"
cover,"n. 盖子, 封面, 藉口
vt. 覆盖, 掩饰, 保护, 掩护, 包括
vi. 覆盖"
expense,"n. 费用, 代价, 开支, 损失
"
deposit,"n. 存款, 定金, 堆积物
vt. 存放, 堆积
vi. 沉淀"
shortage,"n. 不足, 缺乏
"
charge,"n. 指控, 费用, 冲锋, 电荷, 炸药, 主管, 被托管人, 命令
vt. 控诉, 加罪于, 使充满, 使充电, 使承担
vi. 冲锋, 要价, 收费"
finance,"n. 财政, 财务
vt. 供给...经费, 负担经费
vi. 筹措资金"
expenditure,"n. 开支, 费用, 用光, 消费额
"
tuition,"n. 学费, 讲授"
financial,"a. 财政的, 金融的
"
loan,"n. 贷款, 借出
v. 借, 供应货款, 借给"
scholarship,"n. 学问, 学术成就, 奖学金"
grant,"n. 授予, 授予物, 允许
vt. 允许, 承认, 授与
"
order,"n. 次序, 规则, 命令
vi. 命令, 定货
vt. 整理, 命令, 定购
n. 顺序, 阶数
"
check,"n. 检查, 支票, 阻止物, 寄物牌, 象棋中将军
vt. 检查, 阻止, 核对, 寄存, 托运
vi. 逐项相符, 开支票
"
card,"n. 卡片, 纸牌, 节目单, 明信片, 梳棉机
vt. 备置卡片, 记于卡片上, 梳理
"
in advance,"预先
"
price,"n. 价格, 代价, 价值
vt. 定...的价格"
visa,"n. 签证
vt. 签发"
spending,"n. 经费, 开销
"
extra,"n. 额外的事物, 另外的收费
a. 额外的, 特别的
adv. 额外地, 特别地, 非常地"
discount,"n. 折扣, 贴现率
vt. 打折扣
vi. 贴现"
on sale,"廉售的, 拍卖的"
purse,"n. 钱包, 小钱袋, 金钱, 募捐款, 囊状物
v. 缩拢, 皱起"
dollar,"n. 美元, 元(加、澳等国货币单位)
"
bank,"n. 银行, 堤, 岸
"
diary,"n. 日记
"
sale,"n. 出售, 卖, 拍卖, 销售额, 廉价出售
"
credit,"n. 信用, 信任, 荣誉, 贷款, 学分
vt. 归功于, 赞颂, 信任, 相信
"
currency,"n. 货币, 通货, 流通, 通用
"
Yen,"n. 日元(日本货币单位), 渴望, 嗜好
vi. 渴望"
Australian dollars,[网络] 澳大利亚币；美元；货币单位是
optional,"a. 可选择的, 随意的
"
money,"n. 金钱, 一笔款, 财富, 货币, 金额
"
cash,"n. 现金
vt. 兑现"
debt,"n. 债务, 罪过
"
transfer,"n. 迁移, 移动, 传递, 转让, 转移, 过户, 汇兑, 换车
vt. 使转移, 调转, 调任, 改变, 传递, 转让
vi. 转移, 转学, 转职, 换车
"
lender,"n. 出借人, 贷方
"
pocket,"n. 口袋, 钱袋, 钱, 容器
vt. 装...在口袋里, 隐藏, 抑制, 私吞, 搁置, 击...入袋
a. 袖珍的, 小型的, 压缩的, 金钱上的"
statement,"n. 陈述, 指令, 声明
"
mileage,"n. 英里数
"
class,"n. 班级, 阶级, 种类, 课
vt. 分类
"
investment,"n. 投资
"
wealth,"n. 财富, 资源, 财产, 丰富, 富裕, 大量
"
fortune,"n. 财富, 运气, 兴隆, 大量财产, 好运, 命运
"
concert,"n. 音乐会, 和声, 一致
vt. 协力, 协调
vi. 协力
"
refund,"n. 偿还
vt. 付还, 偿还借款
vi. 归还, 偿还"
allowance,"n. 津贴, 零用钱, 限额, 折扣, 允许
vt. 定量供应"
subsidy,"n. 补助金, 津贴
"
pension,"n. 养老金, 退休金, 津贴, 年金, 抚恤金, 膳宿学校, 膳宿费
vt. 发给退休金, 用津贴拉拢"
saving,"n. 存款, 挽救, 节约
a. 搭救的, 节约的, 保留的, 补偿的
prep. 除...之外"
stock,"n. 树干, 祖先, 血统, 原料, 备料, 库存, 牲畜, 股票, 股份, 保留剧目
a. 存货的, 常备的, 平凡的, 普通的, 股票的, 保留剧目的, 繁殖用的
vt. 装把手于, 进货, 备有, 放牧
vi. 出新芽, 备货, 囤积"
prize,"n. 奖赏, 奖金, 奖品, 战利品, 捕获
a. 得奖的
vt. 珍视, 估价, 捕获, 撬, 撬动"
pensioner,"n. 领取抚恤金者, (英国剑桥大学的)自费生, 为金钱所收买的人, 帮佣
"
capital,"n. 首都, 大写字母, 资本
a. 首都的, 重要的"
low income,低收入
tax,"n. 税, 税款, 重负, 会费
vt. 课以税, 使负重荷, 斥责"
tour,"n. 旅游, 观光旅行, 任期
vi. 旅行, 周游, 巡回
vt. 周游, 观光, 游历, 使巡回演出"
hiking,n. 徒步旅行
bag-packer,n. 装袋机
party,"n. 宴会, 党, 政党, 团体, 当事人, 聚会
v. 举办聚会"
special party hats,无
banquet,n. 宴会
feast,"n. 宴会, 酒席, 享受, 节日
vt. 款待, 享乐, 请客
vi. 参加宴会, 尽情地吃, 享受"
travel,"n. 旅行, 游历, 行进
vi. 旅行, 行进, 移动, 被传播
vt. 旅行, 通过, 使移动"
lookout points,无
embassy,"n. 大使馆, 大使馆全体人员
"
cottage,"n. 小屋, 茅舍"
church,"n. 教堂, 礼拜, 教会
vt. 使人接受宗教仪式
a. 教堂的"
location,"n. 位置, 场所, 特定区域
"
brochure,"n. 小册子, 小册"
waterfall,n. 瀑布
view,"n. 视野, 风景, 见解, 视力, 观看, 视图, 指望, 意图, 印象
vt. 看, 考虑, 视察, 查看, 估量
"
garden,"n. 花园, 果园, 菜园
vi. 栽培花木
vt. 造园
a. 花园的, 普通的"
country,"n. 国家, 乡村, 地区, 故乡
a. 乡下的, 农村的
"
village,"n. 村庄
a. 乡村的, 村庄的"
car,"n. 汽车, 客车
"
vehicle,"n. 交通工具, 车辆, 传播媒介
"
planner,"n. 计划者, 设计者, 安排者
"
museum,n. 博物馆
station,"n. 车站, 站, 局, 驻地, 位置, 身分, 地位
vt. 安置, 配置, 驻扎
"
park,"n. 公园, 停车处
vt. 停车, 置于
vi. 停车"
ticket,"n. 票, 券, 车票, 标签, 入场券, 证明书
vt. 加标签于, 为...购票"
boat,"n. 船
vi. 乘船
vt. 以船运"
safety,"n. 安全, 保险, 平安, 保安设备
vt. 保护, 防护"
evening,"n. 傍晚, 晚间, 末期"
train,"n. 火车, 列车, 行列, 长队, 一连串的后果, 顺序
vt. 训练, 教育, 对准
vi. 受训练, 锻炼"
return,"n. 回来, 返回, 来回票, 归还, 报答, 利润率, 报告书
a. 返回的, 回程的, 报答的, 反向的, 重现的, 复原的
vi. 返回, 归还, 回来
vt. 归还, 还, 回报, 产生, 反射, 报告, 申报, 退回
"
store,"n. 商店, 贮藏, 仓库, 备用品, 存储器
vt. 储存, 贮藏, 供给
vi. 贮藏
a. 贮藏的, 现成的
"
entrance,"n. 入口, 进入点, 入场, 入学, 进入, 开始(阶段), 就任
vt. 使出神, 使入迷
"
zoo,n. 动物园
recreation,"n. 娱乐, 消遣, 休息, 再创造
"
property,"n. 财产, 所有权, 性质, 属性
"
family,"n. 家庭, 家人, 族
a. 家庭的"
parent,"n. 父母, 父母亲, 根源
"
child,"n. 孩子, 产物, 追随者
"
kid,"n. 小山羊, 小山羊肉, 小孩, 欺骗
a. 小山羊皮制的
v. 哄骗, 嘲弄"
surname,"n. 姓, 别号, 绰号
vt. 呼以姓氏, 起绰号"
mother,"n. 母亲, 修女院长
vt. 产生, 照看, 收养"
elder,"n. 年长者, 老人, 前辈
a. 年长的, 资深的"
the old, 老人
personnel,"n. 人员, 人事部门, 人事科(处)
"
brother,n. 兄弟
passenger,"n. 乘客, 旅客
"
shopper,"n. 购物者
"
commuter,"n. 乘公共车辆上下班者, 月季票乘客
"
traveler,"n. 旅行者, 游客, 旅客, 旅行推销员, 活动起重架, 行车, 临时记帐单"
tourist,"n. 观光客, 旅行者
a. 旅游的"
thief,"n. 小偷, 贼
"
transport,"n. 运输, 运输工具, 激动, 狂喜, 流放犯
vt. 传送, 运输, 流放
"
rush,"n. 匆促, 冲进, 急流, 灯心草
vi. 冲, 奔, 闯, 赶紧, 匆促行事, 涌现
vt. 使冲, 匆忙地做, 突袭, 飞跃, 用灯心草做
a. 紧急的"
train,"n. 火车, 列车, 行列, 长队, 一连串的后果, 顺序
vt. 训练, 教育, 对准
vi. 受训练, 锻炼"
traffic,"n. 交通, 通行, 运输, 交通量, 贸易, 交易, 交往, 通信量
vi. 交易, 做买卖
vt. 用...作交换
"
congestion,"n. 拥挤, 充血
"
wheel,"n. 轮子, 车轮, 轮, 方向盘, 旋转, 机构, 重要人物
vt. 使旋转, 转动, 使转向
vi. 旋转, 转弯, 盘旋"
ferry,"n. 渡船, 渡口
"
coach,"n. 四轮大马车, 教练
vt. 训练, 指导
vi. 坐马车旅行, 作指导"
bicycle,n. 自行车
taxi,"n. 出租车
vi. 乘出租车
vt. 用出租车送"
trolley,"n. 电车, 手推车, 台车
vt. 用手推车运
vi. 乘电车"
steam,"n. 蒸汽, 精力
a. 蒸汽的
vi. 蒸发, 行驶, 发怒
vt. 蒸, 煮, 散发"
driver,"n. 驾驶员, 驱动器, 驱动程序
"
rental,"n. 租费, 租金收入
a. 租赁的, 收取租金的"
cable,"n. 电缆, 海底电报, 缆, 索
vi. 打海底电报
vt. 发海底电报, 缚住
"
walk,"n. 走, 散步, 步行, 行走的路程, 竞走, 散步场所
vi. 走路, 步行, 处世
vt. 走过, 遛, 使走, 护送...走"
tractor,"n. 牵引器, 拖拉机, 拉纸器
"
motorcycle,"n. 摩托车
"
cycle,"n. 周期, 循环, 自行车, 一段时间, 整套
vi. 循环, 轮转, 骑自行车
vt. 使循环, 使轮转
"
light,"n. 光, 光亮, 灯, 日光, 发光体, 光源, 杰出人物, 火花, 眼光
a. 轻的, 少量的, 轻微的, 轻快的, 轻浮的, 明亮的, 淡色的, 容易的
vt. 点燃, 照亮
vi. 点着, 变亮, 突降, 偶然碰到
adv. 轻地"
bus,"n. 公共汽车
"
railway,"n. 铁路, 轨道
"
underground,"n. 地下, 地铁, 地道, 秘密活动
a. 地下的, 秘密的
adv. 在地下, 秘密地"
wheelchair,n. 轮椅
cave,"n. 洞, 穴
vi. 凹陷, 塌落
vt. 挖洞, 使凹陷, 损坏...的基础"
temple,"n. 圣堂, 庙宇, 教堂, 礼拜堂, 太阳穴, 鬓角
"
tool,"n. 工具, 机床, 傀儡
vt. 用工具加工
vi. 使用工具"
tower,"n. 塔, 高楼, 堡垒
vi. 高耸, 翱翔"
Japanese pagoda,无
regulation,"n. 规则, 管理, 调整
"
entertainment,"n. 娱乐, 款待, 娱乐表演"
wise,"a. 明智的, 慎虑的, 聪明的, 博学的, 狡猾的, 机灵的
vi. 知道
vt. 教导, 告诉, 劝导
n. 方法, 方式
"
advisable,"a. 适当的, 明智的"
dangerous,"a. 危险的
"
hazardous,"a. 危险的, 冒险的, 碰运气的
"
agency,"n. 代理机构, 经销商, 中介
"
fossil,"n. 化石, 古物
a. 化石的, 陈腐的, 守旧的"
leisure,"n. 空闲, 闲暇, 悠闲
a. 空闲的, 有闲的"
route,"n. 路径, 途径, 路线
vt. 确定路线, 按规定路线发送
"
reserve,"n. 储备品, 贮量, 后备军, 自然保护区, 保留, 拘谨, 节制, 储备金
vt. 保留, 保存, 预订, 延期, 推迟"
ballroom,"n. 舞厅, 跳舞场"
safari,"n. 旅行, 旅行队, 科学考察"
flight,"n. 飞行, 射程, 逃走, 飞跃, 飞机航程, 班机, 迁徙, 飞逝
vi. 迁徙
vt. 射击(飞禽), 为(箭)装上羽毛, 使惊飞"
castle,"n. 城堡, 象棋中的车
vt. 置于城堡中, 盘踞于"
touring,"n. 游览
a. 游览的"
woods,"n. 森林, 树林"
lake,"n. 湖, 池, 色淀
v. (使)血球溶解"
occasion,"n. 场合, 时机, 机会, 诱因, 理由
vt. 惹起, 引起"
site,"n. 位置, 场所, 地点
vt. 给...择址"
passport,"n. 护照, 手段, 通行证
"
smoking,"n. 抽烟, 冒烟
"
date,"n. 日期, 约会, 枣椰树
vt. 约会, 定日期
vi. 注明日期, 过时"
poor area,贫困地区
place,"n. 地方, 地点, 位置, 住所, 座位, 地位, 处境, 特权, 空间, 余地, 职务, 位
vt. 放置, 寄予, 认出, 评定, 任命
vi. 名次列前"
weekly,"n. 周刊, 周报
a. 每周的, 一周一次的, 周刊的
adv. 每周, 一周一次"
emergency,"n. 紧急状况, 紧急事件, 紧急需要
"
central,"a. 中央的, 重要的
"
town,"n. 城镇, 市, 镇
"
wildlife,n. 野生动植物
postcode,n. 邮政编码
region,"n. 区域, 地带, 地区, 领域, 范围, 区
"
mountain,"n. 山, 山脉, 大堆"
ancient,"a. 古代的, 古老的, 年老的, 旧的"
palace,"n. 宫, 宫殿, 华丽大厦"
map,"n. 地图, 天体图, 映像
vt. 映射, 绘制...地图, 计划
"
parking,"n. 停车
a. 停车的"
setting,"n. 环境, 背景, 布景, 镶嵌, 调整, 沉落, 一副餐具
"
position,"n. 位置, 地位, 身分, 形势, 姿势, 立场, 职位, 状态, 阵地
vt. 安置, 决定...的位置
"
beach,n. 海滩
creek,"n. 小溪, 小河, 小湾"
manmade dam,无
wretched boat,无
skiing,"n. 滑雪运动, 滑雪术"
excursion,"n. 远足, 游览圆, 短程旅行
"
hike,"n. 徒步旅行, 远足, 涨价, 提高
vi. 步行, 徒步旅行, 上升
vt. 使高涨, 拉起"
helmet,"n. 钢盔, 盔, 防护帽
vt. 给...戴头盔"
coastal,"a. 海岸的, 沿海的, 沿岸的
"
tourism,"n. 观光业, 游览
"
Queen's,[网络] 皇后；女皇；女皇大学
junction,"n. 连接, 会合处, 交叉点
"
express,"n. 快车, 快递, 专使
a. 明确的, 丝毫不差的, 专门的, 快的
vt. 表达, 表示, 表露"
landscape,"n. 风景, 山水, 风景画
vi. 从事景观美化
vt. 美化...景观
"
per,"prep. 每一, 通过, 经, 按照
"
population,"n. 人口, 人口数
"
person,"n. 人, 人身, 人称
"
accident,"n. 意外事件, 机遇, 事故, 次要方面
"
exhibition,"n. 表现, 展览会, 展览品
"
ocean,"n. 海洋, 广阔, 许多, 一大片
"
sea,"n. 海, 海洋, 海浪, 大量
"
landmark,"n. 陆标, 划时代的事, 地界标
"
sail,"n. 帆, 篷, 帆船, 航程, 帆状物
vi. 航行, 启航, 张帆而行
vt. 航行于, 驾船"
height,"n. 高度, 海拔, 高地, 顶点
"
altitude,"n. 高度, 海拔, 高处
"
destination,"n. 目的地, 目标, 目的
"
track,"n. 轨迹, 足迹, 径迹, 小道, 轨道, 磁轨, 途径
vt. 循路而行, 追踪, 通过, 用纤拉
vi. 追踪, 留下足迹, 沿轨道运行
"
tunnel,"n. 隧道, 地下道
vi. 挖隧道
vt. 掘隧道于"
arm badge,n. 臂章
tube,"n. 管, 软管, 隧道
vt. 把...装管, 使通过管子
"
art,"n. 艺术, 人文科学, 技术, 巧妙, 诡计, 美术
"
concert hall, 演奏厅，音乐厅
greyhound,n. 快速船
booklet,n. 小册子
camp,"n. 露营, 帐篷
vi. 露营, 扎营
vt. 使扎营"
high-rise,高层建筑
resident,"n. 居民, 常驻程序, 居住者, 留鸟
a. 居留的, 定居的"
suburb,"n. 市郊住宅区, 郊区, 边缘"
outskirts,"n. 近郊, 市郊"
countryside,"n. 乡下地方, 乡下居民"
village,"n. 村庄
a. 乡村的, 村庄的"
cottage,"n. 小屋, 茅舍"
rural,"a. 乡下的, 田园的, 乡村风味的
"
flat,"a. 平坦的, 单调的, 无力的, 浅的, 萧条的, 干脆的, 无聊的
adv. 平直地, 断然地
n. 扁平物, 平面, 平地, 平原, 平板车
v. (使)变平"
lounge,"n. 闲逛, 休闲室, 长沙发
vi. 闲混, (懒洋洋地)躺
vt. 闲混"
residence,"n. 住宅, 居留, 驻扎, 居住期间
"
house,"n. 房子, 住宅, 机构, 议院, 家族, 家庭
vt. 给...房子住, 收藏
vi. 住, 躲藏"
city,"n. 城市, 市
"
ground,"n. 土地, 战场, 场地, 地面, 范围
a. 土地的, 地面上的
vt. 放在地上, 使搁浅, 打基础, 给...以训练
vi. 搁浅, 落地, 根据, 基于
a. 磨过的
grind的过去式和过去分词"
accommodation,"n. 膳宿, 预订铺位, 适应性调节, 调和, 贷款
"
roommate,n. 住在同室的人
available,"a. 可利用的, 可获得的, 有效的
"
bedroom,n. 卧室
apartment,"n. 房间, 公寓"
hotel,"n. 旅馆, 客栈"
motel,n. 汽车旅馆
foyer,"n. 门厅, 入门大堂"
bathroom,"n. 浴室, 厕所"
standard suite,无
building,"n. 建筑物, 建筑
"
wing,"n. 翅膀, 翼, 机翼, 派别
vt. 给...装上翼, 飞过, 使飞, 空运, 增加...速度
vi. 飞行"
landmark,"n. 陆标, 划时代的事, 地界标
"
block,"n. 街区, 木块, 石块, 块
vt. 阻塞, 封锁, 使成块状
"
address,"n. 住址, 演说, 举止, 灵巧, 求爱
vt. 发表(演说或讲话), 对付, 写地址
"
alley,"n. 小路, 巷"
avenue,"n. 大街, 途径, 林荫路"
street,"n. 街道, 马路, 街区
a. 街道的"
road,"n. 路, 道路, 公路, 途径, 方法
"
residential college, <美>住宿学院
postcode,n. 邮政编码
shared,a. 共享的
occupant,"n. 占有者, 居住者, 占用者"
girlfriend,n. 女朋友
landlady,"n. 女房东, 女地主"
non-drinker,[网络] 不喝酒的人；不喝酒者；不饮酒的人
neighbouring,"a. 邻近的, 接壤的, 附近的
"
sound,"n. 声音, 语音, 吵闹, 声调, 听力范围, 探条, 海峡
a. 健全的, 可靠的, 合理的, 健康的, 彻底的, 资金充实的
adv. 彻底地, 充分地
vi. 发出声音, 回响, 测深, 试探, 听起来
vt. 使发声, 宣告, 听诊, 测...深, 试探
"
speaker,"n. 说话人, 讲演者, 发言人, 喇叭, 扬声器
"
radio,"n. 无线电, 收音机, 无线电报, 无线电广播, 无线电台
v. 用无线电发送"
lamp,"n. 灯
vt. 照亮
"
warm,"a. 暖和的, 暖的, 温暖的, 热烈的, 兴奋的, 激烈的, 多情的, 色情的
vt. 使温暖, 弄热, 使兴奋, 使充满仇恨
vi. 变暖和, 变温暖, 取暖, 激动, 同情, 爱好
n. 暖, 保暖物"
camera,"n. 照相机, 摄影机, 密谈室, 暗箱
"
towel,"n. 手巾, 毛巾
v. 擦干身子"
vacuum,"n. 真空, 空间, 真空吸尘器
a. 真空的, 产生真空的, 利用真空的
vt. 用吸尘器打扫"
hoover,"n. 胡佛电动吸尘器
vi. 用真空吸尘器打扫"
curtain,"n. 帐, 幕, 窗帘
vt. 装帘子于, 遮蔽"
TV,"n. 电视；电视机
abbr. (=television)
"
water heater,[医] 水加热器
phone,"n. 电话, 受话器, 耳机
vt. 打电话给
vi. 打电话"
lift,"n. 举起, 帮助, 昂扬, 电梯
vt. 升高, 提高, 鼓舞, 清偿, 空运, 举起, 剽窃
vi. 升起, 消散, 耸立"
elevator,"n. 电梯, 升降机
"
incoming,"a. 进来的, 刚开始的, 新来的
n. 进来"
phone-in,"n. 听众来电直播节目
"
fridge,n. 电冰箱
microwave oven,[网络] 微波炉
washing machine,"洗衣机
"
air-conditioner,[化] 空调器; 空气调节器
electric fan,[电] 电扇
radiator,"n. 暖气装置, 散热器, 辐射体
"
toaster,"n. 烤面包器, 烤面包炉, 祝酒人"
heating,"n. 加热, 供热, 暖气设备, 供暖系统, 暖气装置
a. 加热的, 供暖的"
pre-booking,预约
lock,"n. 锁, 刹车, 水闸, 一缕头发
vt. 锁, 锁上, 拘禁, 隐藏, (用锁等)拴住, 刹住
vi. 锁住, (齿轮等)啮合, (船)过闸"
shower,"n. 阵雨, 淋浴, 一阵, 展出者, 显示者
vi. 淋浴, 下阵雨
vt. 淋湿, 倾注"
basement,"n. 地下室, 墙脚
"
sheet,"n. 床单, 张, 纸张, 印刷品, 裹尸布, 薄片
vt. 盖上被单, 遍布
vi. 大片落下
a. 片状的, 成薄片的
"
bath,"n. 沐浴, 浴室
"
blanket,"n. 毛毯, 毯子
vt. 掩盖, 覆盖
a. 总共的"
smoke alarms,"na. (防火用的)烟雾报警器
"
key,"n. 钥匙, 键, 解答, 关键, 要害, 基调, 线索, 答案, 暗礁
vt. 调音, 锁上, 提供线索
vi. 使用钥匙
"
reservation,"n. 保留, 预定, 保留品, 保留地
"
private,"a. 私人的, 秘密的, 私立的, 隐蔽的
n. 士兵, 隐士, 阴部
"
electricity,"n. 电, 电流, 电学, 热情, 电力供应
"
door,n. 门
isolated,"a. 孤立的, 孤零零的
"
spot,"n. 污点, 地点, 斑点, 点, 娱乐场所, 处境, 少量
a. 当场的, 现场的, 现货买卖的, 现金交易的, 抽样的
vt. 点缀, 玷污, 认出, 准确定...的位, 用灯光照射
vi. 玷污, (从空中)侦察敌方目标"
remark,"n. 评论, 注意
vt. 评论, 注意
vi. 评论, 谈论
"
settlement,"n. 安顿, 解决, 处理, 结算, 殖民, 殖民地, 沉降
"
disturbance,"n. 扰乱, 不安, 忧虑
"
insurance,"n. 保险, 保险业, 保险费
"
construction,"n. 建筑, 构造, 建筑物
"
letter,"n. 信, 字母, 证书, 字面意义, 铅字, 学问, 出租人
vt. 写字母于, 在...上刻字母, 用字母标明
vi. 写印刷体字
"
mail,"n. 邮件, 邮政, 邮递, 盔甲
vt. 邮寄, 给...穿盔甲
"
window,"n. 窗户, 窗子, 窗口
vt. 给...开窗
"
smoke,"n. 烟, 雾气, 烟熏剂, 抽烟, 烟色
vi. 吸烟, 冒烟, 弥漫
vt. 以烟熏, 抽烟而导致..."
community,"n. 社区, 公众, 共有, 共同体
"
code,"n. 代码, 密码, 法规, 法典
vt. 把...编码
"
alteration,"n. 变更, 改动
"
decoration,"n. 装饰, 装饰品"
bedsheet,n. 床单
garage,"n. 车库, 汽车修理厂, 机库
vt. 把车送入修车场"
toilet,"n. 厕所, 梳妆
vi. 梳妆, 打扮, 上厕所
vt. 给...梳妆打扮"
wall,"n. 墙, 墙壁, 垣, 内壁, 分界物, 屏障
a. 墙的
vt. 给...建墙, 禁闭, 用墙围住
"
pump,"n. 抽水机, 打气筒, 泵, 抽吸
vt. 用唧筒抽水, 打气, 盘问, 倾注, 使疲惫
vi. 抽水, 上下(或往复)运动"
large-scale housing,无
furniture,"n. 家具, 帆具"
cream,"n. 乳酪, 奶油, 面霜
"
desk,"n. 书桌, 办公桌, 工作台"
chair,"n. 椅子, 显要的席位, 主席
vt. 使入座, 使就任要职"
table,"n. 桌子, 餐桌, 工作台, 铭文, 表格, 表, 高原, 平地层
vt. 搁置, 嵌合, 制表, 把...列入议事日程
"
cabinet,"n. 橱柜, 内阁
a. 内阁的, 细木工做的
"
drawer,"n. 抽屉, 开票人
"
cot,"n. 行军床, 小屋, (家畜等的)棚, (家畜等的)栏
"
bed,"n. 床, 睡眠处, 河床, 底座, 路基, 一层
vt. 提供宿处, 栽种, 安装
vi. 睡, 形成坚实的一层"
size,"n. 大小, 尺寸, 规模, 尺码, 能力, 浆料
vt. 上浆, 依大小排列
vi. 可比拟
a. 一定大小的, 一定尺寸的"
double,"n. 两倍
a. 两倍的, 双重的
vt. 使加倍
vi. 加倍, 代替, 快步走
"
twin room,"n. 双人房
"
dining,"n. 正餐, 宴会"
restaurant,"n. 餐馆, 饭店"
cafe,"n. 咖啡馆, 酒店"
cafeteria,"n. 自助餐厅
"
canteen,"n. 水壶, 军中俱乐部, 临时流动餐馆, 小卖部"
drinking,"n. 喝, 喝酒"
drink,"n. 饮料, 酒
v. 喝, 喝酒"
milk,"n. 奶, 乳状物
vt. 挤乳, 榨取
vi. 产乳"
cola,"结肠, 冒号, 科朗
"
refreshment,"n. 点心, 起提神作用的事物, 精神爽快"
drinks and snacks,无
water,"n. 水, 雨水, 海水, 水位, 水面, 流水
vt. 给...浇水, 供以水, 注入水, 使湿
vi. 流泪, 流口水, 加水
a. 水的, 水上的, 水生的, 含水的"
tea,"n. 茶, 茶叶
"
juice,"n. 汁, 活力, 体液
vt. 挤出汁来, 加汁"
mineral,"n. 矿物, 无机物, 苏打水
a. 矿物的, 似矿物的"
dinner,"n. 晚餐, 正餐, 宴会"
food,"n. 食物, 养料
"
eating,"n. 吃, 食物
a. 侵蚀的, 腐蚀性的"
cooking,"n. 烹饪
"
burger,n. 汉堡包（等于hamburger）
smelly,"a. 发臭的, 有臭味的"
steak,"n. 牛排, 鱼排, 肉排"
picnic,"n. 野餐, 远足, 愉快的经历
vi. 去野餐, 远足"
barbecue,"n. 烤肉
vt. 烤肉, 烧烤"
rice,"n. 米, 米饭, 稻
vt. 将...压成米粒状"
meal,"n. 一餐, 膳食, 粗粉
vi. 进餐"
kitchen,"n. 厨房, 全套炊具
"
vegetarian,"n. 素食者, 食草动物
a. 素食的"
fish,"n. 鱼, 鱼肉, 鱼类, 接合板
vt. 钓, 钓鱼, 查出, 用接合板连接
vi. 捕鱼, 钓鱼, 用钩捞取, 摸索寻找"
meat,"n. 肉, 餐, 食物
"
cheese,"n. 乳酪
"
fruit,"n. 水果, 果类, 结果
"
sugar,"n. 糖, 糖块, 甜言蜜语
vt. 加糖于, 使甜蜜, 粉饰, 美化
vi. 制成糖"
salt,"n. 盐, 风趣, 刺激
a. 含盐的, 咸的, 风趣的, 辛辣的
vt. 加盐于, 用盐腌"
sauce,"n. 酱油, 调味汁, 酱
vt. 给...调味, 使增加趣味"
vinegar,"n. 醋, 尖酸刻薄
vt. 加醋于"
flour,"n. 面粉, 粉沫, 碎粉
"
utensil,"n. 器皿, 用具"
pizza,n. 比萨饼
hot dog,"n. <口>热狗（一种中间夹有熏红肠并配有芥菜, 作料等的面包）"
protein,"n. 蛋白质
a. 蛋白质的"
spoon,"n. 匙, 调羹, 匙形工具
vt. 以匙舀起, 调情, 使成匙状"
vegetable,"n. 蔬菜, 植物, 无精打采之人
a. 蔬菜的, 植物的"
tomato,"n. 番茄, 西红柿"
starter,"n. 开端者, 在起跑线上的人, 参加赛跑的人, 调度员, 起动机, 酵母
"
desert,"n. 沙漠, 应得的赏罚, 功劳
a. 沙漠的, 不毛的
vt. 放弃, 遗弃, 擅离
vi. 逃掉"
dessert,n. 餐后甜点
dish,"n. 盘子, 碟, 菜肴
"
sandwich,"n. 三明治, 夹心面包, 夹层板
vt. 插入, 夹入, 把...制成三明治"
nut,"n. 坚果, 核心, 螺帽
"
salad,n. 色拉
coffee,"n. 咖啡, 咖啡色
"
catering,n. 给养；承办酒席；[医]提供饮食及服务
dairy,"n. 牛奶公司, 乳品店, 乳牛场"
buffet,"n. 自助餐, 小卖部, 碗橱, 殴打, 冲击
vt. 连续打, 冲击, 搏斗
vi. 奋斗"
cutlery,"n. 刀剑制造业, 刃具制造业, 刀剑, 刃具, 刀叉餐具"
cup,"n. 杯子, 茶杯, 优胜杯
vt. 使成杯状, 为...拔火罐"
low nutrition,无
snack,"n. 小吃, 点心, 快餐
vi. 吃零食, 吃快餐"
shop,"n. 商店, 工厂, 车间
vi. 购物, 到处寻找
vt. 选购"
item,"n. 项目, 条款, 一则, 项
"
decoration,"n. 装饰, 装饰品"
interest,"n. 兴趣, 嗜好, 利息, 利益, 爱好, 趣味, 势力
vt. 使感兴趣, 与...有关系"
festival,"a. 节日的, 喜庆的, 快乐的
n. 节日, 庆祝, 欢宴"
balloon,"n. 气球
vt. 使成气球状
vi. 膨胀如气球, 激增"
guest,"n. 客人, 来宾, 旅客
"
waiter,n. 侍者
waitress,"n. 女侍者, 女服务员"
dress code,n. 着装标准
clothes,n. 衣服
casual,"a. 偶然的, 不经意的, 便装的
n. 临时工, 待命士兵"
cloth,"n. 布料, 织品, 布
"
walking,"n. 步行, 步态
a. 步行的, 步行用的"
swimming,"n. 游泳, 眩晕"
dark,"n. 黑暗, 夜, 黄昏, 模糊
a. 黑暗的, 暗的, 深色的, 隐密的, 模糊的, 无知的"
dress,"n. 服装, 覆盖物
vi. 穿着
vt. 给...穿衣, 整理"
fancy,"n. 想象力, 幻想, 喜好
a. 想象的, 精美的, 新奇的, 奇特的, 高价的, 特级的
vt. 想象, 设想, 相信, 喜爱
vi. 想象, 幻想"
wear,"n. 穿着, 戴, 使用, 耗损, 服装, 耐久性
vt. 穿着, 戴, 留(须、发等), 呈现, 磨损, 磨成, 耗损, 使疲乏, 消磨
vi. 磨损, 变旧, 耐久, 渐变, 渐渐消失"
skirt,"n. 裙子, 下摆, 边缘, 郊区
vt. 位于...边缘, 绕过, 回避
vi. 位于边缘"
jeans,"n. 工装裤, 牛仔裤"
rain,"n. 雨, 下雨, 雨天
vi. 下雨
vt. 使大量落下"
sportswear,"n. 运动装, 休闲服"
sweater,"n. 毛衣, 毛线衫, 运动衫, 出汗者
"
comfortable,"a. 舒服的, 轻松的
n. 盖被"
trousers,"pl. 裤子, 长裤"
uniform,"n. 制服
a. 统一的, 一律的, 始终如一的"
suit,"n. 套装, 诉讼, 请求, 起诉, 套, 组
vt. 适合, 使适应
vi. 合适, 相称"
boot,"n. 长靴, 踢, 解雇, 效用
vt. 使穿靴, 踢, 解雇, 有用
"
costume,"n. 装束, 服装"
blouse,n. 宽松的上衣
dressing,"n. 调味品, 穿衣, 化妆
"
shoe,"n. 鞋, 靴, 外胎
vt. 给...穿鞋, 为马钉蹄铁"
sandal,"n. 凉鞋, 拖鞋, 檀香木
vt. 穿以便鞋"
jacket,"n. 夹克, 外套, 护套
vt. 给...穿夹克, 给...装护套"
spare socks,无
animal,"n. 动物
"
mammal,"n. 哺乳动物
"
migration,"n. 移民, 移往, 移动
"
bird,"n. 鸟, 羽毛球
vi. 打鸟"
falcon,"n. 隼, 猎鹰"
horse,"n. 马, 骑兵, 脚架
vi. 骑马, 取笑
vt. 使骑马, 系马于"
rare,"a. 稀罕的, 罕有的, 珍奇的, 稀薄的, 半熟的, 非常好的
adv. 非常"
mosquito,"n. 蚊子
"
kelp,"n. 海草, 巨藻, 海草灰
"
hen,"n. 母鸡, 雌禽"
crocodile,n. 鳄鱼
sheep,"n. 羊, 胆小者"
shear,"n. 修剪, 剪下的东西, 大剪刀, 切变, 剪切机, 切
vt. 修剪, 割, 剥夺, 横越, 削剪
vi. 剪, 修剪, 剪羊毛, 切断"
spider,"n. 蜘蛛, 设圈套者
"
kangaroo,"n. 袋鼠
"
koala,n. 袋熊
eagle,"n. 鹰, 鹰状标饰"
cattle,"n. 牛, 家畜
"
pet,"n. 宠物, 受宠爱的人, 宠坏的孩子, 不悦, 生气
a. 宠爱的, 表示亲昵的, 养着观赏的, 特别珍爱的, 格外的
vt. 宠爱, 溺爱, 抚摸
vi. 拥抱, 爱抚, 生气, 发脾气"
ape,"n. 无尾猿
"
species,"n. 种, 类, 外形
"
sea,"n. 海, 海洋, 海浪, 大量
"
insect,"n. 昆虫, 卑鄙的人
"
chick,"n. 小鸡, 小鸟, 竹帘"
fur,"n. 毛皮
vt. 以毛皮制作, 使生苔, 使生水垢
vi. 生苔, 积水垢"
mane,n. 鬃毛
feather,"n. 羽毛
vi. 长羽毛
vt. 用羽毛装饰"
horse hair,马鬃
wasp,"n. 黄蜂, 胡蜂, 易怒的人, 刻毒的人
"
hard-hoofed,无
whale,"n. 鲸
vi. 捕鲸
vt. 使惨败, 猛揍"
breeding,"n. 教养, 生育, 饲养
"
lion,"n. 狮子, 狮子(星)座, 国际狮子会会员"
donkey,"n. 驴子, 笨蛋, 顽固者, 辅助发动机, 辅助泵"
wood,"n. 木材, 木制品
vt. 植林于, 给...添加木柴
vi. 收集木材"
wildlife,n. 野生动植物
plant,"n. 植物, 作物, 工厂, 树枝, 生长, 设施, 成套设备
vt. 种植, 栽培, 播种, 培养, 安置, 殖民于, 使位于
vi. 种植"
tree,"n. 树, 木料, 树状物
vt. 把...赶上树
"
willow,"n. 柳树, 柳木制品
a. 柳树的, 柳木制的"
flower,"n. 花, 开花植物, 精华, 盛时
vi. 开花, 发育, 旺盛, 成熟
vt. 用花装饰, 使开花"
crop,"n. 农作物, 产量, 平头
vt. 收割, 修剪, 种植
vi. 收获
"
grain,"n. 谷粒, 颗粒, 谷类, 纹理, 本质
v. (使)成谷粒"
vegetation,"n. 植物
"
lemon,"n. 柠檬, 柠檬树, 柠檬色
"
planting,"n. 种植, 栽培, 播种, 人工林, 花圃, 苗圃"
weed,"n. 杂草, 野草
vi. 除草
vt. 除...的草, 剔除"
industry,"n. 勤劳, 工业, 企业, 产业, 有组织的劳动
"
company,"n. 公司, 友伴, 交往, 连队, 朋友, 一群
vt. 陪伴
vi. 交往"
farming,"n. 农业, 耕作"
agriculture,"n. 农业
"
employ,"n. 雇用
vt. 雇用, 使用, 使从事于"
staff,"n. 全体人员, 工作班子, 棍棒, 杆, 拐杖, 支柱, 权杖
a. 职员的, 雇员的, 参谋的
vt. 为...配备人员"
accountant,"n. 会计人员, 会计师
"
manager,"n. 经理, 管理员, 管理器
"
engine,"n. 引擎, 发动机, 机车
vt. 安装发动机于"
cleaner,"n. 清洁工人, 清洁剂, 干洗商
"
customer,"n. 消费者
"
contact,"n. 联系, 交际, 熟人, 接触
vi. 接触, 联系
vt. 使接触"
telephone,"n. 电话, 电话机
v. 打电话"
colleague,"n. 同事, 同僚"
market,"n. 市场, 交易, 集市, 推销地区, 行情, 市面, 销路
vt. 在市场上交易, 使上市, 销售
vi. 在市场上买卖"
vacancy,"n. 空, 空白, 空缺, 空虚, 空闲
"
organization,"n. 组织, 结构, 团体, 体制
"
farm,"n. 农场, 农田
vt. 耕种
vi. 种田"
firm,"n. 公司, 商号
a. 坚定的, 坚强的, 牢固的, 结实的, 坚硬的, 坚挺的, 严格的, 确定的
vt. 使牢固, 使坚定
vi. 变稳固, 变坚实
adv. 稳固地"
natural,"n. 白痴
a. 自然的, 自然界的, 本能的, 天然的, 物质的, 正常的, 原始的, 自然数的"
fishing,"n. 钓鱼, 鱼业
a. 钓鱼的"
clean,"a. 干净的, 清白的, 简洁的
adv. 清洁地, 完全地
vt. 清理, 使干净, 出空
vi. 被搞干净
n. 打扫"
power,"n. 力, 体力, 力量, 势力, 动力, 权力, 强国, 乘方, 强度, 幂, 功率
vt. 使...有力量, 供以动力, 激励
"
recruit,"n. 新兵, 新手, 新会员, 补给品
vt. 恢复, 补充, 充实, 征募
vi. 征募新兵, 复原, 得到补充"
shift,"n. 变化, 移动, 轮班, 手段, 应急办法, 移位
vt. 替换, 转移, 改变, 推卸, 变速
vi. 转换, 移动, 转变, 推托, 变速
"
cooperation,"n. 合作, 协力, 配合
"
forest,"n. 森林, 林区
vt. 植树于"
wetland,"n. 湿地, 沼泽地
"
product,"n. 产品, 结果, 乘积
"
salary,"n. 薪水
vt. 给...加薪"
payment,"n. 付款, 支付的款项(或实物), 偿还, 报应, 惩罚
"
wind,"n. 风, 气息, 气味, 呼吸, 风声, 趋势, 空谈, 卷绕, 弯曲
vt. 使通风, 嗅出, 使喘气, 吹号角, 上发条, 缠绕, 包, 绞起, 吊起, 使弯曲, 使迂回
vi. 嗅出猎物, 吹响号角, 卷曲, 蜿蜒, 迂回, 缠绕"
velvet,"n. 天鹅绒
a. 天鹅绒的"
industrial,"a. 工业的, 供工业用的, 工业高度发展的, 产业的
n. 工业工人, 工业股票"
syndicate,"n. 企业联合, 辛迪加, 财团
v. 联合成辛迪加"
action,"n. 行动, 活动, 动作, 作用, 战斗, 行为, 诉讼
vt. 对...起诉
"
director,"n. 主管, 导演, 董事
"
regular,"a. 规则的, 常例的, 有秩序的, 整齐的, 等边的, 定期的, 经常的, 合格的, 常备军的
n. 正规军, 正式队员
adv. 经常地
n. 正常体
"
factory,"n. 工厂, 产生地, 代理店
"
commission,"n. 委任状, 任官令, 所委职责, 佣金, 犯, 委托, 所托之事
vt. 委任, 委托制作, 使服役"
business,"n. 生意, 事情, 业务, 商业, 商行, 职责
"
growth,"n. 生长, 栽培, 增长
"
council,"n. 会议, 委员会
"
trip,"n. 旅行, 绊倒, 摔倒, 失足, 差错, 旅程
vt. 使跌倒, 使犯错, 使失败
vi. 轻快地走, 绊倒, 失误, 犯错, 结巴, 旅行, 远足"
role,"n. 角色, 职责, 任务
"
corporation,"n. 公司, 合作, 法人团体
"
subcommittee,n. 小组委员会
welfare,"n. 福利, 安宁, 幸福, 福利事业
a. 福利的"
flexible,"a. 易曲的, 灵活的, 柔顺的, 能变形的, 可通融的
"
position,"n. 位置, 地位, 身分, 形势, 姿势, 立场, 职位, 状态, 阵地
vt. 安置, 决定...的位置
"
extension,"n. 延长, 扩充, 范围, 扩展名
a. 伸缩的
"
police,"n. 警察, 警察当局, 治安
vt. 维持治安, 管辖"
cop,"n. 警官
vt. 抓住"
violent,"a. 暴力的, 猛烈的, 激烈的, 极端的, 凶暴的"
crime,"n. 犯罪, 罪行, 罪恶
"
medicine,"n. 药, 医学, 内科
vt. 给...用药"
antibiotics,n. 抗生学；抗生素
capsule,"n. 胶囊, 蒴果, 瓶帽, 航天舱
"
pill,"n. 药丸, 弹丸, 屈辱, 胡说
v. 做成药丸, 形成丸状, 服药丸, 挫败, 抢劫"
aspirin,"n. 阿斯匹林
"
mixture,"n. 混合, 混淆, 混合物
"
eyedrops,"[医] 眼药水, 滴眼剂"
vitamin,"n. 维生素
"
ointment,"n. 软膏, 油膏
"
syrup,"n. 糖浆, 果汁
"
cream,"n. 乳酪, 奶油, 面霜
"
penicillin,"n. 盘尼西林, 青霉素
"
injection,"n. 注射, 注射剂
"
tablet,"n. 平板, 门牌, 笔记簿, 碑, 匾, 药片
"
herb,"n. 药草, 香草
"
drug,"n. 药, 麻药, 麻醉药
vi. 吸毒
vt. 使服麻醉药, 使麻木"
painkillers,n. 止痛药( painkiller的复数形式 )
sore throat,"咽喉痛
"
fever,"n. 发烧, 发热, 热病
"
cough,"n. 咳嗽
vi. 咳嗽
vt. 咳出"
stomachache,"n. 胃痛, 肚子痛"
headache,"n. 头痛, 令人头痛之事
"
toothache,"n. 牙痛
"
allergic,"a. 对...过敏的, 极反感的
"
dizzy,"a. 晕眩的, 眼花缭乱的
vt. 使晕眩"
insomnia,"n. 失眠症
"
stiff neck,斜颈
drowsiness,"n. 睡意
"
stuffed nose,无
disease,"n. 疾病, 弊病
"
medical,"n. 医生, 体格检查
a. 医学的, 内科的, 药的"
symptom,"n. 症状, 征候, 征兆
"
flu,"n. 流感, 流行性感冒"
heart disease,"心脏病
"
pneumonia,"n. 肺炎
"
yellow fever,"黄热病
"
epidemic,"n. 传染病, 流行病
a. 流行的, 传染性的"
attack,"n. 攻击, 抨击
vt. 攻击, 抨击, 动手干
vi. 攻击"
allergy,"n. 变应性, 反感, 厌恶
"
infection,"n. 传染, 影响, 传染病
"
sleep,"n. 睡眠, 静止, 昏迷, 麻木, 长眠, 冬眠
vi. 睡觉, 睡眠, 静止
vt. 睡"
drowsiness,"n. 睡意
"
injury,"n. 伤害, 侮辱
"
wound,"n. 创伤, 伤口, 伤疤, 伤害, 痛苦
vt. 伤害, 损害, 使受伤
vi. 打伤, 伤害
wind的过去式和过去分词"
chest,"n. 胸, 胸部, 衣柜, 箱子
"
teeth,"pl. 牙齿
"
sight,"n. 景观, 视力, 眼界, 阅读, 见解, 意见
vt. 看见, 瞄准
vi. 瞄准, 观看
a. 即席的, 见票即付的"
malaria,"n. 疟疾, 瘴气
"
disabled,"a. 残废的, 有缺陷的, 失效的
"
surgeon,"n. 外科医生, 军医, 船医
"
physician,"n. 医师, 内科医师, 解除痛苦者
"
oculist,"n. 眼科医师
"
dentist,"n. 牙科医生
"
vet,"n. 兽医
vi. 当兽医
vt. 诊断, 检审"
psychiatric,"a. 精神病学的, 医精神病的
"
nurse,"n. 护士, 保姆, 奶妈
vt. 看护, 照顾, 培养
vi. 喂奶, 看护病人"
patient,"n. 病人, 承受者
a. 忍耐的, 容忍的, 有耐性的, 坚忍的"
clinic,"n. 诊所, 临床教学
"
bandage,"n. 绷带
"
injection,"n. 注射, 注射剂
"
take one's temperature,量体温
give a prescription, [体]开药方
make an appointment,与…约定
X-ray,"X射线, X光, X光照片"
prescribe,"v. 规定, 指定, 嘱咐, 开处方"
finger,"n. 手指, 指状物, (手套的)手指部分, 指针
v. 用手指拨弄, 伸出
"
chin,"n. 下巴, 颏
"
eyes,n. 眼睛（eye的复数）
nose,"n. 鼻子, 突出部分, 嗅觉
vt. 嗅到, 探出, 用鼻子触
vi. 闻, 嗅, 探听, 告密"
mouth,"n. 嘴, 口, 口腔, 口状物
vi. 装腔作势说话, 做鬼脸
vt. 说出, 做作地说"
ear,"n. 耳朵, 倾听, 听觉, 穗
vi. 抽穗"
neck,"n. 脖子, 衣领, 颈
vi. 拥抱, 拥吻, 收缩
vt. 割颈"
jaw,"n. 颚, 颌
v. 闲谈, 教训, 唠叨"
illness,"n. 疾病, 恶意
"
vaccine,"n. 牛痘苗, 疫苗
a. 疫苗的, 牛痘的"
bacteria,"pl. 细菌
"
scar,"n. 疤痕, 伤痕, 悬崖
vi. 结疤, 愈合, 痊愈
vt. 使有伤痕"
male,"n. 男人, 雄性动物
a. 男性的, 雄性的, 有力的"
internal,"a. 内在的, 国内的
"
treatment,"n. 治疗, 待遇, 处理
"
stomach,"n. 胃, 食欲, 欲望, 肚子
vt. 吃下, 忍受"
chemist's,n. 药店
heart,"n. 心, 心脏, 中心, 内心, 感情, 精神, 心情, 宝贝儿
vt. 鼓励"
lung,"n. 肺, 肺脏, 空地
"
recipe,"n. 食谱, 处方, 秘诀
"
therapy,"n. 治疗
"
health,"n. 健康, 卫生, 蓬勃, 健康状态
"
sick,"n. 病人
a. 不舒服, 有病的, 恶心的, 厌恶的, 渴望的, 病态的
vt. 呕吐, 追击, 使(狗)去攻击"
relaxation,"n. 松弛, 放松, 减轻, 缓和, 休息, 休养
"
unhealthy,a. 不健康的
beats,n. 音乐节拍；差拍振动；心脏跳动（beat的复数）
hospital,"n. 医院
"
precaution,"n. 预防, 留心, 警戒
vt. 预先警告"
optic,"a. 眼睛的, 视觉的, 光学的
n. 镜片"
cycle,"n. 周期, 循环, 自行车, 一段时间, 整套
vi. 循环, 轮转, 骑自行车
vt. 使循环, 使轮转
"
mental,"a. 心智的, 精神病的, 心理的, 颏的
n. 精神病患者"
physical,"a. 身体的, 物质的, 自然的, 物理学的, 好色的
n. 体格检查"
prevention,"n. 阻止, 妨碍, 预防
"
ambulance,"n. 救护车
"
blood,"n. 血, 血统, 流血, 气质, 生命
vt. 使出血, 用血涂"
ankle,"n. 踝
"
germ,"n. 细菌, 种子, 生殖细胞, 根源
"
plastic,"n. 塑料, 可塑体, 可塑性物质
a. 塑料的, 塑造的, 有可塑性的, 造型的, 易受影响的, 有创造力的"
waste,"n. 浪费, 废物, 损耗, 消耗, 荒地, 垃圾, 地面风化物
a. 废弃的, 荒芜的, 多余的
vt. 浪费, 消耗, 使荒芜
vi. 浪费, 消耗, 变消瘦"
care,"n. 小心, 照料, 忧虑
vi. 关心, 介意
vt. 在意, 喜欢"
pollution,"n. 污染, 玷污
"
air,"n. 空气, 旋律, 态度
vt. 晾, 使通风, 夸耀"
rubbish,"n. 废物, 垃圾, 胡说"
garbage,"n. 垃圾, 废物
"
recycled,v. 回收利用( recycle的过去式和过去分词 ); 再利用; 再次应用; 重新使用（概念、方法、玩笑等）
nature,"n. 自然, 大自然, 本性, 性格, 性质
"
green,"n. 绿色, 绿色颜料
a. 绿色的, 未成熟的, 新鲜的, 青春的, 无经验的, 脸色发青的"
El Nino,（西）[气象] 厄尔尼诺现象（赤道中、东太平洋海水表面温度偶尔增暖的现象）
impact,"n. 冲击, 冲突, 影响, 效果
vt. 挤入, 撞击, 压紧, 对...发生影响"
influence,"n. 影响力, 权力, 势力
vt. 影响, 改变"
atmospheric,"a. 大气的
"
drop-off,"na. 同“drop”；睡着；(客)(一一)散去；衰落
"
warming,"n. 暖和, 加温, 暖热, 温暖, (非正式)打, 鞭打"
recycling,[电] 再循环
sewage,"n. 脏水, 污水
"
sewer,"n. 下水道, 阴沟, 裁缝师
vt. 用下水道排, 铺设下水道于"
handling,"n. 处理
a. 操作的"
contaminant,"n. 污染物, 沾染物
"
temperature,"n. 温度, 发烧, 热度
"
20 centigrade,无
damage,"n. 损害, 伤害
v. 损害"
carbon,"n. 碳, 副本, 复写纸
"
dioxide,"n. 二氧化物
"
organic,"a. 器官的, 有机的, 组织的, 根本的
"
hall,"n. 门厅, 走廊, 会堂"
fitness,"n. 适合, 合宜, 合理, 恰当, 健康
"
personal trainer, 私人健身教练
club,"n. 俱乐部, 木棍, 球棒
vt. 用棍棒打, 缴纳
vi. 联合起来
a. 俱乐部的"
centre,"n. 中心, 中心点, 中锋
a. 中央的, 位在正中的
vt. 集中, 定中心
vi. 居中"
sports,"n. (英)运动会, 运动的, 适用于运动的, 运动会的, 与运动会有关的"
activity,"n. 活动, 行动, 活跃, 活力
"
muscle,"n. 肌肉, 臂力
"
yoga,n. 瑜珈
bowling,n. 保龄球戏
skating,n. 溜冰
badminton,n. 羽毛球运动
tennis,n. 网球
exercise,"n. 行使, 执行, 运动, 练习, 作业
vt. 运用, 练习, 运动
vi. 练习, 锻炼"
weight,"n. 重, 重量, 体重, 砝码, 重大, 影响, 力量
vt. 加重量于, 压迫, 使加权, 称重量
"
cycling,"n. 骑脚踏车兜风, 骑脚踏车消遣
"
martial,"a. 战争的, 军事的, 尚武的, 威武的
"
membership,"n. 会员的资格, 全体会员, 会员数目
"
consultant,"n. 顾问, 征询意见者
"
instructor,"n. 教员, 讲师
"
referee,"n. 仲裁人, 调解人, 裁判员
v. 仲裁, 裁判"
judge,"n. 法官, 裁判员, 审判官, 鉴定人
vt. 审理, 鉴定, 判断, 判决, 裁定
vi. 下判断, 作评价"
umpire,"n. 裁判员, 仲裁人
vt. 对...进行仲裁, 当...的裁判
vi. 当裁判"
running facilities,无
water-skiing,水橇
gym,"n. +体育馆, 体育训练, 体育课, 体操"
sportsman,"n. 运动员, 冒险家"
adopt,"vt. 采用, 正式通过, 收养, 接受
"
cleanest,清洁的（clean的最高级）
artificial,"a. 人造的, 假的, 非原地产的
"
footprint,"n. 足迹
"
advantage,"n. 优点, 便利, 好处, 优势
vt. 有助于"
kaleidoscope,n. 万花筒
question,"n. 问题, 询问
v. 询问, 审问, 怀疑
"
word,"n. 话, 消息, 词, 诺言, 命令
vt. 用言辞表达
"
plate,"n. 碟, 盘子, 盆中物, 金属板, 图版, 金银餐具, 印版, 金属牌(照)
vt. 镀金, 电镀, 用金属板固定, 给...装钢板, 为...制印版"
third,"num. 第三, 三分之一
"
lack,"n. 缺乏, 无, 不足
vt. 缺乏, 短少, 不足, 需要
vi. 缺乏"
working,"n. 工作, 运转, 劳动
a. 工作的, 劳动的, 经营的, 抽搐的, 运转的"
reason,"n. 理由, 原因, 理智, 道理, 前提, 理性
vt. 说服, 推论, 辩论
vi. 推论, 劝说, 思考"
skill,"n. 技术, 技巧, 技能, 熟练, 熟练工人
"
problem,"n. 问题, 难题
a. 成问题的, 难处理的"
advice,"n. 忠告, 劝告, 意见, 报道, 通知
"
type,"n. 类型, 样式, 典型, 榜样, 标志, 符号, 型, 式
vi. 打字
vt. 作为代表, 测定类型, 用打字机打
"
million,"n. 百万, 无数
num. 百万"
film,"n. 软片, 薄膜, 胶卷, 电影
vt. 覆以薄膜, 拍摄
vi. 生薄膜, 拍电影"
goods,"n. 货物
"
famous,"a. 出名的, 极好的"
factor,"n. 因素, 因数, 系数, 基因, 代理人
"
world,"n. 世界, 地球, 宇宙, 万物, 世人, 人间, 领域, 世事, 世故, 社会生活, 大量
"
seat,"n. 座, 座位, 位子, 席位, 所在地
vt. 使坐下, 使就座, 为...设座于, 使就职
vi. 安装在底座上"
century,"n. 世纪, 百年"
idea,"n. 主意, 办法, 理想, 思想, 概念, 意见
"
female,"n. 女性, 女人, 雌性动物
a. 女性的, 女子的"
male,"n. 男人, 雄性动物
a. 男性的, 雄性的, 有力的"
speed,"n. 速率, 速度, 迅速
vi. 加速, 超速, 快进
vt. 快速传送, 促进, 使加速
"
angry,"a. 生气的, 愤怒的"
cause,"n. 原因, 目标
vt. 引起, 使产生, 使遭受"
clock,"n. 时钟, 计时器, (袜子上的)绣花边花
vt. 绣花样, 记时, 记录
vi. 记录时间
"
energy,"n. 精力, 精神, 活力, 能量
"
experience,"n. 经历, 经验, 体验
vt. 经历, 经验, 体验"
government,"n. 政府, 内阁
"
result,"n. 结果, 成绩, 答案
vi. 产生, 结果, 致使
"
offer,"n. 给予(物), 出价, 提议, 意图, 报价
vt. 提供, 出价, 奉献, 试图, 使出现, 演出
vi. 出现, 献祭, 提议, 求婚"
quantity,"n. 量, 数量, 总量
"
fire,"n. 火, 炉火, 电炉, 火灾, 闪光体, 炮火, 热情
vt. 点燃, 烧制, 使发光, 激动, 放枪, 解雇
vi. 着火, 烧火, 开枪, 射击, 激动"
top,"n. 顶部, 顶端, 极点, 上面, 上部, 顶篷, 最高地位, 首位, 陀螺
a. 最高的, 顶上的, 头等的
vt. 盖, 加以顶, 高达, 超越
vi. 结束, 达到顶点, 高出
"
trouble,"n. 烦恼, 麻烦, 困难, 动乱, 故障
vt. 困扰, 麻烦, 使烦恼, 折磨
vi. 烦恼, 费心"
purpose,"n. 目的, 意向, 决心, 用途, 效果, 论题
vt. 意欲, 企图, 计划"
aim,"n. 目标, 瞄准, 击中目标的能力
vi. 对准目标, 致力, 打算
vt. 瞄准
"
relation,"n. 关系, 联系, 叙述, 故事, 家属, 亲戚
"
painting,"n. 画, 绘画, 油漆
"
hand,"n. 手, 爪, 指针, 掌握, 协助, 人手, 手艺, 手迹, 支配, 插手
vt. 交给, 支持, 搀扶"
range,"n. 排, 行, 山脉, 范围, 行列, 射程
vt. 排列, 归类于, 使并列, 放牧
vi. 平行, 延伸, 漫游
"
demonstration,"n. 示范, 实证
"
least,"n. 最少, 最小, 最小限度
a. 最少的, 最小的
adv. 最小, 最少"
confidence,"n. 信心
"
difference,"n. 不同, 差异
"
requirement,"n. 需求, 必要条件, 要求
"
glass,"n. 玻璃, 玻璃杯, 透镜
vt. 装玻璃于, 反射, 反映
vi. 成玻璃状"
contact lenses,n. 隐形眼镜; 接触镜，隐形镜( contact lens的名词复数 )
effect,"n. 结果, 影响, 效果, 印象
vt. 实行, 引起, 完成
"
efficient,"a. 有效率的, 能干的"
individual,"n. 人, 个人, 个体
a. 个别的, 个人的, 独特的"
personal,"a. 私人的, 涉及隐私的, 有人性的, 人称的, 亲自的, 身体的
"
variety,"n. 多样, 种类, 变种, 杂耍
"
chance,"n. 机会, 意外, 可能性
vi. 偶然发生
vt. 冒险"
hint,"n. 暗示, 提示
v. 暗示, 示意"
attentive,"a. 注意的, 留心的"
awareness,"n. 意识, 认识
"
luck,"n. 运气, 幸运, 好运, 侥幸
vi. 靠好运成功"
fortune,"n. 财富, 运气, 兴隆, 大量财产, 好运, 命运
"
solution,"n. 解决, 解答, 溶液
"
various,"a. 不同的, 各种的, 多方面的, 许多的, 个别的, 杂色的
"
machine,"n. 机器, 机械装置, 机构, 自动售货机, 机械般工作的人
vt. 以机器制造"
condition,"n. 情况, 条件
vt. 使健康, 以...为条件, 决定, 使适应
"
unusual,"a. 不寻常的, 罕见的, 与众不同的"
appearance,"n. 出现, 露面, 外观, 外表, 出版
"
notice,"n. 注意, 布告, 通知, 预告, 短评
vt. 注意, 通知, 评论, 提及, 关注
vi. 注意"
attention,"n. 注意, 注意力
"
feature,"n. 面孔的一部分(如眼、口等), 特征, 容貌, 特色, 特写
vt. 是...的特色, 特写, 放映
vi. 起重要作用
"
guy,"n. 家伙, 支索
vt. 用支索撑住, 取笑, 嘲弄
vi. 逃跑"
dominant,"a. 占优势的, 支配的
"
main,"n. 主要部分, 干线, 体力, 力量, 主群组
a. 主要的, 重要的, 全力的
"
focus,"n. 焦点, 焦距
vi. 聚焦, 注视
vt. 使聚焦, 调焦, 集中
"
career,"n. 事业, 生涯, 成功
"
part-time,n. 兼任，部分时间
sense,"n. 感应, 感觉, 感官, 意识, 观念, 情理, 知觉, 理智
vt. 感觉, 觉察, 检测
"
regularly,"adv. 有规则地, 一丝不苟地, 正式地"
original,"a. 最初的, 原始的, 有创意的
n. 原物, 原作"
special,"n. 专辑, 专车, 号外, 特别的东西, 负有特别任务的人员
a. 特别的, 专门的, 特殊的, 额外的, 附加的, 特别亲密的"
personality,"n. 个性, 人格, (团体、地方、国家)特有特性, 名人
"
character,"n. 个性, 字符, 人物, 性质, 品格, 资格
"
gender,"n. 性
vt. 产生"
related,"a. 讲述的, 叙述的；有关系的, 有关联的"
total,"a. 全体的, 总的, 全然的
vt. 计算...的总和, 共计为
vi. 合计
n. 总数, 全体, 合计
adv. 统统"
responsibility,"n. 责任, 职责, 负担, 可靠性
"
army,"n. 军队, 陆军"
military,"n. 军队
a. 军事的, 军人的, 适于战争的"
sample,"n. 样品, 范例, 样本
vt. 抽样, 尝试
"
pottery,"n. 陶器, 陶器厂
"
cinema,"n. 电影院, 电影"
qualification,"n. 资格, 条件, 限制
"
selection,"n. 选择, 选文, 精选品
"
promising,"a. 有希望的, 前途有望的
"
migratory,"a. 迁移的, 流浪的"
CD,"abbr. (=compact disc)激光唱片
n. 光盘
"
photograph,"n. 相片, 照片, 逼真的描绘
v. 照相, 摄影"
popular,"a. 通俗的, 流行的, 受欢迎的, 大众的, 人民的, 普及的
"
fashionable,"a. 时髦的, 上流社会的, 流行的"
matching,"a. 相同的, 协调的
"
supply,"n. 补给, 供给, 供应品
vt. 补给, 供给, 提供, 补充
vi. 替代"
noble,"n. 贵族
a. 高贵的, 高尚的, 贵族的, 辉煌的"
aristocrat,n. 贵族
British,"a. 英国的
n. 英国人, 英国英语"
collection,"n. 收集, 采集, (一批)收藏品, 募捐
"
ignorance,"n. 无知, 愚味
"
explosion,"n. 爆发, 激增, 爆炸(声)
"
blast,"n. 一阵风, 爆炸, 枯萎病
vt. 炸, 使枯萎
vi. 炸, 猛攻, 猛烈抨击, 枯萎"
model,"n. 模型, 模范, 模特儿
a. 模范的, 作模型用的
vi. 做模型, 做模特儿
vt. 使模仿, 塑造
"
foreign,"a. 外国的, 外交的, 外省的, 外来的, 不相关的
"
domestic,"a. 家庭的, 国内的, 驯养的
"
tone,"n. 音调, 音质, 语调, 语气, 色调, 气氛, 状况, 思想状态
vt. 给...定色调, 增强, 使...的声调和谐, 定音调
vi. 颜色调和
"
document,"n. 文件, 公文, 文档
vt. 证明, 为...引证
"
heavy,"a. 重的, 巨大的, 沉重的, 笨重的, 过度的
adv. 沉重地
n. 重物, 严肃角色"
fashion,"n. 流行, 风尚, 时样
vt. 形成, 造, 作"
silver,"n. 银, 银币, 银器
a. 银的, 银制的, 银器的
vt. 镀银
vi. 变银白色"
strong,"a. 强壮的, 坚固的, 坚强的, 强烈的, 有力的, 优良的
adv. 强劲地, 有力地, 猛烈地"
stout,"a. 结实的；矮胖的；勇敢的；激烈的
n. 矮胖子；烈性啤酒"
slim,"a. 瘦的, 苗条的, 微小的, 稀少的, 微薄的
vi. 变苗条
vt. 使苗条"
united,"a. 联合的, 团结的, 一致的, 和睦的
"
normal,"n. 常态, 标准, 正常, 普通
a. 正常的, 正规的, 标准的, 师范的, 正态的
"
theatre,"n. 戏院, 电影院, 剧场, 全体观众, 戏剧, 戏剧效果, 阶梯式讲堂, 场所"
fiber,"n. 纤维, 构造, 纤维制品
"
tribe,"n. 宗族, 部落, 一群人
"
process,"n. 程序, 进行, 过程
vt. 加工, 使...接受处理, 对...处置, 对...起诉
a. 经加工的, 有特殊光效的
"
exaggerate,"v. 夸大, 夸张"
overstate,"vt. 夸大的叙述, 夸张, 过分强调
"
side,"n. 旁边, 侧, 方面, 胁, 侧边, 血统
a. 旁的, 侧的, 次要的
vt. 同意, 支持
vi. 支持, 赞助"
several,"a. 几个的, 一些的, 各自的
pron. 几个"
a couple of,"一对..., 三两个..."
identification,"n. 识别, 身份证明, 认同
"
volunteer,"n. 志愿者
a. 志愿的
v. 自愿"
technology,"n. 技术, 工业技术, 术语
"
direct,"a. 直接的, 坦白的
vt. 指示, 指挥, 命令, 导演
vi. 指导, 指挥
adv. 直接地"
short,"a. 短的, 近的, 矮的, 短期的, 简短的, 少量的
adv. 简短地, 突然
n. 扼要, 短片, 缺乏
vt. 故意少给, 使短路"
classical,"a. 古典的, 正统派的, 经典的
"
architecture,"n. 建筑学, 建筑式样
"
storehouse,"n. 仓库, 储藏所, 宝库
"
useful,"a. 有用的, 有益的
"
helpful,"a. 有帮助的, 有益的, 有用的"
disco,"n. 夜总会, 迪斯科, 的士高"
participant,"n. 参加者, 参与者
a. 有份的, 参加的, 参与的"
trend,"n. 趋势, 倾向, 走向
vi. 倾向, 转向
"
maximum,"n. 极点, 最大量, 极大
a. 最高的, 最大的, 最大极限的
"
minimum,"a. 最小的, 最低的
n. 最小值
"
lawyer,"n. 律师
"
familiar,"a. 熟悉的, 常见的, 亲密的
n. 熟友, 常客"
placement,"n. 放置, 布置, 工作安排, 编班, 定位球
"
conquest,"n. 战胜, 征服, 战利品
"
overcome,"vt. 战胜, 克服, 胜过
vi. 得胜"
impossible,"a. 不可能的, 难以置信的, 令人无法忍受的"
farmer,"n. 农夫, 农场主
"
identity,"n. 身份, 相同, 一致, 特性, 恒等式
"
cultivation,"n. 教化, 培养, 耕作
"
foster,"a. 收养的, 养育的
vt. 养育, 抚育, 培养, 鼓励, 抱(希望)"
breed,"n. 种类, 品种
v. 养育, 引起, 饲养, 繁殖"
lifestyle,n. 生活方式
hobby,"n. 嗜好, 癖好, 爱好"
fraud,"n. 欺骗, 欺诈, 诡计, 骗子
"
fake,"n. 假货, 欺骗, 诡计
a. 假的
vt. 假造, 仿造
vi. 伪装"
performance,"n. 施行, 工作情况, 成绩, 行为, 表现, 演出
"
picture,"n. 图画, 照片, 景色, 美丽如画的人(或物), 化身, 生动的描述, 想像, 形象思维
vt. 画, 拍摄, 用图说明, 描写, 想像
"
inspiring,a. 鼓舞人心的
exciting,"a. 令人兴奋的, 刺激的
"
rising,"n. 上升, 造反, 叛乱
a. 上升的, 高涨的, 新兴的"
ascending,"a. 上升的, 向上的
"
simple,"a. 简单的, 普通的, 朴素的, 单纯的, 绝对的, 初级的, 原始的, 迟钝的
n. 出身低微者, 傻子"
amount,"n. 总数, 总额
vi. 总计, 等同"
average,"n. 平均, 平均数, 一般水平, 海损
a. 平均的, 中等的, 平常的
vt. 算出...平均数, 平均做, 均分, 使平衡
vi. 平均为, 呈中间色"
delegate,"n. 代表
vt. 委派...为代表"
fly,"n. 苍蝇, 两翼昆虫, 飞行
vi. 飞, 飞翔, 飘扬, 逃走
vt. 飞, 飞越, 使飘扬, 逃出
a. 敏捷的"
behavior,"n. 行为, 举止
"
spare,"n. 剩余, 备用品, 备件, 备用零件, 备用轮胎
a. 多余的, 备用的, 空闲的, 节约的, 瘦的
vi. 节约, 省掉, 宽恕
vt. 节约, 省用, 剩下, 饶恕, 赦免"
retirement,"n. 退休, 隐居, 撤退
"
movie,n. 电影
sun,"n. 太阳, 日, 日光, 阳光
vt. 晒
vi. 晒太阳"
specific,"n. 特效药, 特性
a. 特殊的, 明确的, 具有特效的, 特定地, 具体地"
export,"n. 输出品, 输出
vt. 输出, 出口
vi. 输出物资
"
import,"n. 进口货, 进口, 输入, 含义, 重要性
vt. 输入, 引入, 进口, 含...的意思, 重要
vi. 有关系
"
commercial,"a. 商业的, 商用的, 商品化的
n. 商业广告节目"
benefit,"n. 利益
vt. 有益于
vi. 受益"
west,"n. 西方, 西部
a. 西方的, 向西的
adv. 向西, 自西方, 在西方"
east,"n. 东方, 东
a. 东方的, 向东的
adv. 向东方, 朝东方"
formal,"a. 正式的, 形式的, 礼仪的, 拘于礼节的, 拘谨的
n. 正式的社交活动"
cocktail,"n. 鸡尾酒, 开味品
a. 鸡尾酒会的"
cite,"vt. 引用, 引证, 表彰
"
land,"n. 陆地, 地面, 地界, 地产, 国土, 土地
vi. 登陆, 登岸, 到达
vt. 使上岸, 使登陆, 使到达
"
organizer,"n. 组织者, 编制者, 创立者, 组织导体
"
rapid,"a. 迅速的, 飞快的, 急促的, 陡的
n. 急流"
challenging,"a. 挑战的, 引起争论的"
controversy,"n. 论争, 辩论, 论战, 争论
"
percentage,"n. 百分比, 比率, 部分, 可能性
"
rate,"n. 比率, 率, 速度, 价格, 费用, 等级
vt. 估价, 认为, 鉴定等级, 责骂
vi. 被评价, 责骂"
harmful,"a. 有害的, 伤害的"
successful,"a. 成功的, 一帆风顺的, 顺利的
"
safe,"n. 保险箱, 冷藏室
a. 安全的, 可靠的, 平安的, 稳健的, 有把握的"
nervous,"a. 神经紧张的, 不安的, 神经的
"
strained,"a. 紧张的, 滤过的, 矫饰的
"
convenient,"a. 方便的, 合宜的
"
line,"n. 列, 线, 绳, 电线, 线路, 路线, 航线, 作业线, 界线, 战线, 外形, 排, 家系
vt. 排成一行, 顺...排列, 划线于, 加衬里, 使有线条, 使起皱纹
vi. 排队
"
airport,"n. 飞机场
"
port,"n. 港口, 埠, 舱门, 避风港, 左舷, 炮眼, 姿势, 意义
vt. 左转舵, 持(枪)
vi. 左转舵
"
island,"n. 岛, 岛屿, 孤立地区, 安全岛
vt. 使成岛状, 孤立"
stone,"n. 石头, 宝石, 果核, 纪念碑, 结石
vt. 投扔石子, 铺石头
a. 石的, 石制的, 完全的"
adequate,"a. 适当的, 足够的
"
hat,"n. 帽子
vt. 给...戴帽子"
writer,"n. 作家, 撰稿者, 抄写员
"
state,"n. 州, 状态, 情形, 国家, 政府, 领土, 国务, 社会地位
a. 国家的, 正式的, 礼仪用的, 州的
vt. 说明, 陈述, 规定
"
player,"n. 竞赛者, 上场队员, 游戏者, 演员
"
willow,"n. 柳树, 柳木制品
a. 柳树的, 柳木制的"
reliable,"a. 可靠的, 可信赖的
"
weather,"n. 天气, 气象, 处境
a. 迎风的
vt. 使受风吹雨打, 侵蚀, 使风化, 经受住
vi. 风化, 受侵蚀, 经受风雨"
conversation,"n. 会话, 说话, 交谈
"
gap,"n. 缝隙, 缺口, 间断, 间距, 通用汇编程序
vt. 打开缺口, 造成缝隙
vi. 豁开
"
crack,"n. 裂缝, 爆裂声
v. (使)爆裂, (使)裂开, (使)发出爆裂声
a. 第一流的
adv. 啪地一声"
temper,"n. (钢等的)硬度, 脾气, 心情, 中和剂, 倾向, 回火
vt. 使回火, 锻炼, 调和, 使缓和
vi. 回火"
touching,"a. 动人的, 令人同情的"
space,"n. 位置, 空间, 距离, 太空, 空白, 间隔, (期刊等的)篇幅
vt. 隔开, 分隔
vi. 留间隔
"
charity,"n. 慈悲, 博爱, 慈善团体, 施舍
"
charitable organization,[法] 慈善组织
intact,"a. 尚未被人碰过的, 原封不动的, 完整的
"
donation,"n. 捐赠物, 捐款, 捐赠
"
bone,"n. 骨头, 骨, 骨制品
vt. 剔骨
vi. 专心致志"
skeleton,"n. 骨骼, 骨瘦如柴的人, 梗概, 骨干, 残骸
a. 骨骼的, 概略的, 基层的, 骨干的
"
announcement,"n. 公告, 发表, 告知
"
declaration,"n. 宣告, 说明, 宣布
"
decision,"n. 决定, 决心, 决断
"
solar,"a. 太阳的, 日光的, 源自太阳的
"
tractor,"n. 牵引器, 拖拉机, 拉纸器
"
mobile,"a. 移动的, 易变的, 机动的
n. 活动物体"
night,"n. 夜, 夜晚, 晚上, 黑暗, 夜晚的工作
"
length,"n. 长度, 长, 期间, 一段
"
association,"n. 协会
"
soil,"n. 土壤, 土地, 国家, 国土, 温床, 污物, 粪便, 水池
vt. 弄脏, 污辱
vi. 变脏"
sex,"n. 性别, 性欲
vt. 区别...的性别, 引起...的性欲"
desire,"n. 欲望, 要求
vt. 想要, 请求
vi. 渴望"
discomfort,"n. 困苦, 不适
"
client,"n. 客户, 顾客, 委托人
"
basic,"n. 基本原理, 要素, 基本规律
a. 基本的, 碱性的
(计算机)BASIC语言"
redundant,"a. 多余的, 过多的, 冗长的
"
bowl,"n. 碗, 木球, 大酒杯
v. 滚木球, 快而稳地行驶"
abbreviation,"n. 缩写词, 缩写, 缩短, 节略"
flourish,"vi. 繁荣, 茂盛, 活跃, 手舞足蹈
vt. 挥舞, 夸耀
n. 挥舞, 炫耀, 茂盛, 兴旺, 华丽词藻"
youth,"n. 年轻, 青年时代, 青年们, 青春
"
pressure,"n. 压, 榨, 按, 强制, 压力, 压迫, 压强
vt. 迫使, 使增压, 密封"
blond,"a. 金发的
n. 白肤碧眼金发的人"
wave,"n. 波, 波浪, 波动, 起伏, 高潮, 潮涌, 挥手致意, (气压)突变
vi. 波动, 飘动, 挥手示意, 起伏
vt. 使波动, 使飘扬, 挥舞, 使成波浪形"
shelter,"n. 庇护所, 避难所, 庇护, 隐蔽处, 掩蔽
vt. 庇护, 保护, 隐匿
vi. 躲避"
refuge,"n. 避难所, 安全地带, 避难, 庇护
vi. 躲避
vt. 给予...庇护"
plan,"n. 计划, 方案, 策略, 方法, 进度表, 程序表, 平面图, 设计图, 轮廓, 示意图
vt. 计划, 设计, 意欲
vi. 订计划"
useless,"a. 无用的, 无效的, 无益的
"
dialogue,"n. 对话
vi. 对话
vt. 用对话表达"
dedication,"n. 奉献, 献身, 献辞
"
attempt,"n. 尝试, 企图
vt. 尝试, 企图"
noisy,"a. 嘈杂的, 喧闹的
"
handy,"a. 便利的, 敏捷的, 容易取得的
"
magazine,"n. 杂志, 仓库, 弹盒, 胶卷盒
"
owner,"n. 拥有者, 物主, 所有人
"
profit,"n. 利润, 赢利, 利益
vi. 有益, 获利, 赚钱
vt. 有益于"
figure,"n. 数字, 价格, 图形, 形状
vt. 描绘, 表示, 演算, 认为
vi. 计算, 出现, 估计"
kit,"n. 装备, 工具箱, 成套工具
"
irregular,"n. 不规则物, 不合规格之物
a. 不规则的, 不整齐的, 不合法的"
carpet,"n. 地毯, 地毯状物
vt. 铺以地毯, 铺盖"
dust,"n. 灰尘, 尘埃, 粉末, 花粉, 土, 骚乱
vt. 拂去灰尘, 撒, 弄成粉末
vi. 拂去灰尘, 化为粉末"
resistant,"n. 抵抗者, 反抗者
a. 抵抗的, 反抗的, 耐...的"
conservation,"n. 保护, 保存
"
nap,"n. 小睡, 稍睡, 细毛, 孤注一掷
vi. 小睡, 疏忽
vt. 使拉毛, 打盹度过, 预测...为获胜马"
doze,"vi. 打瞌睡, 假寐
vt. 打瞌睡度过
n. 瞌睡"
hard-working,辛勤工作的
workload,"n. 工作量
"
isolation,"n. 隔绝, 孤立, 隔离
"
pie,"n. 馅饼, 财富, 总额, 贪污受贿, 杂乱, 喜鹊
"
frequent,"a. 时常发生的, 频繁的, 快速的
vt. 时常来访, 常常聚集, 常与...交往"
loyal,"a. 忠诚的, 忠实的, 忠贞的"
satisfactory,"a. 满意的, 赎罪的
"
perk,"vi. 昂首, 振作, 举止高傲, 神气活现, 滤煮
vt. 竖起, 打扮, 使振作, 滤煮
n. 小费"
discount,"n. 折扣, 贴现率
vt. 打折扣
vi. 贴现"
give sb. a sack,无
kick sb. out of work,无
law,"n. 法律, 法则, 定律, 法律的制约, 法学, 司法界, 诉讼
v. 起诉"
favor,"n. 好意, 喜爱
vt. 赐予, 支持, 喜欢, 证实"
burglar,"n. 窃贼
"
robber,"n. 强盗, 盗贼"
blind,"n. 蒙蔽物, 窗帘
a. 盲目的, 瞎的, 不加思考的
vt. 使失明, 蒙蔽, 遮暗
adv. 盲目地"
threat,"n. 恐吓, 恶兆, 威胁
"
grammar,"n. 语法学, 入门书
"
step,"n. 步骤, 步, 步幅, 脚步声, 踏级, 步伐, 短距离, 步态, 手段, 等级
vt. 踏, 以步测量, 跨步, 使成阶梯状
vi. 跨步, 轻快地走, 跳舞, 踩, 踏上, 行走
"
award,"n. 奖品, 裁定, 判决
vt. 授予, 给予"
internet,"[计] 因特网, 国际互连网, 网际网络, 互连网络, 广域网"
gesture,"n. 手势, 姿态
vi. 作手势, 作姿态"
image,"n. 影像, 肖像, 想象, 图像, 形象, 翻版
vt. 作...的像, 反映, 想象, 象征
n. 图像
"
making,"n. 制造, (手工)制造业, 制作, 形成, 发展, 要素, 内在因素, 赚头, 制造物"
advertising,"n. 广告业, 广告
a. 广告的
"
precious,"a. 宝贵的, 珍贵的, 过于精致的, 珍爱的"
duty,"n. 责任, 关税, 职务, 尊敬
"
abuse,"n. 滥用, 虐待, 恶习, 辱骂
vt. 滥用, 辱骂, 虐待"
domestic violence, 家庭暴力
dependent,"n. 依赖他人者
a. 依赖的, 从属的"
ray,"n. 光线, 射线, 闪烁, 光辉
vi. 射出光线, 浮现, 放射光线
vt. 放射, 显出"
acid,"n. 酸, 酸类物质, 尖刻, 迷幻药
a. 酸的, 酸性的, 尖刻的, 敏锐的
"
washing,"n. 洗涤, 浸, 洗涤物
"
robot,"n. 机械人, 自动机械, 机械般工作的人
"
elements,"n. 原理, 基础"
clever,"a. 聪明的, 精明的"
smart,"a. 聪明的, 漂亮的, 刺痛的, 剧烈的, 敏捷的, 巧妙的, 伶俐的, 潇洒的
n. 刺痛, 痛苦
vi. 刺痛"
souvenir,n. 纪念品
helpline,n. 热线服务电话
width,"n. 宽度, 宽广, 广博
"
favorite,"n. 喜欢的事物, 幸运儿
a. 特别受喜爱的, 喜爱的, 宠爱的, 中意的"
online,[计] 联机
flag,"n. 标志, 旗标, 旗子, 信号旗, 菖蒲
vt. 悬旗, 打旗号, 铺石板
vi. 无力地下垂
"
instrument,"n. 工具, 手段, 仪器
"
guitar,n. 吉他
piano,n. 钢琴
design,"n. 设计, 图样, 方案, 企图
v. 设计, 计划"
beat,"n. 心跳(声), 打, 敲打声, 拍子
v. 打, 拍打, 打败
a. 疲乏的, 颓废的
beat的过去式
"
pair,"n. 一双, 一对, 一副
v. (使)成对"
telescope,"n. 望远镜
vi. 叠缩, 嵌进, 缩短
vt. 使叠缩, 使缩短"
delivery,"n. 递送, 交付, 分娩, 交货, 引渡
"
sharp,"n. 半升音调, 利刃, 骗子
a. 锋利的, 明显的, 敏锐的, 急剧的, 尖刻的, 严厉的, 刺耳的, 精明的
adv. 锐利地, 急速地"
pleasure,"n. 快乐, 愉快, 令人高兴的事, 娱乐, 希望
v. (使)高兴"
delight,"n. 高兴, 愉快
vt. 使高兴, 乐于
vi. 感到高兴(或愉快、快乐)"
institute,"n. 学会, 学院, 协会
vt. 创立, 开始, 制定, 任命"
visible,"a. 看得见的, 明显的, 显然的
n. 可见物"
silence,"n. 沉默, 无声, 静寂, 湮没, 无声息
vt. 使缄默
interj. 安静"
dispute,"n. 争论
v. 争论"
debate,"n. 辩论, 讨论
v. 争论, 辩论"
shuttle,"n. 穿梭, 梭子, 往返移动之物
v. (使)穿梭移动, 往返运送"
rat,"n. 鼠, 卑鄙的人, 破坏者, 变节者
vi. 捕鼠, 变节
vt. 弄蓬松"
golf,"n. 高尔夫球
vi. 打高尔夫球"
risk,"n. 冒险, 危险, 保险额
vt. 冒...的危险, 冒险干"
adventure,"n. 冒险, 冒险经历
v. 冒险"
surprise,"n. 惊奇, 奇袭, 诧异
vt. 使惊奇, 撞见, 奇袭"
maid,"n. 少女, 未婚女子, 女仆"
pal,"n. 朋友, 伙伴, 同志, 同谋
vi. 交友, 结伴"
actor,"n. 男演员, 行动者
"
flow,"n. 流程, 流动, 流量, 洋溢, 泛滥, 涨潮
vi. 流动, 流泄, 畅流, 川流不息, 飘扬, 涌出
vt. 使流动, 淹没, 流出"
measurement,"n. 尺寸, 度量, 度量单位
"
stability,"n. 安定, 稳定性, 坚实, 巩固
"
enormous,"a. 巨大的, 庞大的"
broad,"a. 宽广的, 辽阔的, 广大的, 显著的
adv. 宽阔地
n. 宽阔部分"
timber,"n. 木材, 木料
vt. 用木材建造"
draw,"vi. 拉, 拖, 拔剑
vt. 拖拉, 挨近, 领取, 打成平局, 引导, 抽签决定, 画, 描写, 制订, 草拟, 吸引
n. 拉, 拖, 拔出, 抽签, 平局
"
concession,"n. 特许, 让步, 认可
"
existence,"n. 存在, 生存
"
baldness,"n. 光秃, 率直, 枯燥
"
gold,"n. 黄金, 钱财, 金块, 金色, 宝贵
a. 金的, 似金的, 金色的, 金制的"
divorce,"n. 离婚
vt. 与...离婚"
breath-taking,[网络] 呼吸；紧张；唿吸
majority,"n. 多数, 大半
"
exchange,"n. 交换, (电话)交换局, 交换机, 汇兑, 交易所
v. 交换, 交易, 兑换
"
net,"n. 网, 网状物, 罗网, 净利, 净价
a. 净的, 最终的
vt. 用网捕, 撒网, 净赚, 得到
vi. 编网
"
slang,"n. 俚语
v. 辱骂, 用俚语说"
switch,"n. 开关, 电闸, 转换, 软枝, 鞭子, 道岔
vt. 转变, 切换, 摆动, 转换, 使转轨
vi. 转换, 变换, 摆动
"
overall,"a. 全部的, 全体的, 从头至尾的, 一切在内的
adv. 从头到尾, 总的说来
n. 罩衫, 工作服"
whole,"n. 全部, 全体, 整体, 完全之体系
a. 所有的, 完整的, 完全的, 纯粹的"
pattern,"n. 模范, 典型, 式样, 样品, 图案, 格调, 模式
vt. 模仿, 仿造, 以图案装饰
vi. 形成图案
"
ground,"n. 土地, 战场, 场地, 地面, 范围
a. 土地的, 地面上的
vt. 放在地上, 使搁浅, 打基础, 给...以训练
vi. 搁浅, 落地, 根据, 基于
a. 磨过的
grind的过去式和过去分词"
fair,"n. 展览会, 市集, 美好的事物
a. 公平的, 按规则进行的, 不好不坏的, 晴朗的, 美丽的
adv. 公平地, 正面地, 有教养地, 清楚地
vi. 转晴"
memorise,"vt. 记住, 熟记, 记录, 存储"
corpse,"n. 尸体
"
keeper,"n. 监护人, 管理人, 看守人
"
ending,"n. 终止, 终了, 收场
"
texture,"n. (织物的)密度, (材料等的)结构, 纹理
"
super,"n. 跑龙套角色, 冗员, 特级品, 特大号, 管理人
a. 上等的, 特大的, 超级的, 极好的, 十分的, 过分的
adv. 非常"
rock,"n. 岩石, 岩礁, 石头, 基石, 暗礁, 摇动, 摇滚乐
vt. 摇摆, 摇动, 使摇晃, 使动摇
vi. 摇, 摇动"
branch,"n. 树枝, 支店, 支流, 分部
vi. 分支, 出枝
vt. 分割, 用枝状叶脉刺绣花纹装饰
"
informative,"a. 提供消息的, 见闻广博的"
agreement,"n. 同意, 合约, 协议
"
high quality camera,无
religion,"n. 宗教, 信仰
"
empty,"a. 空的, 空虚的, 空腹的, 空洞的
n. 空的东西, 空车
vt. 倒空, 使变空, 使排出
vi. 流空
"
package,"n. 包裹, 套装软件, 包, 包装用物, 程序包
vt. 包装, 打包
a. 一揽子的
"
distant,"a. 远的, 疏远的
"
remote,"a. 遥远的, 偏僻的, 疏远的, 微少的
"
story,"n. 故事, 小说, 传奇, 描述, 阅历, 经历, 层"
evidence,"n. 根据, 证据, 迹象
"
positive,"a. 肯定的, 积极的, 有把握的
"
negative,"n. 否定, 否定语, 负数, 底片
a. 否定的, 消极的, 负的, 阴性的
n. 负数, 负值
"
conqueror,"n. 征服者, 胜利者"
distribution,"n. 分配
"
confirmation,"n. 证实, 证明, 批准, 确认
"
virtually,adv. 事实上
almost,"adv. 几乎, 差不多"
worthwhile,"a. 值得花时间的, 值得做的, 有真实价值的"
grass,"n. 草, 草原, 牧场
"
cliff,"n. 悬崖, 绝壁"
physically,"adv. 按自然规律, 完全地, 实际上, 真正地, 身体上地"
irrigation,"n. 灌溉, 冲洗
"
scarce,"a. 难得的, 稀罕的, 缺乏的"
removal,"n. 移动, 移居, 迁移, 排除, 切除
"
low-risk,"adj. 低风险的
"
cannibal,"n. 食人者, 吃同类的动物
a. 食同类的, 吃人肉的"
herbivorous,"a. 食草的
"
scent,"n. 气味, 香味, 香水, 踪迹, 痕迹, 线索, 嗅觉
vt. 闻出, 嗅, 发觉, 使充满气味
vi. 嗅猎, 发出气味"
scheme,"n. 方案, 计划, 组合, 系统, 图解, 诡计, 阴谋
v. 计划, 设计, 图谋, 策划
"
overhead view,俯视
visitor,"n. 参观者, 游客, 访客
"
tile,"n. 砖瓦, 瓷砖, 瓦片
vt. 铺以瓦, 铺以瓷砖
"
likelihood,"n. 可能, 可能性"
possibility,"n. 可能性, 可能的事
"
danger,"n. 危险, 威胁
"
hazardous,"a. 危险的, 冒险的, 碰运气的
"
pure,"a. 纯的, 纯净的, 纯洁的, 清白的, 完美的, 无瑕的, 抽象的
"
repeat,"n. 重复, 反复
vt. 重做, 重复, 复述, 使再现, 复制
vi. 重复
"
correspondence,"n. 相符, 通信, 信件
"
letter,"n. 信, 字母, 证书, 字面意义, 铅字, 学问, 出租人
vt. 写字母于, 在...上刻字母, 用字母标明
vi. 写印刷体字
"
unanimous,"a. 意见一致的, 无异议的"
depth,"n. 深度, 深处, 深奥
"
approval,"n. 赞成, 批准
"
enthusiasm,"n. 巨大的热情, 热心"
housekeeping,"n. 家事, 家政, 持家
"
emotion,"n. 情绪, 激动, 强烈的情感
"
performer,"n. 表演者, 执行者, 完成者
"
miserable,a. 悲惨的；痛苦的；卑鄙的
craft,"n. 技艺, 手艺, 诡计
vt. 精心制作"
hero,"n. 英雄, 超越常人者, 男主角"
politics,"n. 政治, 政治学, 政见, 政治活动
"
author,"n. 作家, 作家的著作, 创始人
"
serious,"a. 严肃的, 认真的, 重要的, 严重的
"
prone,"a. 俯伏的, 面向下的, 有...倾向的
"
essential,"n. 要素, 要点, 本质
a. 必要的, 重要的, 本质的
"
fundamental,"n. 基本原理, 原则, 基波
a. 基本的, 重要的, 原音的"
steel,"n. 钢, 钢制品, 钢铁, 坚硬, 坚固
a. 钢的, 钢制的, 钢铁业的, 坚强的
vt. 使坚强, 钢化, 使冷酷"
traditional,"a. 传统的, 惯例的
"
ordinary,"a. 平常的, 普通的, 平凡的
n. 平常的人(或事)"
preposition,"n. 前置词, 介词"
wing,"n. 翅膀, 翼, 机翼, 派别
vt. 给...装上翼, 飞过, 使飞, 空运, 增加...速度
vi. 飞行"
watchdog,"n. 看门狗, 监察人
"
second-hand,"中间人, 助手
"
cheerful,"a. 快活的, 高兴的, 兴高采烈的"
reform,"n. 改革, 改正, 改造
vt. 改革, 改过, 革新, 重整
vi. 革新, 改过"
contract,"n. 合约, 婚约, 契约
vt. 使皱缩, 使缩短, 感染, 订约, 缔结
vi. 皱缩, 订约, 收缩"
barren,"a. 不育的, 贫瘠的
n. 荒地"
event,"n. 事件, 结果, 事情的进程, 竞赛项目
"
intervention,"n. 插入, 介入, 调停
"
metal,"n. 金属, 金属制品, 合金, 本质, 质料
a. 金属制的
vt. 以金属覆盖"
kiosk,"n. 亭, 凉亭, 报摊"
seven-screen,无
handball,"n. 墙手球, 墙手球运动"
independence,"n. 独立, 自立, 自主
"
age,"n. 年龄, 老年, 成年, 寿命, 时代, 时期
v. 变老, 成熟"
immune,"a. 免疫的, 免除的, 不受影响的
n. 免疫者"
warehouse,"n. 仓库, 货栈, 大商店
vt. 储入仓库"
self-defence,"n. 自卫(术)；【法】自卫权；正当权利
"
carving,"n. 雕刻品, 雕刻, 雕刻术"
privacy,"n. 隐私, 隐居, 秘密
"
apostrophe,"n. 撇号, 呼语法"
poll,"n. 投票, 民意测验, 选举投票, 投票数, 一组人中的一个, 头颈和后脑部, 鹦鹉
vt. 对...进行民意测验, 获得...票, 剪树枝, 轮询
vi. 投票
a. 剪过毛的, 修过枝的
"
elbow,"n. 手肘, 弯头, 扶手
v. 用手肘推开, 推挤"
hunting,"n. 狩猎, 猎狐, 探求
"
self-discipline,"n. 自律；自我约束
"
tune,"n. 歌曲, 主旋律, 心情, 声调, 和谐, 一致, 语调, 程度
vt. 为...调音, 调整, 调谐, 使一致
vi. 协调, 调谐"
expansion,"n. 扩充, 开展, 膨胀
"
sailing,"n. 航行, 航海术, 启航
a. 航行的"
rows,n. 返回引用中的行数；行（row的复数形式）
maintain,"vt. 维持, 维修, 保持, 坚持, 供养, 主张
"
former,"a. 从前的, 前者的
n. 起形成作用的人(或物), 模型, 样板"
previous,"a. 早先的, 前面的, 过急的
"
surrounding,"n. 环境
a. 周围的"
toy,"n. 玩具, 小玩艺儿, 小型的东西, 消遣
a. 供玩耍的, 作为玩具的
vi. 玩弄, 戏弄, 调情"
expectancy,"n. 期待, 期望的事物, 嘱望, 希望, 期望, 预期
"
fabric,"n. 织物, 布, 结构, 构造, 建筑物
"
section,"n. 区段, 部分, 区域, 节, 截面, 处, 科, 区, 扇区
vt. 把...分段, 把...切片
vi. 被切成片
"
star,"n. 星, 恒星, 星形物, 运气, 明星
vt. 以星状物装饰, 用星号标, 使成为明星
vi. 变成明星"
artistic,"a. 艺术的, 艺术家的, 富有艺术性的"
self-funded, 自费
self-sufficient,"adj. 自给自足的；过于自信的；傲慢的
"
addition,"n. 加法, 增加的人(或物)
"
sacked,"v. 解雇；洗劫；把…装进袋里；睡觉（sack的过去分词）
a. 袋装的；被洗劫的"
preference,"n. 偏爱, 优先, 喜爱物
"
flash,"n. 闪光, 闪现, 一瞬间
vi. 闪光, 闪现, 反射
vt. 使闪光, 反射"
exception,"n. 例外, 除外, 异议
"
reinforced,a. 加强的；加固的；加筋的
highly-trained,[网络] 高度训练的
vary,"vt. 改变, 使多样化
vi. 变化, 有不同, 违反"
harbour,"n. 港, 避难所
v. 庇护, 藏匿, (使)入港停泊"
skin,"n. 皮肤, 皮
vt. 剥皮, 在...植皮
vi. 长皮, 愈合, 蜕皮"
heroine,"n. 巾帼英雄, 烈妇, 女主角
"
exposure,"n. 暴露, 揭发, 揭露
"
inability,"n. 无能, 无力"
pianist,"n. 钢琴家, 钢琴演奏者"
housing,"n. 遮盖, 住房供给, 居留(处), 房屋, 装饰
"
naught,"n. 无, 零
a. 无价值的, 无用的"
stair,"n. 梯级, 楼梯, 阶梯"
complaint,"n. 诉苦, 抱怨, 控诉
"
noise,"n. 噪音, 杂音, 响声, 喧闹
vt. 谣传
vi. 喧闹
"
potential,"n. 潜在性, 可能性, 潜力, 潜能, 势, 位
a. 有潜力的, 可能的, 潜在的"
value,"n. 价值, 价格, 购买力, 评价, 估价, 计算结果
vt. 评价, 估价, 重视
"
mixture,"n. 混合, 混淆, 混合物
"
irritable,"a. 易怒的, 急躁的
"
arrival,"n. 到达, 抵达, 到达者
"
satisfaction,"n. 满足, 满意, 快事, 赔偿, 赎罪, 报仇的机会
"
status,"n. 状态, 情形, 地位, 要人身份
"
stage,"n. 阶段, 舞台, 场所, 戏剧, 站, 驿站, 级, 层, 脚手架
vt. 上演, 表演, 筹划
vi. 适于上演, 乘驿车旅行"
permit,"n. 许可证, 许可, 执照, 通行证
vt. 允许, 容许, 可能, 使放手做
vi. 容许, 给以机会, 提供可能"
discovery,"n. 发现, 被发现的事物
"
parcel,"n. 包裹, 部分, 片
vt. 分配, 打包
a. 部分的
adv. 局部地"
sufficient,"a. 充分的, 足够的
"
subjective,"a. 主观的, 个人的
"
objective,"n. 目的, 目标, 宗旨, 宾格, 实物
a. 客观的, 如实的, 无偏见的, 宾格的"
page,"n. 页, 记录, 事件, 专栏, 男侍
vt. 标明...的页数, 翻...的书页, 分页排版, 呼叫, 侍候
vi. 翻书页, 侍侯
"
usual,"a. 平常的, 通常的"
latest,a. 最近的
development,"n. 发展
"
rehearsal,"n. 预演, 排演, 练习, 叙述, 复述
"
weapon,"n. 武器, 兵器
vt. 武装"
trade,"n. 贸易, 商业, 交易, 生意, 职业, 顾客, 信风
vi. 进行交易, 做买卖, 经商, 对换, 购物
vt. 用...进行交换"
innovation,"n. 改革, 创新
"
lava,"n. 熔岩, 火山岩
"
theft,"n. 盗窃, 失窃, 盗窃罪, 赃物
"
knowledge,"n. 知识, 学问, 认识, 知道"
curly,"a. 拳曲的, 卷毛的, 弯曲的"
cotton,"n. 棉花
vi. 和谐, 有好感, 理解"
mill,"n. 压榨机, 磨坊, 制造厂
vt. 碾磨, 磨细, 搅拌, 使乱转
vi. 乱转, 被碾磨"
magic,"n. 魔术, 魔法
a. 魔术的, 有魔力的, 不可思议的"
systematic,"a. 有系统的, 分类上的, 体系的
"
shell,"n. 贝壳, 壳, 外形, 炮弹
vt. 去壳, 脱落, 炮轰
vi. 剥落, 脱壳
"
unique,"a. 独一无二的, 独特的, 稀罕的"
polish,"a. 波兰的
n. 波兰人, 上光剂, 光泽, 优雅
vt. 擦亮, 擦去, 使完美
vi. 擦亮, 变得光亮"
knife,"n. 小刀, 匕首
vt. 切割, 伤害, 切, 戳
vi. 劈开, 穿过"
critical,"a. 批评的, 决定性的, 危险的, 临界的
"
consumption,"n. 消费, 消费量, 痨病
"
crisis,"n. 危机, 危险期, 紧要关头
"
belt,"n. 带子, 地带
"
steady,"a. 稳定的, 不动摇的, 沉着的, 稳固的, 坚定的, 经常的
vt. 使稳定, 使坚定
vi. 变为沉着, 稳固"
deteriorate,v. (使)恶化
surface,"n. 面, 表面, 水面, 外表, 平面
a. 表面的, 外观的, 肤浅的, 水面上的
vt. 使成平面, 使浮出水面
vi. 浮出水面, 呈现, 在地面上工作"
seasoned,"a. 经验丰富的, 老练的"
cupboard,"n. 食橱, 碗柜, 餐具柜"
inland,"a. 内陆的, 国内的
n. 内地"
free,"a. 自由的, 享受政治权力的, 允许的, 免费的, 丰富的
vt. 释放, 解放, 使自由
adv. 自由地, 免费"
response,"n. 反应, 回答, 响应
"
answer,"n. 答案, 回答, 回报, 答辩
vt. 回答, 反驳, 适应, 响应, 符合
vi. 回答, 答应, 负责, 符合, 成功
"
jewelry,"n. 珠宝, 珠宝类"
journalist,"n. 新闻记者, 从事新闻杂志业的人"
repair,"n. 修理, 补救, 修复
vt. 修理, 修补, 补救, 恢复, 补偿
vi. 修理, 修补, 补救, 恢复, 去, 常去, 集合"
cage,"n. 笼, 牢房, 战俘营
vt. 关进笼内"
candle,"n. 蜡烛
vt. 对着光检查"
wax,"n. 蜡, 蜡状物, 一阵发怒, 增加, (月亮)渐盈
vi. 变大, 增大, 月亮渐满
vt. 上蜡于"
sensible,"a. 有感觉的, 敏感的, 明智的
"
depression,"n. 不景气, 消沉, 沮丧, 洼地
"
layer,"n. 层, 产卵鸡, 放置者
vt. 分层堆积, 压植
"
ambiguous,"a. 不明确的, 模棱两可的
"
excuse,"vt. 原谅, 申辩, 做为...的托辞
n. 致歉, 理由, 饶恕, 借口"
lessen,"vt. 减少, 缩小, 减轻
vi. 变小"
layout,"n. 布局, 陈列, 规划图, 页面布局, 版面编排
"
reflectance,"n. 反射比
"
reserve,"n. 储备品, 贮量, 后备军, 自然保护区, 保留, 拘谨, 节制, 储备金
vt. 保留, 保存, 预订, 延期, 推迟"
book in advance,[网络] 提前预订；提前预定；什么情况下用餐要预定
genetic,"a. 创始的, 遗传的, 起源的, 遗传学的
"
tribute,"n. 贡物, 礼物, 颂辞"
bridge,"n. 桥, 舰桥, 桥梁, 桥牌
vt. 架桥于, 跨越
"
chat,"n. 闲谈
vi. 闲谈, 聊天"
strike,"n. 罢工, 打击, 殴打
vt. 打, 撞击, 冲击, 侵袭, 取消, 结算, 打掉, 罢工, 刺透, 使生根, 遇见
vi. 打, 打击, 抓, 罢工, 搏动, 触礁, 敲, 响, 穿透, 打动"
basis,"n. 基础, 主要成分
"
amazing,a. 令人惊异的
shelf,"n. 架子, 搁板
"
frequency,"n. 频率, 频数
"
enhance,"vt. 提高, 加强, 增加"
improve,"vt. 改良, 提高...的价值, 改善, 利用
vi. 变得更好, 增加"
petrol,"n. 汽油
"
soundproof,a. 隔音的
loss,"n. 损失, 遗失, 失败, 输, 错过, 伤亡
"
stuff,"n. 原料, 要素, 东西, 材料, 素质, 织品, 废物, 废话
vt. 装填
vi. 狼吞虎咽"
resistance,"n. 抵抗力, 反抗, 耐力, 阻力, 电阻
"
authority,"n. 权力, 当权者, 当局, 权威, 专家
"
opportunity,"n. 机会, 时机"
mathematics,"n. 数学
"
predictable,a. 可预言的
band,"n. 带子, 队, 乐队
v. 联合, 结合
"
replacement,"n. 归还, 更换, 代替者
"
container,"n. 容器, 集装箱
"
margin,"n. 页边的空白, 边缘, 界限, 余裕, 差数, 差额, 保证金
vt. 加边于, 加旁注于
"
wedding,"n. 婚礼, 结婚, 结婚周年纪念日, 结合
"
satellite,"n. 人造卫星
"
assistance,"n. 协助, 援助
"
reverse,"n. 相反, 背面, 倒退, 挫折, 失败
a. 反面的, 相反的, 反向的, 颠倒的
vt. 使颠倒, 使逆转, 使倒退, 使反向
vi. 倒退, 反向, 倒转, 反转
"
awful,"a. 可怕的, 庄严的, 虔敬的"
appeal,"n. 恳求, 诉请, 上诉, 吸引力
vi. 呼吁, 诉请, 要求, 上诉, 有吸引力
vt. 将...上诉"
agriculture,"n. 农业
"
oil,"n. 油, 石油, 油画颜料
vt. 涂油于, 使融化成油状, 加油于
vi. 加燃油, 融化"
anger,"n. 忿怒
vt. 激怒, 使发怒
vi. 发怒"
pop,"n. 砰然声, 枪击, 含气饮料, 流行音乐, 通俗艺术
a. 流行的, 热门的, 通俗的
vt. 使发出爆裂声, 开枪打, 突然伸出
vi. 发出爆裂声, 射击, 突然出现, 瞪大
adv. 突然, 砰地
"
delay,"n. 耽搁, 迟滞
v. 耽搁, 延迟
"
Olympic,"a. 奥林匹亚的, 奥林匹斯山的, 强有力的, 巨大的"
have strong hearts and lungs,无
perfect,"n. 完成时
a. 完美的, 完好的, 理想的, 熟练的, 精确的, 完成式的
vt. 使完美, 修改, 使精通, 改善, 使熟练"
suitable,"a. 适当的, 相配的
"
dial,"n. 刻度盘, 钟面, 转盘
v. 拨"
sting,"n. 叮, 刺痛, 刺激, 讽刺
vt. 叮, 刺痛, 刺激, 使苦恼
vi. 叮, 刺痛"
scandal,"n. 丑闻, 中伤, 耻辱, 反感, 流言蜚语
"
sponsor,"n. 保证人, 赞助者, 发起者, 倡议者, 教父
vt. 发起, 赞助, 倡议"
alternative,"n. 两者择一, 供替代的选择
a. 两者择一的, 供选择的
"
uncomfortable,"a. 不舒服的, 不自在的, 不安的"
relevant,"a. 有关联的, 有关系的, 适当的, 相应的
"
beautiful,a. 美丽的
chocolate,"n. 巧克力
a. 巧克力制的"
percent,"n. 百分比, 百分数, 部分
"
nurse,"n. 护士, 保姆, 奶妈
vt. 看护, 照顾, 培养
vi. 喂奶, 看护病人"
companion,"n. 朋友, 陪伴, 指南, 升降口围罩
vt. 陪伴"
usage,"n. 用法, 使用, 习惯, 惯用法, 习惯法
"
strength,"n. 力量, 实力, 强度, 浓度, 人数, 抵抗力
"
relief,"n. 减轻, 解除, 救济, 安慰, 调剂, 浮雕, 换班, (地势的)起伏
"
hunt,"n. 狩猎, 追捕, 搜寻, 猎区
vt. 狩猎, 打猎, 搜索
vi. 打猎, 猎食, 搜寻"
emperor,"n. 皇帝, 君主"
king,"n. 国王, 君主
vt. 使...成为君主
vi. 君临, 统治"
sign,"n. 符号, 招牌, 征兆, 正负号, 手势
vt. 签名, 打手势表达
vi. 签名
"
mile,"n. 英里, 很大距离
"
accuracy,"n. 精确, 正确
"
precision,"n. 精密, 精确, 精确度, 精度
a. 精密的, 精确的
"
appointment,"n. 约会, 委任的职位, 委派
"
pleasant,"a. 愉快的, 可爱的, 活泼的, 亲切的"
steering,"n. 掌舵, 操纵, 指导"
website,n. 网站（全球资讯网的主机站）
influence,"n. 影响力, 权力, 势力
vt. 影响, 改变"
instruct,"vt. 教, 教育, 命令, 通知
"
kilogram,"n. 千克, 公斤
"
disposal,"n. 丢掉, 处理, 排列, 销毁, 布置
"
illegal,"a. 违法的, 不合规定的
"
mine,"n. 矿, 矿藏, 地雷
vt. 挖掘, 开采, 在...布雷, 破坏
vi. 开矿, 埋设地雷
pron. 我的"
television,"n. 电视
"
magnificent,"a. 华丽的, 高尚的, 宏伟的"
season,"n. 季节, 时节, 当令期, 时期
vt. 给...调味, 使成熟, 使老练, 缓和
vi. 变干燥"
measure,"n. 尺寸, 量度器, 量度标准, 测量, 量具, 程度, 范围, 限度, 分寸, 措施, 方法
vt. 测量, 测度, 估量, 权衡, 调节, 拿(自己或自己的力量等)作较量
vi. 度量"
Drama Festival,无
beard,"n. 胡须
vt. 抓住胡须, 公开反对"
moustache,"n. 髭, 小胡子, 触须"
decline,"n. 衰退, 跌落, 下降
vt. 使降低, 婉谢
vi. 下降, 衰落, 偏斜"
shoplifter,n. 商店扒手
beauty,"n. 美, 美人"
rider,"n. 骑手, (文件后的)附件, 扶手
"
mood,"n. 心情, 气氛, 生气, 基调
"
westerner,"n. 西方人, 西洋人"
floor,"n. 地板, 楼层, 底部, 底价
vt. 铺地板, 打倒
n. 地面, 地板, 基底
"
initial,"n. 字首, 首字母
a. 开始的, 最初的, 字首的
vt. 用姓名的首字母签名"
scale,"n. 刻度, 衡量, 比例, 比例尺, 数值范围, 等级, 规模, 天平, 秤, 鳞, 积垢
vt. 依比例决定, 攀登, 测量, 绘制, 刮鳞, 使生垢, 过秤
vi. 剥落, 生水垢, 重量为, 攀登, 衡量
"
sculpture,"n. 雕刻, 雕塑
vt. 雕刻, 雕塑
vi. 当雕刻师"
carve,"v. 雕刻, 切开"
engrave,"vt. 刻上, 雕刻, 铭记"
serial,"n. 分期连载作品, 连载小说
a. 连续的, 一连串的, 连载的, 分期偿还的
"
network,"n. 网络, 广播网, 网状物
"
badge,"n. 徽章, 标记
"
channel,"n. 海峡, 航道, 频道
vt. 引导, 在...上挖沟, 形成河道
"
raw,"n. 擦伤处, 半成品
a. 生的, 未加工的, 生疏的, 不成熟的, 阴冷的, 刺痛的, 擦掉皮的
vt. 擦伤
"
river,"n. 河, 江
"
self-defense, [体]自卫
stressful,"a. 着重, 强调, 重读, 使受应力"
legal,"a. 法律的, 法定的, 合法的
"
reinvest,"vt. 再投资于, 再授给
"
little-known, 不为人知的; 名不见经传
seating capacity,[法] 载客人数
cross passage,无
running tunnel,区间隧道
filter,"n. 滤波器, 过滤器, 滤光器, 过滤嘴, 去尘器
vt. 过滤, 渗透, 走漏
vi. 滤过, 渗入
"
rank,"n. 等级, 排, 横列, 队伍, 阶级
a. 茂密丛生的, 恶臭的, 十足的, 粗俗的
vt. 排列, 归类于, 把...分等
vi. 列为, 列队
n. 秩
"
non-active, 稳定的
concentration,"n. 集中, 专心
"
microchip,"n. 微型集成电路片, 微片, 芯片
"
automobile,"n. 汽车
"
exposition,"n. 阐述, 讲解, 说明, 博览会, 展览会
"
monitor,"n. 监督器, 级长, 监听员, 班长, 监视器, 告诫物
v. 监视, 监听, 监督
"
brick,"n. 砖块, 积木
a. 用砖做的
vt. 用砖造, 用砖砌"
flood,"n. 洪水, 大量之水, 涨潮
vt. 淹没, 使泛滥, 注满
vi. 被淹, 溢出, 涌进"
suntan block,无
altitude,"n. 高度, 海拔, 高处
"
drum,"n. 鼓, 鼓声
vi. 击鼓, 作鼓声
vt. 打鼓奏出
"
concert,"n. 音乐会, 和声, 一致
vt. 协力, 协调
vi. 协力
"
stretching,"[机] 伸展作业, 锻伸作业"
mat,"n. 垫, 丛, 衬边
a. 粗糙的, 无光泽的
vi. 纠缠在一起
vt. 铺席于...上, 使无光泽, 使缠结"
head office,"总公司
"
computer programmer,
attitude,"n. 态度, 看法, 姿势
"
strict control, 严格控制
sector,"n. 扇形, 部门, 部分, 函数尺, 象限仪, 段, 区段
vt. 把...分成扇形
"
digital system,[电] 数位系统
preservation,"n. 保存, 保藏, 保护
"
fan,"n. 风扇, 迷, 狂热者, 爱好者
vt. 煽动, 刺激, 吹拂
vi. 飘动, 成扇形散开"
radar,"n. 雷达, 无线电探测器
"
storage space, 仓库面积，堆栈面积，储藏室
calculating,"a. 计算的, (贬)专为自己打算的, 深谋远虑的
"
simulation,"n. 模拟, 假冒物, 模仿
"
litre,"n. 升, 公升
"
collection tank, 集污舱
decade,"n. 十年, 十"
accountable,"a. 负有责任的, 可说明的, 可解释的
"
private property,[经] 私有财产
philosopher,"n. 哲学家, 哲人, 思想开创人, 达观的人
"
corrupt,"a. 腐败的, 贪污的, 讹误充斥的
vt. 使腐烂, 腐蚀, 使恶化
vi. 腐烂, 堕落"
morality,"n. 道德, 教训, 品行
"
ethic,"n. 道德规范, 伦理"
general election,"普选
"
manufacture,"n. 产品, 制造
vt. 制造, 假造
vi. 制造"
evolution,"n. 进化, 发展, 进展, (气体)放出, 开方
"
reproduce,"v. 繁殖, 再生, 复制, 生殖
"
double-grill,无
heat indicator,温度计
buried,a. 埋葬的；[地]埋藏的
power company, 电力公司
battery,"n. 电池, 殴打
"
tide,"n. 潮, 潮汐, 趋势, 潮流, 涨潮, 高潮
vt. 使随潮漂流
vi. 顺潮行驶"
hearing,"n. 听, 听觉, 听讯
"
moderate,"a. 适度的, 稳健的, 中等的, 节制的
vt. 节制, 减轻, 使缓和
vi. 变缓和, 主持会议"
cost effective,
shade,"n. 荫, 阴暗, 遮光物, 灯罩, 帘, 浓淡, 微量, 底纹
vi. 渐变
vt. 使阴暗, 使渐变, 遮蔽, 微减
"
climate,"n. 气候, 社会趋势, 气候区
"
flooding,"n. 充溢, 泛滥, 血崩
"
number,"n. 数, 数字, 数目, 号码
vt. 数, 计算, 共计
vi. 计算, 报数
"
zero,"n. 零, 零点, 零度, 无, 乌有, 最低点
a. 零的, 没有的
vt. 调零, 对(炮火等)作协调校正
"
nought point eight,无
four nil,无
foot,"n. 脚, 步调, 英尺, 底部, 末尾, 步兵
vt. 走在...上, 给...换底, 支付
vi. 跳舞, 步行, 总计"
quarter,"n. 四分之一, 一刻钟, 季度, 地区
vt. 四等分, 肢解
vi. 驻扎, 住宿"
plus,"prep. 加上, 加, 外加
a. 正的, 附加的
n. 正号, 加号, 附加额, 正数, 增益
"
minus,"n. 负号, 不足
a. 减的, 负的, 阴性的
prep. 减, 缺
"
times,"n. 时代, 境遇, 时报"
divided by,[网络] 除以；再除以；红号除以
equals,n. （地位、实力等）相同或相等的人；对手；相等物（equal的复数形式）
time,"n. 时间, 时侯, 时机, 时期, 期限, 次数, 节拍, 暂停, 规定时间
vt. 测定...的时间, 记录...的时间, 计时, 定时
a. 时间的, 记时的, 定时的, 定期的, 分期的
"
second,"n. 秒, 瞬间, 第二名, 支持者, 助手
a. 第二的, 其次的, 次要的, 附加的, 辅助的
num. 第二
vt. 当...助手, 支持"
minute,"n. 分, 分钟, 片刻, 备忘录, 笔记
vt. 记录, 摘录, 测定时间
a. 微小的, 详细的"
hour,"n. 小时, 钟头, 时间, ...点钟, 课时"
day,"n. 天, 日子, 白天, 工作日
"
year,"n. 年, 年度, 年龄
"
month,"n. 月
"
week,"n. 星期, 周"
season,"n. 季节, 时节, 当令期, 时期
vt. 给...调味, 使成熟, 使老练, 缓和
vi. 变干燥"
weekday,"n. 周日, 平日
"
weekend,"n. 周末, 周末休假"
period,"n. 时期, 节段, 节, 句点, 学时, 周期
a. 当时特有的, 过去某段时期的
interj. 就是这话, 就是这么回事"
starting,"n. 开端, 开始, 出发, 起动, 开动
"
current,"n. 涌流, 趋势, 流
a. 流通的, 现在的, 当前的, 流行的
"
originally,"adv. 本来, 原来, 最初, 就起源而论, 独创地"
birth,"n. 出生, 起源
"
future,"n. 未来, 将来
a. 将来的, 未来的"
present,"n. 现在, 礼品, 瞄准
a. 现在的, 出席的
vt. 介绍, 引见, 赠送, 提出, 呈现, 上演
vi. 举枪瞄准"
duration,"n. 持续时间, 持续
"
fortnight,n. 两星期
four nights,无
nationality,"n. 国籍, 国家, 民族性
"
America,"n. 美洲, 美国"
Australia,"n. 澳洲, 澳大利亚"
Britain,n. 英国
Canada,n. 加拿大
China,"n. 中国, 瓷器
a. 中国的"
Egypt,n. 埃及
England,[网络] 英国
France,n. 法国
Germany,n. 德国
Greece,n. 希腊
India,n. 印度
Italy,n. 意大利
Japan,"n. 日本
"
Malaysia,"n. 马来西亚
"
Russia,"n. 俄国, 俄罗斯
"
Scotland,n. 苏格兰
Spain,n. 西班牙
music instrument,乐器
guitar,n. 吉他
piano,n. 钢琴
continent,"n. 大陆, 洲
a. 自制的"
Asia,n. 亚洲
Asian,"n. 亚洲人
a. 亚洲的, 亚洲人的"
Europe,n. 欧洲
European,"n. 欧洲人
a. 欧洲的, 欧洲人的"
Africa,n. 非洲
African,"n. 非洲人
a. 非洲的, 非洲人的"
America,"n. 美洲, 美国"
American,"n. 美国人
a. 美国的, 美洲的"
Oceania,n. 大洋洲
Oceanian,a. 大洋洲的
Southeast Asia,[网络] 东南亚；东南亚州酒店；东南亚村
North America,北美洲
South America,南美
South Africa,南非
North Africa,"n. 北非
"
city,"n. 城市, 市
"
Sydney,n. 悉尼（澳大利亚港市）
Athens,n. 雅典(希腊首都)
York,n. 约克郡；约克王朝
Berlin,[网络] 柏林
Melbourne,n. 墨尔本
London,[网络] 伦敦；英文单词伦敦；五环及英文单词伦敦
Bristol,n. 布里斯托尔(英国西部港口)
Alaska,n. 阿拉斯加州
Washington,[网络] 华盛顿
direction,"n. 方向, 指导, 趋势
"
north,"n. 北方, 北
a. 北的, 北方的
adv. 向北方, 在北方"
northern,"n. 北方人
a. 北方的, 向北的, 自北方来的"
south,"n. 南方, 南
a. 南的, 向南的
adv. 在南方
vi. 转向南方"
southern,"n. 南方人, 男风
a. 向南方的, 来自南方的"
west,"n. 西方, 西部
a. 西方的, 向西的
adv. 向西, 自西方, 在西方"
western,"n. 西方人, 西部片, 西部小说
a. 向西方的, 来自西方的, 西方的, 西洋的, 西部的"
east,"n. 东方, 东
a. 东方的, 向东的
adv. 向东方, 朝东方"
eastern,"n. 东方人, 东正教徒
a. 东方的, 向东的, 自东的"
southeast,"n. 东南, 东南地区
a. 东南的, 向东南的, 来自东南的
adv. 往东南, 来自东南"
northeast,"n. 东北
a. 东北的, 向东北的, 来自东北的
adv. 向东北, 来自东北"
southwest,"n. 西南, 西南方, 西南地区
a. 西南的, 来自西南方的
adv. 往西南, 来自西南"
northwest,"n. 西北, 西北方
a. 西北的, 在西北的, 来自西北的
adv. 向西北"
ocean,"n. 海洋, 广阔, 许多, 一大片
"
Pacific Ocean,太平洋
Atlantic Ocean,大西洋
Indian Ocean,"印度洋
"
Arctic Ocean,北冰洋
Antarctica,n. 南极洲
little-known, 不为人知的; 名不见经传
food processing,食品加工;食品热杀菌
domestic,"a. 家庭的, 国内的, 驯养的
"
expo,"[经] 展览会, 市集, 义卖"
exposition,"n. 阐述, 讲解, 说明, 博览会, 展览会
"
world expo,n. 世界博览会，简称，世博会
nutrition,"n. 营养, 营养学
"
promotion,"n. 晋级, 创建, 增进
"
camel,"n. 骆驼, 打捞浮筒"
seasonal,"a. 季节的, 依照季节的, 周期性的
"
olive oil,"橄榄油
"
slave,"n. 奴隶, 从动装置, 卑鄙的人
vi. 拼命工作
"
herd of cattle,无
maturity,"n. 成熟, 完备, 到期
"
perfume,"n. 香水, 香气, (悦人的)气氛, 美名
vt. 洒香水于, 薰香, 使充满香气"
workforce,"n. 劳动力；工人总数, 职工总数"
gallery,"n. 走廊, 最高楼座, 画廊, 收集, 图库
"
film studio,电影制片厂
fire drill,消防演习
morality,"n. 道德, 教训, 品行
"
pedestrian,"n. 行人, 步行者
a. 人行的, 徒步的, 呆板的, 通俗的, 平淡无奇的"
science fiction," 科幻, 科学幻想小说; 科幻小说"
electronic dictionary,[计] 电子字典
code,"n. 代码, 密码, 法规, 法典
vt. 把...编码
"
powerpoint,n. 微软办公软件
rocket,"n. 火箭, 烟火
vi. 急升, 猛涨, 飞驰
vt. 用火箭运载"
planet society,无
video signal,[计] 视频信号
class representative,无
leak,"n. 漏洞, 漏处, 漏出, 泄漏
vi. 漏, 泄漏
vt. 使渗漏"
freezer,"n. 冰库, 冰箱, 冷冻库"
ice pack,[医] 冰裹法
