abase,"vt. 降低...的地位, 降低...的品格, 贬抑, 使谦卑"
abdicate,"vt. 正式放弃
vi. 退位, 退出, 辞职"
abolition,"n. 废除, 废奴运动
"
abreast,"adv. 并肩地, 并列地"
abstain,"vi. 自制, 戒绝, 弃权, 回避"
accede,"vi. 同意, 正式加入, 就任, 继任"
additive,"a. 添加的, 附加的, 加法的, 累积的
n. 添加物"
adept,"a. 熟练的, 老练的, 巧妙的
n. 能手, 内行"
aeronautics,"n. 航空学, 飞行术
"
affinity,"n. 吸引, 姻亲关系, 类同
"
airborne,"a. 升空的, 空运的, 空中传播的, 空降的"
akin,"a. 同类的, 同族的, 同源的"
allegation,"n. 断言, 主张, 申辩
"
allergic,"a. 对...过敏的, 极反感的
"
allot,"vt. 分配, 分摊指定
"
amber,"n. 琥珀, 琥珀色
a. 琥珀色的, 琥珀似的"
amphibian,"a. 两栖类的, 水陆两用的
n. 两栖动物, 水旱两生植物, 水陆两用飞机"
anabolism,"n. 合成代谢
"
anarchism,"n. 无政府主义
"
anatomy,"n. 剖析, 解剖学, 骨骼, 结构
"
anew,"adv. 重新, 再"
annex,"n. 附加物, 附属建筑物
vt. 附加, 盖(印), 并吞"
antagonist,"n. 敌手, 对手
"
anthropological,"a. 人类学的, 人类学上的"
anthropology,"n. 人类学
"
antibacterial,"a. 抗菌的
n. 抗菌剂"
appraise,"vt. 评价, 估价
"
apprehensive,"a. 惴惴不安的, 敏悟的, 知晓的"
aquatic,"n. 水生动物, 水生植物
a. 水生的, 水中的, 水上的"
archaeologist,n. 考古学家
arduous,"a. 费力的, 努力的, 险峻的"
arid,"a. 干燥的, 不毛的"
artifice,"n. 诡计, 技巧, 巧妙"
artillery,"n. 火炮, 炮兵, 炮术
"
arthritis,"n. 关节炎
"
ascribe,"vt. 归因于, 归咎于
"
aspiration,"n. 热望, 志向, 渴望
"
aspirin,"n. 阿斯匹林
"
assent,"n. 赞成
vi. 同意"
assort,"vt. 把...分类, 把...归为一类
vi. 协调, 交往"
astrology,"n. 占星术, 占星学"
astrophysicist,n. 天体物理学家
attentively,"adv. 注意地, 留心地"
authorize,"vt. 授权, 批准, 委托
"
avenge,"vt. 为...报复, 报仇"
backbone,"n. 脊椎, 志气, 骨干, 支柱
"
backdrop,"n. 背景幕, 背景"
baffle,"vt. 困惑, 为难, 使挫折
vi. 徒作挣扎
n. 迷惑, 挡板"
bakery,n. 面包店
barrenness,"n. 贫瘠, 不妊, 不孕, 不生育, 不毛, 荒芜, 思想贫乏, 空洞, 无用, 无聊
"
barter,"n. 物物交换, 实物交易
v. 物物交换, 交换"
berry,"n. 浆果
vi. 采集浆果"
besiege,"vt. 围攻, 包围"
biomedical,a. 生物医学
blanch,"vt. 漂白, 使变白
vi. 发白"
bland,"a. 温和的, 乏味的, 冷漠的
"
blockade,"n. 阻塞
vt. 封锁"
blockage,"n. 封锁, 妨碍
"
blot,"n. 污点, 墨水渍
vt. 乱涂, 使模糊, 吸干
vi. 弄上墨渍, 吸墨水"
bluff,"n. 断崖, 绝壁, 吓唬
a. 直率的
v. 吓唬, 欺骗"
bombard,"vt. 炮击, 攻击, 轰击
n. 射石炮"
bravery,n. 勇敢
breakout,"n. 爆发, 越狱, 突围
"
breakthrough,"n. 突破
"
brood,"n. 一窝, 一伙
vt. 孵, 沉思"
brotherhood,"n. 手足情谊, 兄弟关系"
Buddhist,"n. 佛教徒
a. 佛教的"
bust,"n. 半身像, 胸部, 失败, 殴打
vt. 使爆裂, 使破产
vi. 爆裂, 破产
"
by-product, 副产品，副产物
calamity,"n. 灾难, 不幸事件"
calculus,n. 结石；微积分学
calf,"n. 小牛, 小牛皮, 腓肠
"
caption,"n. 说明, 字幕, 标题
vt. 加上标题, 加上说明
"
carefree,"a. 无忧无虑的, 不负责的"
catalyze,"vt. 催化, 促进, 刺激
"
cataract,"n. 大瀑布, 奔流, 暴雨, 白内障
"
causal,"a. 原因的, 因果关系的, 表示原因或理由的
n. 表示原因的连词"
censor,"n. 检查员
vt. 检查, 审查, 删改"
centralization,"n. 集中, 中央集权化
"
championship,"n. 冠军身份, 冠军称号, 捍卫"
chargeable,"a. 应支付的
"
cheery,a. 愉快的
chimpanzee,"n. 黑猩猩
"
cholesterol,"n. 胆固醇
"
chromosome,"n. 染色体
"
chunk,"n. 大块, 矮胖的人(或物)
"
circulation,"n. 流通, 循环, 发行量
"
clique,"n. 派系, 集团
vi. 结党
"
coffin,"n. 棺材, 灵柩
vt. 把...装进棺材"
cog,"n. 嵌齿, 小船
vt. 给...装配齿轮, 欺骗"
colossal,"a. 巨大的, 巨像似的"
comeback,"n. 复原, 复辟, 复位, 尖刻的对答, 抱怨的原因
"
competence,"n. 胜任, 职称, 能力
"
complexion,"n. 肤色, 情况, 局面
"
compliance,"n. 遵从, 顺从, 屈从
"
compulsion,"n. 强迫, 强制
"
confound,"vt. 使混淆, 使狼狈, 挫败"
congestion,"n. 拥挤, 充血
"
connotation,"n. 含蓄, 内涵"
consequent,"n. 随后发生的事情, 结果
a. 作为结果的, 合乎逻辑的"
conserve,"n. 蜜饯, 果酱
vt. 保存, 使(能量等)守恒"
consul,"n. 领事, 执政官
"
contention,"n. 争论, 争辩, 所持的论点
"
coral,"n. 珊瑚, 珊瑚色
"
corporate,"a. 社团的, 合伙的, 公司的
"
corpse,"n. 尸体
"
corrosive,"a. 腐蚀的, 腐蚀性的, 有害的
n. 腐蚀物, 腐蚀剂"
counterbalance,"vt. 使平均, 使平衡, 使弥补
n. 平衡量, 平衡力, 势均力敌"
coverage,"n. 覆盖的范围, 保险总额, 新闻报导
"
cram,"vt. 塞满, 填满, 猛吃
vi. 贪吃
n. 极度拥挤, 死记硬背"
crater,"n. 火山口, 环行山, 弹坑
"
credible,"a. 可信的, 可靠的
"
Danube,n. 多瑙河
dearth,"n. 缺乏, 粮食不足, 饥馑"
debase,"vt. 贬低, 降低"
debris,"n. 碎片, 残骸
"
decode,"vt. 解码, 译解
"
degrade,"v. (使)降级, (使)退化"
delinquency,"n. 行为不良, 失职
"
demographer,n. 人口统计学家
depletion,"n. 消耗, 耗尽, 放血
"
depreciate,"vi. 贬值
vt. 降价, 贬低"
detrimental,a. 有害的
devalue,"vt.vi. 降低...的价值, 贬值, 降低价值, 使(货币)贬值
"
devour,"vt. 吞食, 挥霍, 吞没"
discerning,"a. 有眼力的, 敏锐的, 有辨别能力的, 有洞察力的"
disparaging,"a. 蔑视的, 轻视的, 毁谤的"
dispassionate,"a. 冷静的, 不带感情的"
disproportionate,a. 不成比例的
disregard,"n. 忽视, 漠视
vt. 忽视, 不顾"
disseminate,"vt. 散播, 传播, 宣传
vi. 广为传播"
diverge,"vi. 分歧, 岔开
vt. 使岔开"
divergent,"a. 有分歧的
"
diversify,"vt. 使多样化, 使变化"
dormant,"a. 睡眠状态的, 静止的
"
downscale, 缩减…规模
downshifting,转换低速
downsizing,[计] 小型化
drudgery,"n. 苦差事, 苦工"
dynamics,"n. 动力学
"
egalitarian,"a. 平等主义的
n. 平等主义"
elude,"vt. 逃避, 规避, 把...难倒"
emancipate,"vt. 释放, 解放"
ember,"n. 灰烬, 余烬"
emulation,"n. 效法, 竞争
"
encompass,"vt. 围绕, 完成, 包括, 包含, 环绕, 包围"
encroach,"vi. 侵犯, 侵蚀, 蚕食
"
engrave,"vt. 刻上, 雕刻, 铭记"
entangle,"vt. 使纠缠, 卷入, 使混乱"
entreat,"v. 恳求, 乞求"
entrust,"vt. 信托, 交托, 委托
"
envision,"vt. 想象, 预想"
enzyme,"n. 酶
"
epithet,"n. 浑名, 绰号, 称号"
espionage,"n. 间谍活动
"
euthanasia,"n. 安乐死
"
excavate,"v. 挖空, 挖出, 凿通"
excavation,"n. 挖掘, 发掘, 挖掘的洞
"
expedite,"vt. 加快, 促进, 发出
a. 畅通的, 无阻碍的, 迅速的, 方便的"
facial,"n. 美颜, 脸部按摩
a. 脸的, 表面的, 脸部用的"
fallacy,"n. 错误的观念(或信念), 谬见, 谬论
"
fallout,"n. 原子尘的降下, 辐射性微尘, 原子尘, 附带结果
"
fanatic,"n. 狂热者, 盲信
a. 狂热的, 盲信的"
farfetched,"a. 牵强的, 靠不住的, 乱七八糟的"
fascism,"n. 法西斯主义, 极端国家主义"
federation,"n. 联邦, 联合, 联盟
"
feminist,n. 男女平等主义者
feverishly,adv. 兴奋地
fissure,"n. 裂缝, 裂沟
v. (使)裂开, (使)分裂"
flake,"n. 小薄片, 扁薄的一层, 火星, 晒鱼架子
vt. 使成薄片
vi. 剥落"
flick,"n. 快速的轻打, 轻打声, 弹开
v. 轻弹, 轻轻拂去, 忽然摇动"
flicker,"n. 闪烁, 闪光, 颤动
vi. 闪动, 闪烁, 摇动, 扑动翅膀
vt. 使摇曳, 使闪烁"
flip,"vt. 掷, 弹, 轻击, 空翻
vi. 用指轻弹, 抽打, 蹦跳
n. 抛, 弹, 筋斗
a. 无礼的
"
flowery,"a. 多花的, 绚丽的, 华丽的"
flutter,"n. 摆动, 鼓翼, 烦扰
vi. 摆动, 鼓翼, 烦扰
vt. 拍(翅), 使焦急
"
foe,"n. 仇敌, 反对者, 敌人, 对手"
foresighted,"a. 有先见之明的, 深谋远虑的"
frenzy,"n. 疯狂, 狂暴, 狂怒
"
frigid,"a. 寒冷的, 严寒的, 冷淡的
"
fungus,"n. 真菌, 真菌类植物
"
fury,"n. 愤怒, 狂暴, 狂怒的人
"
futurism,n. 未来派
futurist,"n. 未来派画家, 未来主义者"
futurologist,n. 未来学家
geophysical,a. 地球物理学的
gizmo,"n. 小发明, 小玩意儿"
glamor,"n. 魅力, 迷人的美, 魔法
vt. 迷惑"
glamour,"n. 魅力, 迷人的美, 魔法
vt. 迷惑"
gland,"n. 腺, 密封套
"
gratify,vt. 使满足
gravel,"n. 砂砾, 碎石
"
groove,"n. 凹槽, 惯例, 理想境况
vt. 开槽于"
growl,"n. 吠声, 咆哮声
v. 怒吠, 咆哮, 吼"
guardian,"n. 看守者, 监护人, 保护人
a. 保护的"
gunpowder,"n. 火药
"
hack,"n. 劈, 砍, 砍痕, 出租车, 干咳, 晒架, 鹤嘴锄
vt. 劈, 砍, 出租, 用旧
vi. 劈, 砍, 干咳, 驾驶出租车
a. 出租的"
hallucination,"n. 幻觉, 幻想
"
halo,"n. 晕轮, 光圈, 晕状物, 荣光
vt. 使有晕轮, 围以光环
vi. 成晕轮"
harass,"vt. 使困扰, 使烦恼, 折磨"
haunt,"n. 常到的地方, 生息地
vt. 常到, 出没于, 萦绕于
vi. 出没, 作祟"
headshot, 拍摄头部
hectare,"n. 公顷
"
heed,"n. 注意, 留心
v. 注意, 留心"
helix,"n. 螺旋, 螺旋状物, 耳轮
"
highbrow,"n. (自以为)文化修养高的人, 卖弄知识的人
a. 自炫博学的, 知识分子的, 不切实际的"
hockey,"n. 冰球, 曲棍球"
homicide,"n. 杀人, 杀人者
"
honesty,"n. 诚实, 公正, 正直"
horticulture,n. 园艺
hospice,"n. 旅客住宿处, 收容所"
hospitable,"a. 好客的, 招待周到的"
husbandry,"n. 农事, 饲养业, 家政"
hydroelectric,"a. 水力电气的
"
hysteria,"n. 歇斯底里症, 不正常的兴奋, 癔病
"
iceberg,"n. 冰山, 冷冰冰的人"
icon,"n. 画像, 肖像, 偶像, 图标, 像标
"
impel,"vt. 推动, 激励, 驱使, 迫使"
impersonal,"a. 客观的, 和个人无关的, 没有人情味的, 非人称的
n. 非人称动词(或代词)"
impinge,"vi. 撞击, 起作用, 侵犯
vt. 撞击"
impoverished,"a. 穷困的, 无力的,用尽了的"
imprint,"vt. 印, 铭刻
n. 印, 印记, 特征, 痕迹, 版本说明"
imprison,"vt. 使下狱, 关闭, 拘禁, 限制
"
improper,"a. 不合适的, 错误的, 不成体统的, 不道德的
"
inborn,a. 天生的；先天的
inbuilt,a. 内藏的；嵌入的；内置的
inclination,"n. 倾向, 趋向, 倾斜度, 点头
"
incoming,"a. 进来的, 刚开始的, 新来的
n. 进来"
incomplete,"a. 不完全的, 未完成的, 不完善的
"
indistinct,"a. 不清楚的, 朦胧的, 难以清楚辨认的"
ineptly,"adv. 不适当, 不符合要求, 不恰当, 不合场面, 笨拙, 愚蠢, 无能, 不称职"
inexorable,"a. 无情的, 冷酷的"
infection,"n. 传染, 影响, 传染病
"
infest,"vt. 骚扰, 寄生于, 大批出没
"
infuriate,"a. 狂怒的
vt. 激怒"
innate,"a. 先天的, 天生的
"
innovate,"vi. 改革, 创新"
insane,"a. 患精神病的, 极愚蠢的
"
insidious,"a. 隐伏的, 阴险的, 狡猾的
"
intake,"n. 入口, 吸入, 吸入量
"
intent,"n. 意图, 含义, 故意
a. 专心的, 决心的, 热心的"
interplay,"n. 互相作用, 互相影响
vi. 互相作用"
interlocking,"a. 连锁的
"
intranet,n. [计]内联网；企业内部网
inventive,"a. 善于创造的, 发明的"
invoice,"n. 发票, 发货单
v. 开发票, 记清单"
irrigation,"n. 灌溉, 冲洗
"
itinerary,"n. 旅程, 旅行指南, 游记
a. 巡回的, 旅程的"
jeer,"n. 嘲笑, 讥讽, 戏弄
v. 嘲弄, 揶揄, 戏弄"
Jew,"n. 犹太人, 守财奴, 犹太教信徒
vt. 欺骗, 杀价"
juggle,"vi. 玩戏法, 行骗, 篡改
vt. 耍弄, 歪曲, 篡改
n. 玩戏法, 魔术, 欺骗"
keyword,[计] 关键字
kindle,"vt. 点燃, 使着火, 引起, 照亮
vi. 着火, 激动, 发亮"
laborsaving,"a. 节省劳力的, 省力气的"
laid-off,[经] 被解雇的
lavish,"a. 大方的, 丰富的, 浪费的
vt. 浪费, 滥用, 慷慨给予"
lawsuit,"n. 诉讼
"
legible,"a. 清晰的, 易读的"
ligament,"n. 结带, 纽带, 韧带
"
light-year,n. 光年
limpid,"a. 清澈的, 透明的, 平静的"
livelihood,"n. 生计, 营生, 生活"
lobster,n. 龙虾
lookout,"n. 注意, 前途, 了望台, 景色
"
maize,"n. 玉蜀黍, 黄色
a. 玉蜀黍色的, 黄色的"
majestic,"a. 宏伟的, 庄严的"
makeup,"n. 组成, 性格, 化妆品, 化装(术), 虚构, 补考"
mania,"n. 狂躁, 热衷, 狂热
"
manicurist,n. 修指甲师
mantle,"n. 斗篷, 罩子, 披风
vt. 罩住, 覆盖
vi. 覆盖, 脸红"
Mars,[网络] 马尔斯
matchmaker,"n. 火柴制造者, 媒人, 安排比赛的人"
media,"n. 媒体
"
mediate,"a. 居间的, 间接的
vt. 斡旋, 调停
vi. 处于中间, 调解"
Medicare,"n. 医疗照顾方案, 医疗照顾项目
"
medication,"n. 药物治疗, 药物处理, 医药
"
mediocrity,"n. 平常, 平庸之才"
merrymaking,n. 作乐
methodology,"n. 方法学, 方法论
"
microprocessor,"n. 微处理器
"
mighty,"n. 有势力的人
a. 有势力的, 强大的, 有力的
adv. 很, 极"
milestone,"n. 里程碑, 里程石, 里程标"
millennium,"n. 千禧年, 一千年"
misguided,a. 被误导的
misuse,"n. 误用, 滥用
vt. 误用, 滥用, 虐待"
modem,"n. 调制解调器
"
modulate,"vt. 调整, 使转调, 控制
vi. 转调, 调制"
monarchy,"n. 君主政体, 君主国, 君主政治
"
monk,"n. 修道士, 僧侣, 和尚"
monoglot,a. & n.使用单一语言的(人)
morphine,"n. 吗啡
"
mortify,"vt. 抑制, 苦修, 使受辱
vi. 禁欲, 苦修"
motorist,"n. 开汽车者, 驾车旅行的人"
motorway,n. 高速公路
mummy,"n. 木乃伊, 瘦而干瘪之人, 妈咪
"
mundane,"a. 现世的, 世俗的, 宇宙的"
Muslim,"n. 伊斯兰教, 伊斯兰教教徒"
muster,"n. 召集, 集合, 检阅, 清单, 花名册, 样品
vt. 召集, 集合, 应召
vi. 集合, 集中"
mutability,"n. 易变性, 性情不定
"
narrowly,"adv. 狭窄地, 严密地, 仔细地, 几乎不, 勉强地, 仅仅"
navigate,"vi. 航行
vt. 航行于, 驾驶, 操纵, 使通过"
Nazism,n. 纳粹主义
neon,"n. 氖
"
neurology,"n. 神经病学
"
neurologist,"n. 神经病学者, 神经科医师
"
newborn,"n. 婴儿
a. 新生的"
newsletter,"n. 时事通讯, 业务通讯, 时事传报
"
newsroom,"n. 新闻编辑部, 报刊阅览室, 售报处"
nicety,"n. 美好, 准确, 精密, 拘泥细节, 纤细"
noteworthy,"a. 值得注目的, 显著的"
oasis,"n. 绿洲, 舒适的地方
"
obsess,"vt. 迷住, 使困扰"
offshore,"a. 海面的, 吹向海面的, 近海的
adv. 向海面"
off-the-cuff,"即兴地, 非正式地"
olive,"n. 橄榄, 橄榄树, 橄榄色, 橄榄枝
a. 黄绿色的, 黄褐色的, 橄榄色的"
oncologist,n. 肿瘤学家；肿瘤医师
oncoming,"a. 接近的, 即将到来的, 新兴的
n. 来临"
online,[计] 联机
optimism,"n. 乐观主义, 乐观, 乐天
"
outburst,"n. 爆发, 突发, 破裂, 暴乱"
outcry,"n. 尖叫, 倒彩, 强烈抗议, 喊价
vi. 喊叫
vt. 叫得比...响"
outdated,"a. 旧式的, 落伍的, 过时的"
overrated,v. 对（质量、能力等）估价过高( overrate的过去式和过去分词 )
oversee,"vt. 向下看, 了望, 监督, 偷看到
"
overshadow,"vt. 遮阴, 使阴暗, 使失色, 使相形见绌, 使蒙上阴影"
painstaking,"n. 辛苦, 苦心, 工夫
a. 辛苦的, 勤勉的, 小心的"
paraphrase,"n. 释义, 解述, 改写
vt. 改写, 解述
vi. 释义, 意译"
passionate,"a. 热情的, 热烈的, 易怒的, 热恋的"
pathway,"n. 路径, 途径
"
patriarchal,"a. 家长的, 族长的, 由族长统治的
"
peddle,"vi. 挑卖, 沿街叫卖, 游荡, 闲混
vt. 叫卖, 兜售, 散播"
penguin,"n. 企鹅, 空军地勤人员"
penicillin,"n. 盘尼西林, 青霉素
"
periodic,"a. 周期的, 定期的, 间歇(性)的, 循环的, 用完整句的, 高碘的
"
perturbation,"n. 不安, 扰乱, 紊乱, 烦扰
"
pervasive,"a. 普遍的, 流行的, 到处蔓延的, 到处渗透的"
physique,"n. 体格, 体形
"
pigmentation,"n. 染色, 着色, 色素沉着, 天然颜色
"
plagiarize,"v. 剽窃, 抄袭"
plank,"n. 厚木板, 支架, 木板制品, 冲浪板, 救急物, 政纲条目
vt. 在...上铺板, 撂下, 立即付款"
popularity,"n. 名声, 受大众欢迎, 流行"
populist,n. 民粹派的成员
postulate,"n. 假定, 基本条件
vt. 要求, 假定"
prelude,"n. 前奏, 序幕, 序诗, 前奏曲
vi. 作为前奏
vt. 作为...的开头"
preservative,"a. 有助于保存的, 有保存力的
n. 预防药, 防腐剂"
primacy,"n. 第一, 首位, 卓越"
primal,"a. 主要的, 最初的, 原始的"
procure,"vt. 获得, 取得, 导致
vi. 拉皮条"
profess,"vt. 声称, 以...为业, 伪称, 讲授
vi. 表白, 承认, 当教授"
profuse,"a. 很多的, 丰富的, 浪费的, 慷慨的"
proliferate,"vi. 增殖, 激增, 扩散
vt. 使激增"
pronounced,"a. 发出音的, 读出来的, 显著的, 断然的, 明显的
"
proponent,"n. 建议者, 支持者
"
Protestant,"n. 新教徒
a. 新教的, 新教徒的"
psychedelic,"a. 引起幻觉的, 荧光的
n. 迷幻剂"
quadruple,"a. 四倍的, 四重的, 四部分组成的
n. 四倍
vt. 使成四倍
vi. 成为四倍"
query,"n. 疑问, 疑问号, 质问, 查询
v. 询问, 质问
"
quirk,"n. 古怪举动, 俏皮话, 急转"
ranch,"n. 大牧场
v. 经营牧场"
rating,"n. 等级, 额定功率, 责骂
"
rattlesnake,"n. 响尾蛇
"
raze,"vt. 毁灭, 刮去, 把...夷为平地, 消除, 抹去, 破坏"
ready-made,"[经] 现成的, 预先制好的"
rebound,"vi. 弹回, 返回, 产生事与愿违的结果
vt. 使弹回, 使返回
n. 反弹, 返回, 篮板球, 振作
rebind的过去式和过去分词"
red-hot, 红热
refrigerated,v. 冷藏( refrigerate的过去式和过去分词 ); 冷冻
regain,"vt. 取回, 恢复, 重回, 复得
"
relic,"n. 遗物, 遗迹, 纪念物, 遗风, 残留物"
renounce,"vt. 拒绝, 放弃, 否认, 垫牌
vi. 垫牌, 声明放弃权利
n. 垫牌"
residue,"n. 残渣, 剩余, 余数
"
resounding,"a. 响亮的, 轰动的"
revere,"vt. 崇敬, 敬畏, 尊敬"
rhythmical,"a. 有韵律的, 有节奏的
"
roadhog,n. 莽撞的司机；横冲直撞的驾驶员
road hog,"n. <美口>自私的司机, 鲁莽的驾驶员（因其开车行驶在道路中央）"
roam,"v. 漫游, 闲逛, 徜徉
n. 漫步, 漫游"
rustle,"n. 沙沙声, 瑟瑟声, 飒飒声, 急忙
vi. 发出沙沙声
vt. 使飒飒作响"
rut,"n. 辙迹, 凹槽, 常规, 惯例, 发情期
vi. 交尾, 发情
vt. 挖槽于"
saga,"n. 传说, 英雄传奇, 冒险故事"
sanitary,"a. 卫生的
n. 公共厕所"
sardine,n. 沙丁鱼
scapegoat,"n. 替罪羔羊, 替人顶罪者, 替身
"
schism,"n. 分裂, 分立, 分裂教会罪
"
sediment,"n. 沉淀物, 沉积
"
sensory,"a. 知觉的, 感觉的, 传递感觉的
"
sermon,"n. 说教, 启示, 布道"
selective,"a. 选择的, 选择性的
"
sneaker,"n. 鬼鬼祟祟做事的人, 卑鄙者, 帆布胶底运动鞋"
separation,"n. 分离, 分居, 缺口, 退职
"
sexually,adv. 性别地；两性之间地
shimmer,"n. 微光, 闪光
vi. 闪烁
vt. 使闪烁"
shortlist,n. <英>供最后挑选(或考虑)用的候选人名单
shovel,"n. 铲, 铁铲
v. 铲"
shrivel,"v. (使)起皱纹, (使)枯萎, (使)束手无策"
shudder,"n. 战栗, 发抖
vi. 战栗, 发抖"
shuffle,"n. 拖着脚走, 曳步, 混乱, 蒙混, 洗纸牌
v. 拖曳, 马虎地做, 笨手笨脚地穿(脱)衣, 推诿, 洗牌
"
sidewalk,n. 人行道
silt,"n. 淤泥
vt. 使淤塞
vi. 淤塞"
similarly,"adv. 相像地, 类似于"
site,"n. 位置, 场所, 地点
vt. 给...择址"
slash,"v. 猛砍, 乱砍
n. 猛砍, 乱砍, 删减
"
sledge,"n. 雪橇, 大锤
vt. 用雪橇搬运
vi. 坐雪橇"
slowdown,"n. 降低速度, 减速"
small-minded,"adj. 小气的
"
smallpox,"n. 天花
"
smoothly,"adv. 平滑地, 流畅地, 流利地"
smother,"vt. 使喘不过气, 使窒息, 闷熄, 忍住, 抑制, 覆盖
vi. 窒息, 被抑制
n. 浓烟, 窒息状态, 杂乱无章"
smudge,"n. 污点, 脏污, 熏烟
vt. 弄脏, 使模糊, 用浓烟熏
vi. 被弄脏"
sneer,"n. 冷笑, 嘲笑
vi. 嘲笑, 冷笑
vt. 嘲笑着说, 嘲笑得使"
soothe,"vt. 缓和, 使安静, 安慰, 奉承
vi. 起安慰作用"
sparing,"a. 节约的, 节制的, 吝啬的, 爱惜的, 吝惜的, 节省的, 贫乏的, 少量的"
sparse,"a. 稀疏的, 稀稀落落的, 稀薄的"
spatial,"a. 空间的, 受空间条件限制的, 占地位的
"
spotlight,"n. 照明灯, 反光灯, 聚光灯"
sprawl,"vi. 伸开手足躺, 爬行, 蔓生, 蔓延
vt. 懒散地伸开, 使蔓生, 使不规则地伸展
n. 伸开手足躺卧姿势"
squat,"n. 蹲, 窝
a. 蹲着的, 矮胖的
vi. 蹲下, 蹲坐, 蹲伏
vt. 使蹲下, 擅自占有"
squeak,"n. 吱吱声, 侥幸
vi. 吱吱叫, 告密, 侥幸成功
vt. 以短促尖声发出"
stakeholder,"n. 赌金保管者
"
stamina,"n. 精力, 活力, 耐力, 雄蕊
"
standstill,"n. 停止, 停顿
"
starch,"n. 淀粉, 浆糊, 刻板
vt. 浆硬"
stature,"n. 身材, 身高, 高度
"
stead,"n. 代替, 接替, 有利, 用处, 好处
vt. 对...有利"
stenographer,n. 速记员
sterile,"a. 不毛的, 不孕的, 无菌的, 贫瘠的, 无效的, 枯燥的
"
stifle,"vt. 使窒息, 抑止, 扼杀
vi. 窒息, 被扼杀"
stimulus,"n. 刺激, 激励, 刺激品
"
stockpile,"n. 储蓄, 积蓄, 库存
vt. 储蓄, 贮存"
stomp,"n. 跺脚
vt. 跺, 践踏
vi. 跺脚, 践踏"
stout,"a. 结实的；矮胖的；勇敢的；激烈的
n. 矮胖子；烈性啤酒"
stow,"vt. 收藏, 装填, 贮藏, 装满, 使暂留, 堆垛
"
strait,"n. 海峡, 困境
a. 困难的, 窘迫的, 狭窄的"
strand,"n. (绳索的)股, 绳, 串, 海滨, 河岸
vi. 搁浅
vt. 使搁浅, 使落后, 使陷于困境, 弄断, 搓"
stratum,"n. 层, 地层, 阶层
"
subdue,"vt. 使服从, 压制, 减弱, 抑制, 克制"
submicroscopic,"a. 亚微观的, 普通显微镜下看不出的
"
surmise,"n. 推测, 猜测
v. 推测, 臆测"
surveillance,"n. 监视, 监督
"
suspense,"n. 悬疑, 焦虑, 悬念, 悬而不决
"
suspension,"n. 悬挂, 暂停, 中止
"
sustenance,"n. 生活资料, 生计, 食物, 支持
"
swollen,"a. 肿大的, 涨水的, 夸张的, 骄傲的
swell的过去分词"
symbolize,"vt. 符号化, 用符号表现
vi. 采用象征, 使用符号"
syndicate,"n. 企业联合, 辛迪加, 财团
v. 联合成辛迪加"
tack,"n. 平头钉, 大头钉, 粗缝针脚, 行动方针, 食物
vt. 以大头针钉住, 附加"
tangible,"n. 可触知的东西, 有形资产
a. 可触摸的, 有实体的, 非相像的, 有形的, 明确的"
tardy,"a. 慢的, 迟到的, 勉强的, 拖拉的, 迟的"
teens,n. 十三岁到十九岁
temperate,"a. 温和的, 适度的, 有节制的, 温带的"
template,"n. 样板, 模板, 垫木
"
terrestrial,"n. 地球上的人
a. 地球的, 陆生的, 陆地的, 人间的"
tinge,"n. 色调, 色彩, 气味, 气息
vt. 染, 使带气息"
tonic,"n. 补药, (音乐)主调音或基音
a. 滋补的, 声调的, 使精神振作的"
tornado,"n. 旋风, 龙卷风, 大雷雨"
tort,"n. 民事侵权行为
"
tortuous,"a. 扭曲的, 弯曲的, 转弯抹角的, 欺骗的
"
tournament,"n. 比赛, 竞赛, 锦标赛, 联赛"
transcribe,"vt. 抄写, 译, 意译, 录制, 改编
"
transfusion,"n. 倾注, 输血, 输液
"
translucent,"a. 半透明的, 透明的"
traverse,"n. 越过, 横贯, 横断物, 屏障, 否认, 反驳
vt. 横过, 穿过, 经过, 详细研究, 反对, 在...来回移动
vi. 横越, 横断, 旋转, 来回移动
a. 横亘的, 横贯的"
trickle,"n. 滴, 细流
vi. 滴, 细细地流
vt. 使滴, 使小量流动
"
trigonometry,n. 三角学
trillion,"n. 大量
"
trot,"n. 快步
vi. 快步走, 小跑
vt. 使小跑, 策马小跑"
trustworthy,"a. 可信赖的
"
turtle,n. 海龟
ulcer,"n. 溃疡, 腐烂物
"
undercover,"a. 秘密从事的, 秘密的, 从事间谍活动的
"
underprivileged,"a. 贫困的, 下层社会的, 被剥夺了正当权利的, 权益较他人为少的
"
undue,"a. 不适当的, 过度的, 未到期的
"
unearth,"vt. 发掘, 掘出, 从洞中赶出, 揭露, 发现"
unilateralism,"n. 单方面政策(的实行), 单方面裁军"
upbringing,n. 教养
uplifting,"a. 令人振奋的; 使人开心的
v. 举起(uplift的现在分词)"
uranium,"n. 铀
"
vaccination,"n. 接种疫苗, 种痘
"
vaunt,"v. 自夸
n. 自吹自擂"
vendor,"n. 小贩, 卖主, 自动售货机
"
vertebrate,"n. 脊椎动物
a. 有椎骨的, 有脊椎的"
viable,"a. 能养活的, 能生长发育的
"
vibration,"n. 振动, 颤动
"
vigilance,"n. 警戒, 警觉, 失眠症
"
volatile,"a. 挥发性的, 可变的, 不稳定的, 飞行的, 轻快的, 爆炸性的
n. 有翅动物, 挥发物
"
wade,"vi. 跋涉
vt. 涉水
n. 跋涉, 浅滩"
wait-and-see,等着瞧
warranty,"n. 正当理由, 授权, 担保, 保证, 根据
"
waver,"n. 动摇, 踌躇, 挥动者
vi. 摇摆, 颤抖, 摆动, 摇曳, 犹豫"
wharf,"n. 码头
vt. 卸在码头上, 靠码头
vi. 靠码头, 入坞"
whereby,"adv. 靠什么, 如何, 为何, 靠那个, 因此, 由此
"
whirlwind,n. 旋风
wholesale,"n. 批发
a. 批发的, 大规模的
adv. 大规模, 照批发方式
vi. 经营批发业, 批发
vt. 批发"
wield,"vt. 挥舞, 运用"
wither,"vt. 使凋谢, 使消亡, 使畏缩
vi. 枯萎, 衰退"
woodcut,"n. 木刻, 木刻印版"
wrath,"n. 愤怒, 激怒, 愤怒的举动, (自然现象等)严酷"
yearn,"vi. 渴望, 想念, 怀念, 同情"
yellowish,"a. 淡黄的, 微黄的"
zest,"n. 兴趣, 热情, 风味, 热心
vt. 给...调味"
economic system,[经] 经济制度
planned economy,"计划经济
"
market economy,[经] 市场经济
market-oriented economy,"un. 市场主导型经济
"
market cycle,[经] 市场循环
market demand,[经] 市场需要
state-owned business,无
industrialization,"n. 工业化, 产业化
"
home market,[经] 国内市场
red-hot economy,无
prosperous,"a. 成功的, 繁盛的, 幸运的
"
globalization,"[计] 全球化, 普及到世界范围"
global inflation,[网络] 全球性的通货膨胀；全球通货膨胀；全球性通胀
multinational corporation,[网络] 跨国公司的
stock price,[法] 股票价格
venture investment, [财]风险投资
broker,"n. 掮客, 经纪人
"
stakeholder,"n. 赌金保管者
"
economic puppet,无
credit card,
monetary policy,"货币政策
"
competitive price,"[经] 竞争性价格, 公开招标价格"
retail price,[经] 零售价
commodity price,"[经] 商品价格, 初级产品价格"
steer the economy to a soft landing,无
devalue,"vt.vi. 降低...的价值, 贬值, 降低价值, 使(货币)贬值
"
interest rate,"利率
"
capital,"n. 首都, 大写字母, 资本
a. 首都的, 重要的"
intellectual property,
infrastructure,"n. 基础结构, 基础设施
"
treasury,"n. 国库, 宝库, 财政部, 国库券
"
patent office,
productivity,"n. 生产力
"
production,"n. 制造, 生产, 产物
"
transaction,"n. 交易, 办理, 学报, 和解协议
"
consumption,"n. 消费, 消费量, 痨病
"
subscribe to,"预订, 同意, 订阅"
commodity,"n. 农产品, 商品, 有用的物品
"
inferior article,无
qualitatively,adv. 质量上
monopoly,"n. 垄断, 专卖权, 独占事业
"
merger,"n. 合并, 归并
"
consolidation,"n. 巩固, 团结, 合并, 加强
"
incorporate,"a. 合并的, 组成公司的, 一体化的
vt. 吸收, 合并, 使组成公司, 体现
vi. 合并, 混合, 组成公司"
downscale, 缩减…规模
centralization,"n. 集中, 中央集权化
"
professionalization, 职业化; 专业化
freight,"n. 船货, 运费, 货运
vt. 装货, 使充满, 以货运运送, 租(或出租)(船等)"
shipper,"n. 托运人, 发货人
"
premium,"n. 额外补贴, 奖金, 奖赏, 保险费
"
dealership,"n. 代理权, 经销权
"
retailer,"n. 零售商人, 传播的人
"
surplus,"n. 剩余, 过剩, 盈余
a. 过剩的, 剩余的"
predominance,"n. 主导地位, 优势"
vitality,"n. 活力, 生命力
"
unexploited,"a. 未被利用的,未经开发的"
energy-intensive,能源密集型的；能源消耗量大的
commercialize,"vt. 使商业化, 使商品化, 使能营利, 在...发展商业
"
underfund,vt.对…提供资金不足
mountainous debt,[网络] 负债累累；巨大的债务
free enterprise,n. 自由企业
limited liability company,[经] 股份有限公司
bureaucratic management,无
top management,"[经] 最高管理部门, 董事会"
administration,"n. 行政, 管理, 政府机关
"
administrator,"n. 管理人, 行政官
"
shareholder,"n. 股东
"
executive director,"[经] 执行董事, 常务董事"
entrepreneur,"n. 企业家, 主办人
"
competitor,"n. 竞争者
"
consultancy,"n. 商量, 协商, 磋商, 会诊, 与...商量, 咨询, 请教, 找(医生)看病, 查阅, 考虑
"
blueprint,"n. 蓝图, 设计图, (周详的)计划
vt. 制成蓝图, 计划"
manpower,"n. 人力
"
title,"n. 头衔, 名称, 标题, 书名, 扉页, 权利, 资格, 冠军, 字幕
vt. 授予头衔, 加标题于
"
part-timer,兼职者；计时工
temporary worker, 临时工
self-employment, [财]个体劳动
opening,"n. 开始, 口子, 穴, 揭幕
a. 开始的"
negotiate,"vi. 商议, 谈判, 交涉
vt. 谈妥, 转让, 处理"
compensation,"n. 补偿, 赔偿金, 工资
"
database,"n. 数据库
"
data bit,"数据位
"
search agent,无
interactive,"a. 相互作用的, 相互影响的
"
key in,"un. 插上；键入
"
post,"n. 柱, 杆, 准星, 邮件, 邮政, 标竿, 职位, 岗位, 哨所, 兵营
vt. 张帖, 邮递, 公布, 登入帐, 使熟悉, 布置
vi. 快速行进
adv. 急速地
"
keyword,[计] 关键字
repeated visit,无
match,"n. 比赛, 火柴, 对手
vt. 使相配, 使比赛, 与...竞争
vi. 结婚, 相配
"
electronics,"n. 电子学
"
telecommunication,"n. 电讯, 远距离通讯, 无线电通讯
"
e-mail, 电子函政
teleconference,"[计] 电信会议, 远程会议"
distant conference,无
sharing of information,信息的共享
microprocessor,"n. 微处理器
"
transistor circuit,[计] 晶体管电路
semiconductor,"n. 半导体
"
electrify,"vt. 通电, 上电, 使带电, 使电气化
"
research productivity,无
evolution,"n. 进化, 发展, 进展, (气体)放出, 开方
"
evolutionary theory,进化论
natural selection,"[医] 自然选择, 自然淘汰"
submicroscopic,"a. 亚微观的, 普通显微镜下看不出的
"
biomedical,a. 生物医学
molecular biology,n. 分子生物学
epidemic,"n. 传染病, 流行病
a. 流行的, 传染性的"
cataract,"n. 大瀑布, 奔流, 暴雨, 白内障
"
shot,"n. 发射, 炮弹, 射击, 射手, 投篮, 射门, 子弹, 射程, 拍摄, 注射
vt. 装弹, 使成颗粒状
a. 杂色的, 交织着的, 渗透的, 点焊的, 破旧的
shoot的过去式和过去分词"
depressant,"a. 有镇静作用的
n. 镇静剂"
hallucinogen,"n. 迷幻剂
"
sulfuric acid,"硫酸
"
bypass,"n. 旁路
vt. 省略, 绕过, 忽视, 回避"
vaccine,"n. 牛痘苗, 疫苗
a. 疫苗的, 牛痘的"
immunize,"vt. 使免疫, 赋予免疫性"
gene,"n. 基因
"
simple sugar,
tissue,"n. 薄的织物, 薄纱, 棉纸, 组织, 一套
"
hip,"n. 臀部, 蔷薇果, 忧郁
a. 熟悉内情的
vt. 使忧郁, 给(屋顶)造屋脊
interj. 喝彩声"
nervous system,n. 神经系统
central nervous system,
surgeon,"n. 外科医生, 军医, 船医
"
physician,"n. 医师, 内科医师, 解除痛苦者
"
therapy,"n. 治疗
"
clinical,"a. 临床的, 门诊部的
"
symptom,"n. 症状, 征候, 征兆
"
physical addiction,无
psychological disorder,[网络] 心理障碍；心理混乱；心理错乱
psychological test,[法] 心理测验
mortality,"n. 必死的命运, 死亡数目, 死亡率
"
variation,"n. 变更, 变化, 变种, 变奏
"
natural phenomenon, 自然现象
drastic experiment,无
external result,无
carbon dioxide,"二氧化碳
"
photosynthesis,"n. 光合作用
"
ozone layer,[电] 臭氧层
atmosphere pressure,大气压[力]
air current,[医] 气流
water vapor,"水汽
"
saturation,"n. 饱和, 渗透, 浸透, 色饱和度
"
tidal wave,"潮汐波, 浪潮
"
hot spot,
ice cap,"n. 冰帽, 冰冠"
ice sheet,"n. 大冰原, 冰盾"
Ice Age,冰期；冰河时代
land mass,"大陆块,大片陆地"
hemisphere,"n. 半球, 地球的半面, 大脑半球
"
gravitation,"n. 引力, 重力, 沉下
"
solar system,"太阳系
"
light year,n. 光年
galaxy,"n. 银河, 星系, 一群(显赫的人物)
"
cluster,"n. 串, 丛, 群, 簇
vi. 成串, 丛生
vt. 使聚集
"
detector,"n. 发现者, 检验器, 检波器
"
space shuttle,航天飞机
space exploration,空间探索
vertical flight, [航] 垂直飞行
decibel,"n. 分贝
"
velocity,"n. 速度, 迅速
"
inertia,"n. 惯性, 惰性, 迟钝
"
parliament,"n. 国会, 议会
"
House of Commons,（英国、加拿大的）下议院
parliamentary debates,议会辩论记录文件
self-evident principle,无
verdict,"n. 裁决, 判决, 判断性意见, 定论, 结论
"
arbiter,"n. 仲裁人, 裁决者, 公断人
"
validity,"n. 有效性, 正确性
"
period terminate,无
suspension,"n. 悬挂, 暂停, 中止
"
in-house counsel,[网络] 内部法律顾问；公司律师；公司的法律顾问
citizenry,"n. 市民
"
basic right,[网络] 基本权利
privilege,"n. 特权, 特别恩典, 基本权利, 特免
vt. 给与...特权, 特免"
higher up,n. [口语][常用复数]上级，上司；长官，首长，领导；要人，头子
elitism,n. 精英主义
bureaucratic,"a. 官僚的
"
self-governing,"a. 自治的, 自制的
"
espionage,"n. 间谍活动
"
spymaster,n. 间谍组织的首脑
CIA,abbr. 中央情报局（Central Intelligence Agency）
Central Intelligence Agency,"美国中央情报局
"
civilization,"n. 文明, 教化
"
democratic society,民主社会
agricultural society,农业学会，农民团体（美国早期农民组织）
socio-economic,"adj. 社会与经济的；社经的
"
social status,社会地位
social ladder,社会阶梯
social inequality,社会不平等
underprivileged,"a. 贫困的, 下层社会的, 被剥夺了正当权利的, 权益较他人为少的
"
bottom line,"n. 概要, 账本底线"
societal changes,无
mediocrity,"n. 平常, 平庸之才"
generalist,"n. 多面手, 通才"
futurist,"n. 未来派画家, 未来主义者"
athlete,"n. 运动员, 运动选手
"
entertainer,"n. 表演娱乐节目的人, 演艺人员"
initiation ceremony,"开幕式,入党仪式"
spectator,"n. 观众, 目击者, 旁观者"
attendee,"[计] 出席人, 参加者, 被照顾者, 被服务者"
human relation,人际关系;人群关系
parading procession,游行的队伍
metropolitan,"n. 大都市居民, 都主教, 宗主国的公民
a. 大都市的, 都主教区的, 宗主国的"
uncivilized behavior,[网络] 野蛮的行为
subsequent behavior,无
traffic stream,车流
traffic jam,"塞车, 交通阻塞"
traffic regulation,"交通规则, 交通管制"
charitable organization,[法] 慈善组织
euthanasia,"n. 安乐死
"
drug addict,[法] 吸毒者
substance dependence,"物质依赖；药物依赖, 物质依赖"
withdrawal symptom,n. 断瘾症状
psychoactive,"a. 对神经起显著作用的, 对神经起特殊作用的"
deterioration,"n. 恶化, 衰退, 退化
"
a touch on the brakes,无
adolescence,"n. 青春期
"
house-proud,"adj. 关心家事的；讲究家庭摆设的
"
extended family,"n. 大家庭, 扩大的家庭（如数代同堂的家庭）"
parental permission,无
mental conversation,无
intense perceptual distortion,无
anti-intellectualism, 反智主义
aggressive patriotism,无
advocate,"n. 提倡者, 拥护者
vt. 主张, 提倡"
Utopia,"n. 乌托邦, 理想国"
transcendentalist,n. 先验论者
induction,"n. 归纳法, 感应, 就职, 入门
"
deduction,"n. 减除, 扣除, 减除额, 推论
"
humanity,"n. 人性, 人类, 博爱"
self-respect, [体]自尊
soul searching,"na. 反省
"
self-examination,"n. 自我检查
"
anthropological,"a. 人类学的, 人类学上的"
census,"n. 户口普查
vt. 实施统计调查"
demographer,n. 人口统计学家
lifespan,n. 预期生命期限；寿命；预期使用期限
aging population,老年人口
tourist trail,无
interior design,n. 内部装饰业; 室内设计
piped music, <贬>在公共场所不断播放的轻音乐
objective,"n. 目的, 目标, 宗旨, 宾格, 实物
a. 客观的, 如实的, 无偏见的, 宾格的"
impartial,"a. 公平的, 不偏不倚的
"
unbiased,"a. 没有偏见的
"
positive,"a. 肯定的, 积极的, 有把握的
"
supporting,a. 次要的；支持的；辅助性的
impressive,"a. 给人深刻印象的, 威严的"
concerned,"a. 关心的, 有关的, 参与的, 担心的"
confident,"a. 有信心的, 有把握的"
optimistic,"a. 乐观的, 乐观主义的, 乐天的"
carefree,"a. 无忧无虑的, 不负责的"
neutral,"n. 中立者, 中立国, 非彩色, 空档
a. 中立的, 中性的, 无色的"
detached,"a. 超然的, 分离的, 冷淡的
"
factual,"a. 事实的, 实际的
"
impassive,"a. 无感情的, 冷淡的, 无感觉的, 不能伤害的"
uninterested,"a. 不感兴趣的, 无利害关系的"
apathetic,"a. 缺乏感情的, 无动于衷的, 缺乏兴趣的
"
indifferent,"a. 漠不关心的, 无重要性的, 中立的
"
compromising,a. 妥协的；让步的
impersonal,"a. 客观的, 和个人无关的, 没有人情味的, 非人称的
n. 非人称动词(或代词)"
subjective,"a. 主观的, 个人的
"
critical,"a. 批评的, 决定性的, 危险的, 临界的
"
negative,"n. 否定, 否定语, 负数, 底片
a. 否定的, 消极的, 负的, 阴性的
n. 负数, 负值
"
intolerable,"a. 无法忍受的, 难耐的"
biased,"a. 有偏见的
"
disgusting,a. 令人厌恶的
doubtful,"a. 可疑的, 疑心的, 不明确的
"
worried,"a. 担心的, 闷闷不乐的"
disappointed,a. 失望的
pessimistic,"a. 悲观的, 厌世的, 悲观主义的"
gloomy,"a. 抑沉的, 忧闷的, 黑暗的, 悲观的"
hostile,"a. 敌人的, 怀敌意的, 敌对的
n. 敌对分子"
ambivalent,"a. 矛盾的, 模棱两可的
"
and,"conj. 和, 与
"
also,"adv. 也, 并且, 同样地"
moreover,"adv. 而且, 此外"
likewise,"adv. 同样地, 也"
more important, 更加重要
first,"adv. 首先, 第一, 优先
a. 第一的
num. 第一
n. 开始, 第一"
finally,"adv. 最后, 终于"
in addition to,"另外, 加之, 除…之外还"
then,"adv. 然后, 当时
conj. 然后, 当时
n. 那时"
thus,"adv. 如此, 因此, 到如此程度
"
so,"adv. 如此, 如是, 如...那样
conj. 所以, 因此
pron. 这样"
therefore,"adv. 因此, 所以"
consequently,adv. 所以
accordingly,"adv. 相应地, 因此, 于是"
but,"prep. 除了
conj. 但是
adv. 仅仅"
yet,"adv. 还, 尚, 仍然, 已经, 然而
conj. 然而"
while,"n. 一会儿, (一段)时间
conj. 当...的时候, 虽然
vt. 消磨"
however,"adv. 然而, 无论如何, 究竟怎样
conj. 然而, 可是"
nevertheless,"adv. 然而, 虽然如此
conj. 然而"
though,"adv. 然而, 可是
conj. 虽然, 纵然"
otherwise,"adv. 否则, 不同地, 别的方式"
in spite of,不管
on the contrary,"正相反
"
in contrast,"比较起来, 相反地, 而"
because,conj. 因为
because of,因为
for the reason of,无
result from,"由...产生
"
as a result,结果
to sum up,"总之, 总而言之"
in conclusion,最后
in short,"简而言之
"
in brief,"简言之, 以简洁的形式"
on the whole,"大体上, 基本上"
so that,所以
so as to,"使得, 以致"
in order to, 为了…
for this purpose, 因此; 为此
such as,"例如..., 像这种的"
for example,例如
for instance,"例如
"
in particular,特别
if,"conj. 如果, 是否, 无论何时, 假设, 即使
n. 条件
"
unless,"conj. 除非
prep. 除...之外"
in that case, 如果是那样的话
in this circumstance,无
a flash in the pan,昙花一现
a local newspaper,无
a matter of,"...左右, ...上下, 只是...的问题而已, 只需, 大约"
a number of,许多的
a rigid moral code,无
a series of,"一系列..., 一批..."
a significant issue,无
a variety of,"各种各样的..., 种种..."
a majority of,"大部分,大多数"
the majority of,大多数...
abide by, 遵守; 信守; 忠于（某人）; 接受
above all,"尤其是, 首先"
academic community,高等教育界;学术界;高等学校的全体师生员工
access to,有权使用
accord with,"与...符合, 与...一致"
according to,"根据, 按照；取决于；据…所说"
account for,对…负有责任；对…做出解释；说明……的原因；导致；（比例）占
acquaint with,"na. 把(事实)告知(某人)
"
act on,"按...行动, 作用于
"
acute crisis,无
add to,"na. 增加
"
add up to,合计达
adhere to,"执着于,坚持,粘附于,信奉…"
agree on,"就…取得一致意见,商定"
agree with,"同意…,与…意见一致;适应…"
all but,"几乎, 差一点"
all over,"全部结束, 到处, 浑身"
allegiance to,无
allow for,"虑及, 体谅"
an easy access,无
an elite athlete,无
an elite university,无
and so on,等等
and so forth,等等
and then,"于是, 然后"
and yet,可是
apart from,除了...之外
appeal to,[法] 诉诸...
arise from,"从…中产生,由…而引起"
around the world,"全世界,遍及全世界,世界各地"
around the clock,"连续一整天, 连续一昼夜, 二十四小时"
round the clock,连续一整天
arouse controversy,无
as a matter of fact,事实上
as if,"na. 彷佛；活像
"
as though,"好像, 仿佛"
as to,"根据,按照,依照;关于,至于,就…而言"
as well,也
as well as,"也, 又"
as far as,"远到, 直到, 至于"
so far as,"远至…;就…来说,在…范围内,至于"
as long as,只要...
so long as,只要
assault on,猛然袭击
at a loss,"困惑, 亏本地"
at all costs,不惜任何代价
at any rate,"无论如何, 至少"
at hand,"在手边, 在附近, 即将到来"
at intervals,"不时, 相隔一定距离"
at length,"最后, 详细地"
at present,"现在, 目前"
at random,"胡乱地, 随便地
"
at risk,"un. 担风险
"
at stake,"危如累卵, 在危险中"
at the expense of,"归...付费, 在损害...的情况下
"
at the height of,在…最盛的时候
at the mercy of,受...支配
at the start," 开始, 起初"
at the thought of,一想起
average wage,平均工资
back down,"放弃要求, 取消前言"
bargain for,"指望, 想以廉价买"
base sth. on sth.,"v. 根据
"
be addicted to,沉迷于…
be at a standstill,停顿着
be aware of,知道
be away from, 远离；从…离开; 距离
be beyond dispute,[网络] 不容争议
be bid up,无
be bound up with,与...有密切关系
be characterized by,"具有...的特性, 其特性为..."
be conscious of,意识到...
be content with,以...为满足
be dependent on,"依靠, 依赖"
be dependent upon,依靠(他人供给吃、住、钱等)，依赖；随…而定；依…而转移
be entitled to,[法] 有资格或权利...
be equivalent to,"[计] 等价的, 等效的, 等值的"
be essential to,对…必要的
be exposed to,"[计] 曝光, 曝露"
be immune to,"对...有免疫力, 可避免..., 不受...的影响"
be in debt,"na. 借着…的钱
"
be in despair,[网络] 某人处于绝望中；绝望地；陷于绝望之中
be in sympathy with,无
be in the way,妨碍
be irrelevant to, 与。。。不相干，不切题
be keen on,喜爱
be known as,被认为是
be liable for,"有...责任, 有...义务"
be liable to,"该受(罚), 应遵守..., 有...的倾向, 易于..."
be married to sb.,"和…结婚,嫁给"
be on the ropes,（登山者）用绳相互系在一起
be out of date,日久失效
be popular with,为...所喜欢
be proficient in,"熟练, 精通"
be related to,"与...有关, 和...有联系, 和...有亲戚关系"
be relevant to,与...有关
be reluctant to,"勉强…,不情愿…"
be resistant to,"抵抗...的, 对...有耐药力的"
be responsible for,"引起..., 是...的原因, 对...起作用, 构成...的一部分
"
be skeptical of,无
be skeptical about,无
be suited for,适合…
be supposed to,"应该, 被期望"
be to blame,该受责备
be tolerant of,"忍耐,容忍,对…有忍耐力"
be typical of,是...的特点
be up in the air,"na. 悬而未决；尚未决定
"
be up to,"胜任,达到,由…负责"
be willing to,愿意(做)...
beat to the punch,[网络] 先发制人；捷足先登；抢得先机
bed down,"安排(人/动物)舒服地睡觉, 使自己舒服地睡觉"
begin with,"以…开始,首先"
benefit from,从…获利
between jobs,[网络] 失业；待业中；工作之间
bid for,"要求,争取,投标,出价竞买"
boast about,自夸
boot up, [计]引导，启动
brand new,"崭新的,全新的"
break away,"突然离开, 脱离, 放弃"
break away from,"摆脱,脱离"
break down,"v. 分解；抛锚；分析；划分
"
bring about,"na. 造成；带来；【航】(使船)回转
"
bring in,"na. 生产；生(利)；收获(农作物等)；挣得(报酬等)
"
bring out,"na. 公布；说出；出版；上演
"
build up,"树立, 增进, 增大, 堵塞
"
burn down,"烧成平地, 火力减弱
"
by contrast,"对比起来, 与之相比, 相反地"
by far,显然
by hand,用手
by means of,依靠
by nature,天生地
by oneself,"单独, 独自"
call for,"叫(某人)来, 要求, 为...叫喊, 为...叫"
call forth,"引起, 使产生, 使起作用"
call on,"号召, 呼吁, 约请, 访问"
call upon," 号召, 拜访; 省视"
call up,"na. 传；动员；打电话给；【电讯】呼唤
"
carry on,"继续开展, 行为愚蠢(或越轨)
"
carry out,"na. 实行；开展；完成
"
cast aside,"na. 抛弃
"
cast light on,"使显得非常清楚, 阐明, 使人了解"
shed light on,"为...提供线索, 对...透露情况, 使...清楚地显出, 阐明..."
throw light on,"照亮,阐明,使理解,启迪"
cast light upon,阐明;使人理解某事;使某事更为清楚 [亦作 shed (或 throw a flood of) light on (或 upon)]
shed light upon,vt. 阐明
throw light upon,阐明;使人理解某事;使某事更为清楚 [亦作 shed (或 throw a flood of) light on (或 upon)]
catch a glimpse of,瞥见
cater to,迎合
charge sb. with,"na. 托付；使负…的罪名；使受…的责备
"
civil servant,n. 文职人员; 公务员; 公仆; 联合国等机构的行政人员
click on, 点击鼠标
cling to,"依附, 依靠, 坚持"
come in handy,派得上用场
come into existence,"开始存在, 成立"
come into use,开始被使用
come off,"发生, 举行, 表现, 结果"
come to,"谈到, 被...继承, 苏醒, 停止"
come up with,"赶上, 提出"
comment on,评论
compare with,"比较…,跟…相比,比得上…"
compare ... to, 把…比作， 喻为; 与…相比
compatible with, [医]adj.相容的，一致的
compensate for,赔偿
compete with,与…竞争
complain about,抱怨
concentrate on,"集中, 全神贯注于"
conclude from,从…中得出; 推断
consist of,由...组成
contrary to,与…相反
contribute to,捐献
cope with,"与...竞争, 应付, 处理"
core values,[网络] 核心价值观；公司核心价值观；金地核心价值观
count on,"依靠, 指望"
couple sb. with sb., 与…连接在一起
couple sth. with sb., 与…连接在一起
couple sb. with sth., 与…连接在一起
couple sth. with sth., 与…连接在一起
crack down," 采取严厉措施, 制裁; 打击"
crack down on,"制裁, 镇压"
creative expression,创造性表达(如绘画、工艺等表现)
cut across,抄近路通过
cut corners,抄近路
cut in,"na. 突然插入；(汽车)超车；抢去别人的舞伴；在电话里窃听
"
cut off,"na. 削除；截止；截断(退路等)；割下来
"
date back to,"始于,可以追溯到…"
deal with,"安排, 处理, 涉及, 做生意"
decline in,在…方面逐渐衰弱(或败落)
decorate ... with,"v. 装饰以
"
dedicate ... to,献身
deliberate practice,无
delicate situation,无
dependence on,[网络] 依赖；依靠；信赖
deprive ... of,"un. 剥夺
"
derive from,"得自, 由来, 衍生"
designate ... as,把…称为；指定，定为；选派；任命；指定
detach from,使从…分离(或分开、脱离、拆开)
die out,"熄灭, 平息, 消失"
distinguish A between B,无
distract one's attention,无
do without,没有...也可以
drag sb. down,"na. 挣工资；赚(钱)
"
drag sth. down,"na. 挣工资；赚(钱)
"
draw up,"na. 写出；正容；整(队)；拉起(鱼网等)
"
dream up,"na. 凭空想出；凭空捏造出
"
dress up,"na. 乔装；装扮；为…打扮；盛装打扮
"
drive away," 驱车离开; 把…驱开, 赶走; 祛"
drop out,"掉出, 退出, 离队
"
due to,"由于, 应归于"
earn one's living,"谋生, 维持生活"
easy game,"容易捕获的猎物,容易受骗的人,轻信的人"
echo with,(指某处)回荡(某声音)
economic crisis,[经] 经济危机
eligible for,适宜于；有…的资格的，合格的
eliminate from,从…排除
embark on,"从事, 着手"
embark upon,"开始,从事,着手"
emerge from,从…出现
eminent scholar,无
encounter with,偶然遇见，偶然碰到(朋友等)；遭逢(敌人等)；遭遇(危险等)；与…冲突
end up with,〈非正〉以…结束
engage in,"使从事于, 参加"
enroll in,"登记,报名参加"
enthusiasm for,"热爱…,热心于"
flu epidemic,无
even if,即使
even though,"虽然, 尽管"
ever since,从那时到现在
evident in,无
except for,"除...以外
"
exclude ... from,[网络] 把…排斥于…之外；把……排除在外；同上但是使用档案
exempt from,"v. 使…免除
"
extract ... from,从…中提取
fail to, 未能…
fair play,"公平比赛, 公平条件
"
fall off,"从...跌下, 下降, 减少, 衰退, 离开"
fall short of,"没有达到标准, 不够, 不足"
fall victim to, 成为…的牺牲品
far from,"远离, 远非"
fierce competition, 竞争激烈
figure out,"合计为, 计算出, 明白"
fill in,"na. 填充；填写；同“fill”
"
fill out,"填写, 使长大, 变大, 使长胖, 使完备"
financial assistance,[网络] 财政资助；经济援助；经济资助
find fault with,"挑剔,指责,对…吹毛求疵"
first impression,[医] 第一印模
flesh out,"na. 充实；使…具体化
"
focus on, 致力于; 使聚焦于; 对（某事或做某事）予以注意; 把…作为兴趣中心
for example,例如
for one thing,首先
for sure,确实
for the most part,在极大程度上
for the sake of,"为...缘故, 为...起见, 为了某人, 为...目的, 为了...的利益"
for the time being,暂时
formal education,正规教育
from the bottom up,从下到上
from time to time,有时
gain control over,无
get control over,无
have control over,能控制...
gain an advantage over,"胜过,优于"
have an advantage over,"胜过,比…优越"
gain profit,"获得利益,利润"
make profit,利
gender inequality,性别不平等
get around to, 设法找到足够的时间去做（某事）; 说服
get round to, 设法找到足够的时间去做（某事）; 说服
get going,"na. 采取行动；出去；使某人发怒
"
get in,"na. 进入；收(庄稼)；收集(税收,捐款等)；插入
"
get into,[网络] 到达什么地方；这个错误可能使他陷入困境
give birth to,产生
give off,"na. 发散(水蒸气等)
"
give place to,"让位于, 被...所替代"
give priority to,"给…以优先权,优先考虑…"
give rise to,"引起, 使发生"
go by,"走过, 依照, 顺便走访"
go into action,"投入战斗, 行动起来"
go into,"进入, 加入, 探究, 变得, 进入...状态
"
go over,"转变, 仔细检查, 润色, 复习"
go through,"经历, 经受, 仔细检查, 搜查, 参加, 履行, 被通过, 用完"
go up,"上升, 兴建"
graduate from,从...毕业
grip on,[网络] 握住
grow out of,"长得与...不相称, 因长大而丢弃"
hand in,"na. 交进
"
handful of,无
hardly ... when,一…就…
hardly ... before,一…就…
have an effect on,(对…)有影响〔产生效果〕
have no effect on, 没有影响
have faith in,"na. 相信
"
have influence on,[网络] 对某物施加影响；对……产生影响；有影响
head for,"出发, 动身, 前往"
hint at,暗示
historical prejudice,无
hold back,"na. 阻止；踌躇；隐瞒；抑制
"
hold up,"举起, 支撑, 继续下去, 阻挡, 拦截
"
if anything,如果(稍)有区别的话
if only,只要
impose ... on,"v. 强迫；欺骗
"
in a row,"成一长行, 连续, 一连串"
in addition to,"另外, 加之, 除…之外还"
in addition,另外
in and out,"进进出出, 弯弯曲曲"
in any case,无论如何
in brief,"简言之, 以简洁的形式"
in broad daylight,"在大白天, 公开地"
in case,万一
in combination with,与...结合
in common,共有
in comparison with,与...比较
in conflict, 有矛盾; 不一致
in conjunction with,与...协力
in consequence,结果
in contrast with,"与...形成对照, 而..."
in contrast to,"与...形成对照, 而..."
in detail,详细地
in effect,"有效
"
in high spirit,无
in keeping with,"与...一致
"
in no time,立刻
in other words,换句话说
in part,部分地
in particular,特别
in proportion,"按实际重要性, 合乎情理地"
in proportion to,与...成比例
in question,"正被讨论, 可怀疑
"
in response to,"回答..., 响应..., 对...有反应
"
in search of,寻找
in short,"简而言之
"
in spite of,不管
in terms of,"用...的话, 根据, 按照, 在...方面
"
in the case of,在...的情况
in the course of,"在...期间
"
in the form of,以…形式
in the shape of,以...的形式
in the grip of,在…的支配下；受…控制
in the interest of,"为了, 为了...的利益"
in the least,丝毫
in the long run,"长远, 最后"
in the matter of,"就...而论
"
in the past,在过去
in the short term,短期内
in the long term,长远地
in the wake,紧跟，尾随；伴随而来；紧紧跟在…的后面；效仿；【海洋学】追随着前船的航迹(船驶过后留在水面的余迹)，跟在前船后面；随着…而来，作为…的结果
in the world,在世界上
in theory, 理论上
in turn,"na. 挨次
"
in face of,"面对,在…面前;不顾,即使"
in the face of,面对
in relation to,"关于, 涉及"
with relation to,"关于, 涉及, 有关"
incur criticism,无
interfere in,"干预,干涉,介入"
involve sb. in, 使参与[陷入，牵扯到]; 婵媛
keep secret,"na. 保守(某事)秘密
"
keep ... secret,"na. 保守(某事)秘密
"
keep a hold on,无
keep away from,(使)远离，(使)不接近；(使)不在
keep down,"na. 压住；压服；【印】用小活字排印；缩减
"
keep in mind,"na. 记在心里；记住；注意
"
keep one's eyes open,"注意, 留心"
keep one's ears open,留心听
keep track of,了解
keep up,"na. 支持；保持；继续；停歇
"
keep abreast of,保持与...并列
be abreast of,保持与...并列
keep abreast with,(使)保持与…并列; 了解…的最新情况
be abreast with,(使)保持与…并列; 了解…的最新情况
knock down,"na. 打倒；拆除；拆卸；(拍卖时)敲槌卖出
"
know of,"知道,了解,听说过…"
know about,"知道,了解,听说过…"
last hurrah,最后的努力
lead up to,"带到, 导致, 作为...的准备"
lean on,靠着
lean towards,"朝…倾斜,倾向于…"
learn about,"学习,听说,得悉,了解"
leave behind,"na. 遗留；留下；追过；留在后头
"
legitimate purpose,无
legitimate right,[法] 合法权利
let alone,"na. 任随；更不用说；放任；莫说…(连)
"
let in,"na. 放入；嵌入；陷入…；〈俚〉欺骗
"
let off,"na. 放(枪,花炮等)；说出(俏皮话等)；宽恕
"
level off,"平整, 变平, 稳定"
lie in,"在于..., 分娩, 睡懒觉"
linger on,"停留,存留,逗留,拖延"
live off,"以...为食料, 靠...生活"
live with, 与…一起生活; 与（异性）同居; 学会去适应; 接受并忍受
log in,[计] 注册
look back,"回顾, 三心二意
"
look back on,"回头看,回顾,追忆"
lump together,把…合在一起(考虑)
make a complaint,抱怨
make an effort,作出努力
make every effort,尽一切努力
make certain,确定
make compromises,妥协
make no difference,没有影响
make nothing of,"弄不懂, 不以...为意"
make sense,有意义
make sure of,(把…)查明，(把…)弄清楚；一定要做到，务必要做到；确信，有把握
make sure that,"查明, 弄确实, 弄清楚, 保证, 设法一定做到, 务必, 如此安排"
make up,"na. 弥补；起草；定；签订
"
mass transport system,无
massive attention,无
medical practitioner,[医] 医师
meet with,"偶遇, 遭受"
minimum wage,[经] 最低工资
minority language,少数民族语言
monetary policy,"货币政策
"
move away, 离开; 搬到别处去住; 改变（见解）; 挪开
move forward, 前进
move up,"向前移动, 上升
"
negative effect,n. 负面影响; 负效应
negative influence,消极作用
neglect of,疏忽
no doubt,无疑地
no matter how,不管如何
no matter what, 无论如何，不管怎样
no matter when,无论何时；不管何时
no more than,na. 某乙也不
nothing but,只
now and then,偶尔
obstacle to,[网络] 纪念碑；障碍；的障碍
occur to,…发生在; 被想起〔到〕
of no account,不重要的
on average, 平均起来
on the average, 平均而言; 一般来说;  通常; 平均来讲
on an average,"作为平均数, 通常"
on behalf of,"代表...
"
on hand,"na. 现有；〈美〉出席；〈美〉在近处
"
on paper,"以书面形式, 在名义上"
on short notice,一俟通知(马上就...)
on the contrary,"正相反
"
on the road,"在旅途中, 在...过程中"
on the side,"作为兼职, 另外"
on the spot,"当场, 立即, 在危险中, 处境尴尬
"
on the surface,表面上
on the whole,"大体上, 基本上"
once for all,"只此一次, 一劳永逸地, 彻底地"
once and for all,"一次了结地, 一劳永逸地, 彻底地, 永远地, 最后一次"
only if ...,只要...就
only when, 只有当; 除非
original purpose,无
originate from,发源于
other than,"不同于, 除了"
out of hand,"无法控制, 脱手, 告终, 立即"
out of style,"过时,不时兴,不时髦"
over time,[计] 超时
owe to,"v. 由于；把…归功于
"
package deal,"一揽子交易
"
part and parcel of sth.,"不可缺少的一部分,…的重要部分,…的组成部分"
part with," 失去, 卖掉[付出]…, 与…分开; 割舍"
pass away,"去世, 停止, 离去, 消逝"
pass on,"na. “pass away”的变体；递；传达；通过
"
patriotism ideology,无
pave the way for,为...铺平道路
persist in,"坚持, 固执于"
pick up,"v. 拾起；探出；重新开始
"
pin down,na. 强迫(人)承认
play a role in,在...起作用
play with,"和…一起玩耍,漫不经心地摆弄,玩弄"
plough through,"驶过,穿过,乘风破浪"
point of view,"观点
"
point out,"na. 指出
"
pose a challenge, 挑战，提出某种挑战
pose a threat to,成为...的威胁
pour into,[化] 注入
pour out,"v. 倾吐；诉说
"
prejudice against,使对…抱有偏见
preparation for, [法]犯罪预备
primary language,主要语言
prior to,"在前, 居先
"
pursuit of,无
push aside,"v. 推开
"
push away, 继续推; 推开
put aside,"na. “set aside”的变体
"
put down to,[网络] 归因于；说…因而起；归因为
put forward,"na. 提出(计划,意见等)；建议；促进；推举(候补人等)
"
put sth. into effect,"使生效, 执行...
"
bring sth. into effect,"实现, 实施"
put to use,"使用, 利用"
racial discrimination,[法] 种族歧视
radical viewpoint,无
raise suspicion,无
range from A to B,无
rare bird,"n. 稀有的人或物, 珍品; 珍禽"
rather than,与其...不如...
ready for, 准备好干某事; 准备供（某人、事）用的; 准备应付; 对付
recruit volunteers,无
refer to,"v. 查阅；提到
"
refer to ... as,"v. 提交；归类；称谓
"
reflect on,"深思, 反省, 导致, 招致非议"
regardless of,"不注意, 不关心"
respond to,"答复,响应,对…作出反应"
rest on,"被搁在, 停留在, 信赖"
rest upon, 依赖于，取决于，依靠
result in,"导致
"
retreat from,"放弃, 退出"
return to,回复到...
root in,来源于
root ... in,来源于
run dry,[化] 在干燥的情况下操作
run for,竞选
run out,"na. 耗尽；用光；过有效期；失效
"
run over,"跑过去, 溢出, 超过限度, 扼要复述, 匆匆看, 辗过
"
rush through,"匆忙做完,草草完成;掠过"
saturate ... with,使饱和
scale back,vt. 按比例缩减，相应缩减
scale down,按比例减少；按比例缩小
see to,"负责, 注意"
send out,"na. “send forth”的变体
"
serve as,"被用作..., 充当..., 起...的作用"
set off,"na. 分；分割；划开；区划
"
severe criticism,无
sharp criticism,无
show off,"炫耀, 卖弄, 使显眼"
show up,"na. 显眼；揭发；嘲笑；露面
"
shut up,"关闭, 监禁, 住口, 保藏"
side with,"同意, 站在...的一边"
single currency,(不同国家使用的)单一货币
single out, 挑选; 抉
sink in,"完全被弄懂, 渗入, 透入"
skilled at,无
slacken off, 松懈下来; 变迟缓; 松驰; 减弱
snatch at,抓取
soak up,"v. 吸取
"
social conflict, 社会冲突
social environment,[计] 社会环境
speculate about,思考关于…
speculate on,"考虑, 推测"
speed up,"加速
"
splash out,"溅出;随意花钱,大肆挥霍"
spread over,"na. 〈英〉(根据特殊需要而作的)部分工时调整
"
stand for,"代表, 代替, 象征, 支持, 担任...的候选人
"
start with,从...开始
stay away from,不在，外出；走开；不接近，不打扰；避开
step up,"v. 加紧；走上前；登上；增加
"
stick to,粘住
stick with, 继续做; 跟着…; 插满
straight up,"真的,确实"
stumble on,"无意中发现,偶然找到"
stumble upon,偶然发现
stumble across,偶然发现
subject to,"v. 处于…中；使服从
"
subscribe to,"预订, 同意, 订阅"
substitute for,"代替…,替换…,取代…"
suffer from,"忍受, 遭受
"
survival of the fittest,n. 适者生存
survival rate,成活率
swear to,断言
take advantage of,"v. 利用
 欺骗, 占…的便宜"
take effect,"见效, 生效
"
take in,"na. 加以考虑；〔美国〕访问；收进；收容
"
take into account,"na. 考虑
"
take into consideration,"v. 顾及
"
take its toll,"造成损失,造成伤亡"
take on,"na. 担任(工作等)；较量；装(某种样子)；呈现(形势)
"
take on oneself,承担
take upon oneself,"na. 负担；毅然
"
take over,"na. 接管；继承
"
take pains,"尽力, 耐心"
take part in,"参与, 参加
"
take root,"生根, 扎根"
take to,"na. 嗜好；开始；参加；逃入
"
take turns,"轮流, 依次"
take up,"na. 拿起；举起；拾起；给搭(火车等)
"
take a nap,"小睡,打盹,午睡"
get a nap,无
have a nap,"打盹,小睡片刻"
take ... to heart, 以。。。为重
lay ... to heart,牢记
that is,(作插入语)那就是
i.e.,"suf. [构成名词] 表示：小,小而可爱：beautie; 属于...类型的人(或物), 有...性质的人(或物)：bookie; 与...有关的人(或物)：townie"
the local culture,无
the prime objective,无
there and then,"当时当地, 当场就"
think highly of,"认为…很了不起,对…评价很高,非常看重"
think poorly of,"低估, 评价低"
think of ... as,把...看作
time zone,时区
to begin with,首先
to start with,"作为开始, 首先"
touch on,"与...有关, 涉及..., 提到..., 提及, 谈及"
treat to,[网络] 款待；招待；请客
tune in,收听
tune in to sth., 调谐，收听；收到
turn around,"na. 转身；〈美〉使向好的方向转变
"
turn back,"na. 同“turn down ”
"
turn off,"v. 关掉
"
turn out,"v. 证明；原来；到场
"
turn the corner,"拐弯, 转危为安"
view ... as ...,"把...看作..., 认为...是..."
virtual currency, 虚拟货币
vote for,"[法] 赞成, 投票赞成, 选举"
warm up,"na. 加热；变暖；热中起来；【运】作准备动作
"
watch over,"监督, 保护, 照管
"
win over,"na. 争取过来
"
wish for,"盼望, 企求"
with respect to,"关于..., 至于...
"
with regard to,关于
in regard to,"关于
"
work up,"na. 刺激；煽动；刻苦完成；展开(故事的情节)
"
zeal for,热心
