rubbish,"n. 废物, 垃圾, 胡说"
take out the rubbish,无
fold,"n. 折层, 折, 羊栏, 折痕, 信徒
vt. 折叠, 包, 合拢, 交迭
vi. 折叠起来, 彻底失败
"
sweep,"n. 扫除, 打扫, 肃清, 视野, 范围, 全胜
vt. 扫除, 掸去, 猛拉, 扫荡, 肃清, 冲走, 刮起, 环视, 掠过, 扫射
vi. 扫, 打扫, 袭击, 席卷, 扫视, 掠过"
floor,"n. 地板, 楼层, 底部, 底价
vt. 铺地板, 打倒
n. 地面, 地板, 基底
"
mess,"n. 食堂, 伙食, 用膳, 一份食品, 混乱, 乱七八糟, 困境
vt. 将...弄糟, 妨碍, 使紊乱, 使就餐
vi. 陷入困境, 搞乱, 用膳"
throw,"vt. 投, 掷, 抛, 发射, 摔下, 匆匆穿上(或脱下), 抛弃, 摆脱
vi. 丢, 掷, 抛
n. 投掷, 掷骰子, 冒险"
all the time,始终
neither,"adv. 皆不, 两个都不
a. (两者)都不的
pron. 两者都不
conj. 既非, 既不"
shirt,"n. 衬衫, 内衣, 汗衫"
as soon as,一...就
pass,"n. 经过, 要隘, 途径, 通行, 护照, 及格
vt. 经过, 越过, 通过, 批准, 度过, 传递, 忽略
vi. 经过, 变化, 流通, 及格, 宣判, 终止, 消逝, 被忽略, 不叫牌, 传递
"
borrow,"vt. 借, 借入, 借用
vi. 借
"
lend,"vt. 借, 贷款给, 增添, 提供, 出租
vi. 贷款"
finger,"n. 手指, 指状物, (手套的)手指部分, 指针
v. 用手指拨弄, 伸出
"
hate,"n. 憎恨, 恨, 厌恶
vt. 憎恨, 憎恶
vi. 仇恨"
chore,"n. 零工, 家务
"
while,"n. 一会儿, (一段)时间
conj. 当...的时候, 虽然
vt. 消磨"
snack,"n. 小吃, 点心, 快餐
vi. 吃零食, 吃快餐"
stress,"n. 压力, 紧迫, 强调, 重音, 重点, 应力
vt. 加压力于, 着重, 重读"
waste,"n. 浪费, 废物, 损耗, 消耗, 荒地, 垃圾, 地面风化物
a. 废弃的, 荒芜的, 多余的
vt. 浪费, 消耗, 使荒芜
vi. 浪费, 消耗, 变消瘦"
in order to, 为了…
provide,"vt. 提供, 供应, 规定, 预备
vi. 作准备, 抚养, 规定"
anyway,"adv. 无论如何, 至少"
depend,"vi. 靠, 视...而定, 信赖"
depend on,"依靠, 依赖"
develop,"vt. 发展, 使发达, 进步, 洗印, 显影
vi. 发展, 生长"
independence,"n. 独立, 自立, 自主
"
fairness,"n. 晴朗, 光明正大, 美丽
"
since,"prep. 自...以后, 自...以来
adv. 自那时以后
conj. 既然, 自...以后, 自...以来"
neighbor,"n. 邻居
vt. 邻接
vi. 毗邻而居, 友好
a. 邻近的"
take care of,"照顾
"
ill,"n. 疾病, 坏事, 罪恶, 灾难
a. 生病的, 邪恶的, 不吉利的, 敌意的, 不良的, 不顺利的
adv. 有害地, 不幸地, 几乎不"
drop,"n. 滴, 微量, 落下, 空投
vi. 放下, 掉下, 下降
vt. 使滴下, 放下, 丢失, 遗漏
"
independent,"n. 独立自主者, 无党派者
a. 独立的, 有主见的, 不须依赖的, 不受约束的"
fair,"n. 展览会, 市集, 美好的事物
a. 公平的, 按规则进行的, 不好不坏的, 晴朗的, 美丽的
adv. 公平地, 正面地, 有教养地, 清楚地
vi. 转晴"
unfair,"a. 不公平的, 不正直的, 不正当的
"
Sandy,"a. 沙的, 沙地的, 多沙的"
allow,"vt. 允许, 同意给予, 承认
vi. 容许, 猜想
"
wrong,"a. 错误的, 不正当的, 失常的
adv. 错误地"
What's wrong?,怎么了
midnight,"n. 午夜, 子夜, 半夜
a. 午夜的, 半夜的"
look through,"看穿, 审核, 浏览, 透过...看去, 从...中显露"
guess,"n. 猜测, 臆测
v. 猜测, 臆测"
deal,"n. 交易, 协定, 数量, 买卖, 松木板
vi. 处理, 应付, 做生意
vt. 分配, 发牌, 给予
"
big deal,"n. [美国俚语]名人, 要人, 要员, 大人物; [轻蔑语, 常用作反语, 表示不赞同]了不起的事, 极其重大的事"
work out,"v. 作出；拟定；制定；计划一下
"
get on with, 继续（干某事）; 和…友好相处
relation,"n. 关系, 联系, 叙述, 故事, 家属, 亲戚
"
communication,"n. 交流, 交通, 通讯
"
argue,"vi. 提出理由, 争论, 辩论
vt. 主张, 辩论, 证明, 说服"
cloud,"n. 云, 阴暗, 烟雾, 疑团
vt. 以云遮敝, 笼罩, 使黯然
vi. 乌云密布, 阴沉"
elder,"n. 年长者, 老人, 前辈
a. 年长的, 资深的"
instead,"adv. 作为替代, 反而"
whatever,pron. 无论什么
nervous,"a. 神经紧张的, 不安的, 神经的
"
offer,"n. 给予(物), 出价, 提议, 意图, 报价
vt. 提供, 出价, 奉献, 试图, 使出现, 演出
vi. 出现, 献祭, 提议, 求婚"
proper,"a. 适当的, 固有的, 高尚的, 专属的
adv. 完全地, 彻底地"
secondly,"adv. 第二, 其次"
communicate,"vt. 显露, 传达, 感染
vi. 通讯"
explain,"v. 解释, 说明"
clear,"a. 清楚的, 明确的, 澄清的
adv. 清晰地
vt. 澄清, 清除障碍
vi. 放晴, 变清澈
n. 空隙
"
copy,"n. 副本, 摹仿, 一册
v. 复印, 抄袭, 复制
"
return,"n. 回来, 返回, 来回票, 归还, 报答, 利润率, 报告书
a. 返回的, 回程的, 报答的, 反向的, 重现的, 复原的
vi. 返回, 归还, 回来
vt. 归还, 还, 回报, 产生, 反射, 报告, 申报, 退回
"
anymore,"adv. 再也不, 不再"
member,"n. 成员, 会员
"
pressure,"n. 压, 榨, 按, 强制, 压力, 压迫, 压强
vt. 迫使, 使增压, 密封"
compete,"vi. 竞争, 对抗"
opinion,"n. 意见, 评价, 主张
"
skill,"n. 技术, 技巧, 技能, 熟练, 熟练工人
"
typical,"a. 典型的, 象征性的
"
football,"n. 足球, 橄榄球"
cut out,"na. 割掉；除去；剪下；开辟
"
quick,"a. 快的, 迅速的, 敏捷的, 灵敏的, 急速的
adv. 快
n. 新长出的肉, 要害, 核心, 感觉敏锐部位"
continue,"vi. 继续, 延续, 延长
vt. 使继续, 使延长"
compare,"vt. 比较, 比喻, 对照
vi. 相比
n. 比较
"
compare ... with,"比较…,跟…相比,比得上…"
crazy,"a. 发狂的, 狂热的"
push,"n. 推, 推动, 奋斗, 攻击, 进取心
vt. 推, 推动, 使伸出, 推行, 逼迫, 增加
vi. 推, 推进, 增加, 努力争取"
development,"n. 发展
"
cause,"n. 原因, 目标
vt. 引起, 使产生, 使遭受"
usual,"a. 平常的, 通常的"
in one's opinion,"na. 据某人意见
"
perhaps,"adv. 也许, 大概"
Cathy,n. 凯茜（女子名）
Taylor,n. 泰勒
rainstorm,n. 雨暴
alarm,"n. 惊恐, 警报, 警钟
vt. 使惊恐, 警告
"
go off,"离开, 去世, 消失, 爆炸, 被发射, 变质, 进行, 睡去, 卖掉"
begin,"v. 开始
"
heavily,"adv. 很重地, 严重地, 难以忍受地"
suddenly,"adv. 突然, 意外, 忽然, 迅速, 即席作成, 即刻, 急速"
pick up,"v. 拾起；探出；重新开始
"
pick up the phone,[网络] 拿起电话；接电话；接起电话
strange,"a. 奇怪的, 陌生的, 生疏的, 不熟悉的, 不可思议的, 外行的, 外地的, 异乡的"
storm,"n. 暴风雨, 骚动, 风波, 风暴, 猛攻
vi. 起风, 猛冲, 怒吼
vt. 猛攻"
wind,"n. 风, 气息, 气味, 呼吸, 风声, 趋势, 空谈, 卷绕, 弯曲
vt. 使通风, 嗅出, 使喘气, 吹号角, 上发条, 缠绕, 包, 绞起, 吊起, 使弯曲, 使迂回
vi. 嗅出猎物, 吹响号角, 卷曲, 蜿蜒, 迂回, 缠绕"
light,"n. 光, 光亮, 灯, 日光, 发光体, 光源, 杰出人物, 火花, 眼光
a. 轻的, 少量的, 轻微的, 轻快的, 轻浮的, 明亮的, 淡色的, 容易的
vt. 点燃, 照亮
vi. 点着, 变亮, 突降, 偶然碰到
adv. 轻地"
report,"n. 报告, 报道, 传说, 案情报告, 爆炸声, 成绩单
vt. 报告, 汇报, 转述, 报道, 揭发, 使报到
vi. 报告, 写报道, 报到
"
area,"n. 区域, 面积, 范围, 空地
"
wood,"n. 木材, 木制品
vt. 植林于, 给...添加木柴
vi. 收集木材"
window,"n. 窗户, 窗子, 窗口
vt. 给...开窗
"
flashlight,"n. 手电筒, 闪光信号灯"
match,"n. 比赛, 火柴, 对手
vt. 使相配, 使比赛, 与...竞争
vi. 结婚, 相配
"
beat,"n. 心跳(声), 打, 敲打声, 拍子
v. 打, 拍打, 打败
a. 疲乏的, 颓废的
beat的过去式
"
against,"prep. 反对, 对着, 倚靠"
asleep,"a. 睡着的, 长眠的, 麻木的
adv. 熟睡地"
fall asleep,"入睡, 长眠, 懈怠, 静止不动"
die down,"枯萎, 凋谢"
rise,"n. 上升, 增加, 上涨, 高地, 升高, 出现
vi. 升起, 起身, 起立, 上升, 上涨, 增长, 高耸, 起义, 浮现
vt. 使飞起"
fallen,"a. 堕落的, 落下来的, 陷落的
fall的过去分词"
apart,"adv. 成零碎, 成距离, 分别地, 分离着
a. 分离的"
have a look, 看一看
icy,"a. 冰的, 冰冷的, 冷淡的, 滑溜的"
kid,"n. 小山羊, 小山羊肉, 小孩, 欺骗
a. 小山羊皮制的
v. 哄骗, 嘲弄"
realize,"vt. 了解, 实现, 使显得逼真, 变卖
vi. 变卖"
make one's way,"前进, 行进, 成功, 发迹"
passage,"n. 通道, 通过, 移居, 航行, 一段, 走廊
vi. 通过, 经过, 航行, 横渡, 争吵
vt. (使)马以斜横步前进, 使传代"
pupil,"n. 学生, 门生, 未成年人, 瞳孔
"
completely,"adv. 完全地, 十分地, 圆满地"
shocked,a. 震撼的；震惊的
silence,"n. 沉默, 无声, 静寂, 湮没, 无声息
vt. 使缄默
interj. 安静"
in silence,沉默着
recently,adv. 最近
take down,"na. 扯下；卷起；记下；卸下
"
terrorist,"n. 恐怖分子
"
date,"n. 日期, 约会, 枣椰树
vt. 约会, 定日期
vi. 注明日期, 过时"
tower,"n. 塔, 高楼, 堡垒
vi. 高耸, 翱翔"
at first,起先
truth,"n. 事实, 实情
"
Allen,n. 艾伦（男子名）
Martin,[网络] 马丁；李家诚；最后一句话可以换掉
Alabama,n. 亚拉巴马州
Animal Helpline,无
World Trade Center,"n. 【旅】世界贸易中心
"
shoot,"n. 射击, 狩猎, 芽, 射伤, 发射, 发芽, 急流, 推力, 摄影, 急送, 滑运道, 浪费
vt. 射击, 射中, 损毁, 拍摄, 喷出, 投射, 挥出, 飞速行进, 挥霍, 给...注射
vi. 射出, 射击, 发出, 拍电影, 射门, 发芽"
stone,"n. 石头, 宝石, 果核, 纪念碑, 结石
vt. 投扔石子, 铺石头
a. 石的, 石制的, 完全的"
weak,"a. 不牢固的, 弱的, 虚弱的, 软弱的, 无力的, 无权力的, (论据等)不充分的
"
god,"n. 上帝, 神像, 偶像
vt. 使神化"
remind,"vt. 提醒, 使想起"
bit,"n. 少量, 马嚼子, 辅币
vt. 给马上嚼子, 控制
bite的过去式和过去分词
"
a little bit,"有点,些许"
silly,"a. 愚蠢的, 糊涂的"
instead of,代替
turn ... into,[网络] 了解
object,"n. 物体, 目标, 目的, 对象, 宾语, 客体
vi. 反对, 抱反感
vt. 提出...来反对
"
hide,"n. 兽皮, 迹象, 躲藏处
vt. 藏, 隐瞒, 遮避, 剥...的皮, 隐藏
vi. 躲藏
"
tail,"n. 尾部, 后部, 辫子, 随员, 特务, 燕尾服, 踪迹, 限定继承(权)
a. 在后面的, 从后面而来的, 限定继承的, 尾部的, 后部的
vt. 为...装尾, 附于其后, 尾随, 使搭牢, 跟踪, 监视
vi. 跟踪, 船尾搁浅"
magic,"n. 魔术, 魔法
a. 魔术的, 有魔力的, 不可思议的"
stick,"n. 棍, 棒, 刺, 枯枝, 茎, 条状物
vt. 插进, 刺入, 钉住, 伸出, 粘贴, 停止
vi. 粘住, 停留, 坚持, 陷住, 伸出"
excite,"vt. 刺激, 使兴奋, 激励"
Western,"n. 西方人, 西部片, 西部小说
a. 向西方的, 来自西方的, 西方的, 西洋的, 西部的"
once upon, 京城往事（电影名）
stepsister,n. 异父(母)姊妹
prince,"n. 王子, 亲王, 国君, 贵族, 诸侯, 有权势的大人物"
fall in love, 陷入爱河（歌名）; [电影]追爱总动员
fit,"n. 适宜, 合身, 发作, 痉挛
a. 适宜的, 对的, 准备好的
vt. 适合, 安装, 使合身, 使适应, 使合格
vi. 适合, 符合, 合身
"
couple,"n. 对, 夫妇, 数个
vt. 使成双, 连接, 使成婚, 把...联系起来
vi. 结合, 成婚"
smile,"n. 微笑, 喜色, 笑容
vi. 微笑, 觉得好笑
vt. 微笑着表示"
marry,"vt. 与...结婚, 娶, 嫁
vi. 结婚"
get married, 结婚; 结亲; 成家立室
gold,"n. 黄金, 钱财, 金块, 金色, 宝贵
a. 金的, 似金的, 金色的, 金制的"
emperor,"n. 皇帝, 君主"
silk,"n. 丝, 绸, 绸锻类, 丝织品
a. 丝的, 丝织的"
underwear,n. 内衣
nobody,"n. 小人物, 无名小卒
pron. 无人, 没有人"
stupid,"a. 愚蠢的, 麻木的"
cheat,"n. 欺骗, 作弊, 骗子
v. 欺骗, 逃脱, 骗取"
stepmother,n. 继母
wife,"n. 妻子, 太太, 夫人
"
husband,"n. 丈夫, 管理人, 节俭的人
vt. 节俭, 使成丈夫, 持有"
whole,"n. 全部, 全体, 整体, 完全之体系
a. 所有的, 完整的, 完全的, 纯粹的"
scene,"n. 场, 情景, 镜头, 发生地点, 道具, 布景, 景色
"
moonlight,"n. 月光
a. 有月光的, 月夜的"
shine,"n. 光泽, 阳光
vt. 使发光
vi. 照耀, 发光, 发亮"
bright,"a. 明亮的, 聪明的, 鲜明的, 欢快的
adv. 明亮地, 欢快地"
ground,"n. 土地, 战场, 场地, 地面, 范围
a. 土地的, 地面上的
vt. 放在地上, 使搁浅, 打基础, 给...以训练
vi. 搁浅, 落地, 根据, 基于
a. 磨过的
grind的过去式和过去分词"
lead,"n. 铅, 铅条, 领导, 超前量, 领引, 榜样, 主角, 导线
vt. 引导, 带领, 领导, 指挥, 致使, 加铅于, 用铅包
vi. 领导, 带头, 导致, 用测深锤测深, 被铅覆盖
a. 带头的, 最重要的"
voice,"n. 声音, 嗓音, 嗓子, 愿望, 发言权, 表达, 喉舌, 语态
vt. 表达, 吐露, 调音"
brave,"a. 勇敢的, 美好的, 华丽的
n. 勇敢者
vt. 勇敢地面对"
Claudia,n. 克劳迪娅（女子名）
Journey to the West,n. 西游记，作者吴承恩
the Monkey King, [电影]大闹天宫
Sleeping Beauty,睡美人
Cinderella,n. 灰姑娘
Little Red Riding Hood,[网络] 小红帽；小红帽的故事；小红帽·格林童话
Hansel and Gretel,[网络] 汉斯和格莱泰；糖果屋；奇幻森林历险记
square,"n. 正方形, 街区, 广场, 平方, 直角尺
a. 正方形的, 正直的, 公正的, 平方的, 方正的, 结清的
adv. 成直角地, 对准地
vi. 一致, 符合, 结清
vt. 使成方形, 使平方自乘, 调正, 结清, 使一致"
meter,"n. 米, 公尺, 仪表, 计量器
vt. 以仪表计量"
deep,"a. 深的
adv. 深入地
n. 深渊, 深处"
desert,"n. 沙漠, 应得的赏罚, 功劳
a. 沙漠的, 不毛的
vt. 放弃, 遗弃, 擅离
vi. 逃掉"
population,"n. 人口, 人口数
"
Asia,n. 亚洲
feel free,"感到自由, 无拘束; 〈非正〉随自己之意(做某事)"
tour,"n. 旅游, 观光旅行, 任期
vi. 旅行, 周游, 巡回
vt. 周游, 观光, 游历, 使巡回演出"
tourist,"n. 观光客, 旅行者
a. 旅游的"
wall,"n. 墙, 墙壁, 垣, 内壁, 分界物, 屏障
a. 墙的
vt. 给...建墙, 禁闭, 用墙围住
"
amazing,a. 令人惊异的
ancient,"a. 古代的, 古老的, 年老的, 旧的"
protect,"vt. 防卫, 保护, 警戒
"
wide,"a. 宽的, 广阔的, 普遍的, 宽阔的, 广泛的, 一般的
adv. 广阔地, 遍及各处地, 广泛地
n. 大千世界"
as far as I know,就我所知
man-made,人造的
achievement,"n. 完成, 成就, 功业"
southwestern,"a. 西南的, 向西南的, 来自西南的, 西南部的"
thick,"a. 厚的, 粗壮的, 浓的, 迟钝的, 浑浊的, 多雾的, 过分的, 口齿不清的
adv. 厚地, 密地, 浓浓地
n. 最浓处, 最厚处, 最密集处
"
include,"vt. 包括, 把...算入, 包住
"
freezing,"a. 冰冻的, 冷冻用的, 严寒的
"
condition,"n. 情况, 条件
vt. 使健康, 以...为条件, 决定, 使适应
"
take in,"na. 加以考虑；〔美国〕访问；收进；收容
"
succeed,"vi. 成功, 继承, 继续
vt. 继承, 接替"
challenge,"n. 挑战, 盘问
vt. 向...挑战, 要求, 怀疑
vi. 挑战, 对(证据等)表示异议"
in the face of,面对
achieve,"vt. 完成, 达到
vi. 如愿以偿"
force,"n. 力量, 武力, 势力, 影响力, 军队, 力, 效力
vt. 强迫, 强夺, 推动, 提高
"
nature,"n. 自然, 大自然, 本性, 性格, 性质
"
even though,"虽然, 尽管"
even if,即使
ocean,"n. 海洋, 广阔, 许多, 一大片
"
the Pacific Ocean, 太平洋
cm,
centimeter,"n. 厘米
"
centimetre,"n. 厘米, 公分"
weigh,"vt. 称...重量, 衡量, 把...压弯, 考虑, 权衡, 起锚
vi. 称分量, 有意义, 重压, 起锚
n. 过秤, 称分量"
birth,"n. 出生, 起源
"
at birth,在出生时
up to,"从事于(坏事), 忙于, 胜任, 能做, 适合, 适于"
adult,"n. 成人, 成虫
a. 成年的, 成熟的"
bamboo,"n. 竹子
"
endangered,a. 有生命危险的；濒临灭绝的
research,"n. 研究, 调查, 考察
vi. 研究, 调查"
keeper,"n. 监护人, 管理人, 看守人
"
awake,"a. 醒着的
vt. 唤醒, 唤起, 使意识到
vi. 醒来, 被唤起, 意识到"
excitement,"n. 刺激, 兴奋
"
walk into,"痛斥, 不慎陷入"
fall over, 被…绊倒; 意外地从…上跌落; 落在…之外; 迫不及待做某事
or so,"大约, 或许, ...左右"
illness,"n. 疾病, 恶意
"
wild,"n. 荒野, 荒地
a. 野性的, 野蛮的, 野生的, 失控的, 任性的, 杂乱的, 轻率的, 狂热的, 疯狂的
adv. 狂暴地, 失控地"
government,"n. 政府, 内阁
"
whale,"n. 鲸
vi. 捕鲸
vt. 使惨败, 猛揍"
oil,"n. 油, 石油, 油画颜料
vt. 涂油于, 使融化成油状, 加油于
vi. 加燃油, 融化"
protection,"n. 保护, 防卫, 贸易保护制度
"
huge,"a. 极大的, 巨大的, 无限的"
Tenzing Norgay,[网络] 诺盖；诺尔盖；丹增诺盖
Edmund Hillary,埃德蒙·希拉里 (人名)
Junko Tabei,无
Qomolangma,[网络] 珠穆朗玛峰；西藏珠穆朗玛峰；珠峰
the Nile, 尼罗河
the Caspian Sea,[网络] 里海；沿著里海
the Sahara,无
the Yangtze River,"na. 长江
"
the Yellow River, 黄河
the Ming Dynasty,无
the Ming Great Wall,无
the Himalayas,n. 喜马拉雅山脉
the Amazon River,无
Chengdu Research Base,无
treasure,"n. 宝物, 财富
vt. 珍爱, 重视, 秘藏"
island,"n. 岛, 岛屿, 孤立地区, 安全岛
vt. 使成岛状, 孤立"
full of, 充满; 牣; 尽是
classic,"n. 古典作品, 杰作, 大艺术家
a. 第一流的, 最优秀的, 古典的"
page,"n. 页, 记录, 事件, 专栏, 男侍
vt. 标明...的页数, 翻...的书页, 分页排版, 呼叫, 侍候
vi. 翻书页, 侍侯
"
hurry,"n. 匆忙, 急忙, 急促
vt. 急派, 催促
vi. 匆忙, 赶快"
hurry up,"赶快, 匆匆完成"
due,"n. 应得的东西, 应付款
a. 到期的, 应得的, 应付的, 约定的"
ship,"n. 船, 舰
vt. 以船运送, 装船, 运送
vi. 上船, 乘船"
tool,"n. 工具, 机床, 傀儡
vt. 用工具加工
vi. 使用工具"
gun,"n. 枪
"
mark,"n. 标志, 分数, 马克, 痕迹, 斑点, 靶子, 刻度, 记号, 符号, 戳记, 标准, 起跑线
vt. 做标记于, 留意, 打分数, 表明, 标志, 记录
vi. 作记号, 记得分
"
sand,"n. 沙, 沙子, 沙滩, 光阴, 生涯
vt. 撒沙, 以沙掩盖"
cannibal,"n. 食人者, 吃同类的动物
a. 食同类的, 吃人肉的"
towards,"prep. 向, 对于, 为了"
land,"n. 陆地, 地面, 地界, 地产, 国土, 土地
vi. 登陆, 登岸, 到达
vt. 使上岸, 使登陆, 使到达
"
fiction,"n. 小说, 虚构故事
"
science fiction," 科幻, 科学幻想小说; 科幻小说"
technology,"n. 技术, 工业技术, 术语
"
French,"n. 法国人, 法文, 法式
a. 法国的, 法国人的, 法语的"
pop,"n. 砰然声, 枪击, 含气饮料, 流行音乐, 通俗艺术
a. 流行的, 热门的, 通俗的
vt. 使发出爆裂声, 开枪打, 突然伸出
vi. 发出爆裂声, 射击, 突然出现, 瞪大
adv. 突然, 砰地
"
rock,"n. 岩石, 岩礁, 石头, 基石, 暗礁, 摇动, 摇滚乐
vt. 摇摆, 摇动, 使摇晃, 使动摇
vi. 摇, 摇动"
band,"n. 带子, 队, 乐队
v. 联合, 结合
"
country music,n. 乡村音乐
country,"n. 国家, 乡村, 地区, 故乡
a. 乡下的, 农村的
"
forever,adv. 永远
abroad,"adv. 往国外, 到室外, 到处
a. 往国外的, 在室外的, 广泛四散的"
actually,"adv. 事实上, 竟然, 如今, 现在"
ever since,从那时到现在
fan,"n. 风扇, 迷, 狂热者, 爱好者
vt. 煽动, 刺激, 吹拂
vi. 飘动, 成扇形散开"
southern,"n. 南方人, 男风
a. 向南方的, 来自南方的"
modern,"n. 现代人, 有思想的人
a. 现代的, 时髦的"
success,"n. 成功, 成就, 胜利"
belong,"vi. 属于, 合适"
one another,彼此
laughter,"n. 笑, 笑声
"
beauty,"n. 美, 美人"
million,"n. 百万, 无数
num. 百万"
record,"n. 记录, 履历, 档案, 审判记录, 最高纪录, 唱片
vt. 记录, 记载, 标明, 将...录音
vi. 记录, 录音, 可被录音
a. 创纪录的
"
introduce,"vt. 介绍, 引入, 采用, 输入
"
line,"n. 列, 线, 绳, 电线, 线路, 路线, 航线, 作业线, 界线, 战线, 外形, 排, 家系
vt. 排成一行, 顺...排列, 划线于, 加衬里, 使有线条, 使起皱纹
vi. 排队
"
Alex,[计] 开放网络文件系统
Garth Brooks,无
The Beatles,甲壳虫乐队（又名披头士）
Treasure Island,"金银岛（一电影名, 书名）"
Alice in Wonderland,n. 爱丽丝奇境记
Little Women,小妇人（美国作家露依莎·奥尔柯特的作品）
Oliver Twist,雾都孤儿（书名）
Robinson Crusoe,"n. 鲁宾逊漂流记, 鲁宾逊"
Tom Sawyer,"汤姆历险记, 汤姆·索亚历险记；汤姆·索亚"
Harry Potter,哈利·波特（著名系列小说《哈利·波特》中的主人公）
Nashville,n. 那什维尔（美国田纳西州首府）
Tennessee,n. 田纳西州
Country Music Hall of Fame Museum,无
amusement,"n. 兴味, 娱乐, 消遣
"
amusement park,公共游乐场
somewhere,"adv. 到某处, 在某处"
camera,"n. 照相机, 摄影机, 密谈室, 暗箱
"
invention,"n. 发明, 创作能力, 虚构的故事
"
invent,"vt. 发明, 创作, 虚构
"
unbelievable,a. 难以置信的
progress,"n. 进步, 发展, 前进
vi. 进步, 进行"
rapid,"a. 迅速的, 飞快的, 急促的, 陡的
n. 急流"
unusual,"a. 不寻常的, 罕见的, 与众不同的"
toilet,"n. 厕所, 梳妆
vi. 梳妆, 打扮, 上厕所
vt. 给...梳妆打扮"
encourage,"vt. 鼓励, 支持, 激励
"
social,"a. 社会的, 群居的, 社交的
n. 联欢会"
peaceful,"a. 平静的, 和平的, 和平时期的, 爱好和平的, 喜爱安静的
"
tea art,无
performance,"n. 施行, 工作情况, 成绩, 行为, 表现, 演出
"
perfect,"n. 完成时
a. 完美的, 完好的, 理想的, 熟练的, 精确的, 完成式的
vt. 使完美, 修改, 使精通, 改善, 使熟练"
tea set,n. 茶具
itself,"pron. 它本身, 它自己"
collect,"v. 收集, 聚集, 集中, 搜集
a. 由收到者付款的
adv. 由收到者付款地"
a couple of,"一对..., 三两个..."
German,"n. 德国人, 德语
a. 德国的, 德国人的, 德国语的, 同父母的"
theme,"n. 主题, 话题, 题目"
ride,"n. 骑马, 乘坐, 乘车, 搭便车
vt. 骑, 乘坐, 压迫, 控制
vi. 骑马, 乘车, 漂游"
province,"n. 省, 地方, 职权, 领域
"
thousand,"num. 千
a. 成千的, 许多的
n. 许许多多"
thousands of,"成千上万,数千,许许多多"
on the one hand ... on the other hand ..., 一方面…，另一方面…
safe,"n. 保险箱, 冷藏室
a. 安全的, 可靠的, 平安的, 稳健的, 有把握的"
simply,"adv. 简单地, 只是, 简直, 简朴地, 坦白地"
fear,"n. 恐怖, 害怕, 担心
v. 害怕, 恐惧, 为...担心, 敬畏"
whether,"conj. 是否, 不论
pron. 两个中的哪一个"
Indian,"n. 印度人, 印第安人, 印第安语
a. 印度的, 印度群岛的, 印第安语的"
Japanese,"n. 日本人, 日语
a. 日本的, 日语的"
fox,"n. 狐狸, 狡猾的人
vi. 奸狡地行动, (书页)生斑, 变酸
vt. 欺骗, 使变酸, 为(鞋等)换面, 使生黄斑"
all year round,一年到头，终年；全年地，整年地
equator,"n. 赤道
"
whenever,"conj. 每当
adv. 不论何时, 每逢"
spring,"n. 春天, 弹簧, 跳跃, 弹性, 活力, 泉, 源泉
a. 春天的
vi. 跳, 弹跳, 涌出, 生长, 裂开, 高耸
vt. 使跳起, 使爆炸, 突然提出"
mostly,"adv. 大概, 大部分, 主要
"
location,"n. 位置, 场所, 特定区域
"
National Science Museum,[网络] 国家科学博物馆；国家自然博物馆；国立科学博物馆
International Museum of Toilets,无
Hangzhou National Tea Museum,无
Donald Duck,唐老鸭
Disneyland,n. 迪斯尼乐园
Disney Cruise,无
the Terracotta Army,无
the Bird's Nest,无
Singapore,n. 新加坡
Southeast Asia,[网络] 东南亚；东南亚州酒店；东南亚村
Night Safari,无
yard,"n. 码, 庭院, 工场
"
yard sale,旧家具旧衣物的拍卖
sweet,"n. 甜蜜, 糖果, 情人
a. 甜的, 芳香的, 悦耳的, 漂亮的, 和蔼的, 不咸的, 灵活的, 轻快的"
memory,"n. 记忆, 记忆力, 回忆, 纪念, 存储
n. 内存
"
cent,"n. 分
"
toy,"n. 玩具, 小玩艺儿, 小型的东西, 消遣
a. 供玩耍的, 作为玩具的
vi. 玩弄, 戏弄, 调情"
bear,"n. 熊
vt. 忍受, 支承, 产生, 怀有, 通过卖空使跌价
vi. 忍受, 结果实, 压挤, 行进, 转向"
maker,"n. 制造者, 上帝
"
bread maker,n. 制面包机
scarf,"n. 围巾, 头巾, 领带, 领巾, 嵌接
vt. 用围巾围, 嵌接"
soft,"a. 软的, 温和的, 柔和的, 柔滑的, 温柔的, 软弱的, 坡度小的, 笨的, 纸币的
n. 柔软的东西, 笨人, 纸币
adv. 柔软地, 温和地"
soft toy,n. 软体类玩具；毛绒玩具
check,"n. 检查, 支票, 阻止物, 寄物牌, 象棋中将军
vt. 检查, 阻止, 核对, 寄存, 托运
vi. 逐项相符, 开支票
"
check out,"na. 开支票(提款)；(旅馆)付账后离开；及格；〔美俚〕死
"
board,"n. 木板, 甲板, 膳食, 会议桌
vt. 乘船, 供膳食, 用板覆盖
vi. 搭伙
"
board game,n. 用棋盘玩的游戏
junior,"n. 年少者, 地位较低者, 大学三年级学生
a. 年少的, 下级的, 后进的"
junior high school,初中
clear,"a. 清楚的, 明确的, 澄清的
adv. 清晰地
vt. 澄清, 清除障碍
vi. 放晴, 变清澈
n. 空隙
"
clear out,"na. 清空；腾空；清理；〈非正式〉匆忙离开
"
bedroom,n. 卧室
no longer,不再
own,"n. 自己的
a. 自己的, 嫡亲的, 同胞的
vt. 拥有, 支配, 自认, 承认, 顺从于
vi. 承认, 供认"
railway,"n. 铁路, 轨道
"
part,"n. 部分, 局部, 零件, 要素, 等分, 职责, 角色, 部位
vt. 分开, 分离, 断绝, 区别, 分配
vi. 分开, 断裂, 分手
a. 部分的, 局部的
adv. 部分地, 有些"
part with," 失去, 卖掉[付出]…, 与…分开; 割舍"
certain,"a. 确定的, 某一个的, 必然的
"
as for,至于
honest,"a. 诚实的, 坦直的, 可靠的"
to be honest,"老实说,说实在的"
while,"n. 一会儿, (一段)时间
conj. 当...的时候, 虽然
vt. 消磨"
truthful,"a. 说真话的, 诚实的, 真实的, 如实的
"
hometown,"n. 故乡, 家乡"
nowadays,"n. 现在, 现时, 当今
adv. 时下, 现今"
search,"n. 搜寻, 查究
v. 搜寻, 搜查, 探求, 调查, 搜索
"
among,prep. 在...之中
crayon,"n. 蜡笔, 蜡笔画
vt. 以蜡笔作画"
shame,"n. 羞耻, 羞愧, 耻辱
vt. 使羞愧, 侮辱"
regard,"n. 关心, 注意, 尊敬, 关系, 问候
vt. 视为, 注意, 考虑, 和...有关, 看待
vi. 注视, 注意"
count,"vt. 计算, 视为
vi. 计数
n. 计算, 合计, 计数, 伯爵
"
century,"n. 世纪, 百年"
according,"a. 相符的, 根据...而定的
adv. 相应地"
opposite,"a. 相对的, 相反的, 对面的
prep. 对面
n. 对立面"
especially,"adv. 尤其, 特别, 格外"
childhood,"n. 孩童时期
"
consider,"v. 考虑, 思考, 认为"
close to,"接近于, 靠近于"
hold,"n. 把握, 把持力, 柄, 控制, 掌握, 监禁
vt. 保存, 握住, 拿住, 占据, 持有, 拥有
vi. 支持, 持续, 有效
n. 保留
"
